date,category,node_count,inflow,outflow,within_sector_exposure,cross_sector_inflow,cross_sector_outflow,activity,log_activity,net_inflow,exposure_shift_ratio,contraction_score,network_degree,network_pressure,connection_concentration,forecast_date,target_contraction_next_week,contraction_lag_1,contraction_lag_2,contraction_lag_3,contraction_lag_4,sample
2020-03-23,Asset Management,0,0.0,0.0,0.0,0.0,0.0,0.0,0.0,0.0,,,0,,,2020-03-30,0.0025266424731473,,,,,training
2020-03-30,Asset Management,4,4255269.109700002,4276826.665270002,4255269.109700002,0.0,21557.55556999985,8532095.774970002,15.959345701098128,-21557.55556999985,-0.0025266424731473,0.0025266424731473,1,-0.5649907359247787,1.0,2020-04-06,0.0001386695480531,0.0025266424731473,,,,training
2020-04-06,Asset Management,4,7679036.222539999,7681166.214869998,7679036.222539999,0.0,2129.9923299998045,15360202.437409995,16.547290530219136,-2129.9923299998045,-0.0001386695480531,0.0001386695480531,1,-0.6088699054226214,1.0,2020-04-13,-0.0004931710424127,0.0001386695480531,0.0025266424731473,,,training
2020-04-13,Asset Management,4,26565731.97524,26539541.99192,26539530.2837,26201.691539999098,11.70822000131011,53105273.96716,17.787786821526087,26189.983319997787,0.0004931710424127,-0.0004931710424127,2,-0.45983208207337384,0.9991070986115154,2020-04-20,3.877076830679146e-05,-0.0004931710424127,0.0001386695480531,0.0025266424731473,,training
2020-04-20,Asset Management,4,113025555.79594,113034320.31102002,113025555.79594,0.0,8764.51508000493,226059876.10696003,19.23631046509653,-8764.51508000493,-3.877076830679146e-05,3.877076830679146e-05,2,-0.27473092006596844,0.9997718924655263,2020-04-27,7.144349241965898e-05,3.877076830679146e-05,-0.0004931710424127,0.0001386695480531,0.0025266424731473,training
2020-04-27,Asset Management,4,192230746.4383,192258215.67255,192223856.04178,6890.396519988775,34359.630769997835,384488962.11085,19.76742564197484,-27469.23425000906,-7.144349241965898e-05,7.144349241965898e-05,2,-0.8492636844606067,0.7217249827398948,2020-05-04,0.0001812166399752,7.144349241965898e-05,3.877076830679146e-05,-0.0004931710424127,0.0001386695480531,training
2020-05-04,Asset Management,4,57877709.62197995,57898690.23214995,57876578.893399954,1130.7285799980164,22111.33874999732,115776399.85412993,18.56717131005603,-20980.6101699993,-0.0001812166399752,0.0001812166399752,2,-0.49962882580481394,0.9074334893023492,2020-05-11,8.494064082922475e-05,0.0001812166399752,7.144349241965898e-05,3.877076830679146e-05,-0.0004931710424127,training
2020-05-11,Asset Management,4,60226270.026700005,60236502.211770006,60225914.64932001,355.3773799985647,10587.562449999154,120462772.23847002,18.606851327384163,-10232.185070000589,-8.494064082922475e-05,8.494064082922475e-05,2,-0.8911261571902265,0.9439545123012303,2020-05-18,9.195448464188872e-05,8.494064082922475e-05,0.0001812166399752,7.144349241965898e-05,3.877076830679146e-05,training
2020-05-18,Asset Management,4,199463000.59797,199499687.0063,199406343.7292,56656.86877000332,93343.2770999968,398962687.60427,19.80437845821159,-36686.40832999349,-9.195448464188872e-05,9.195448464188872e-05,3,-0.011469759719180211,0.46069437739410535,2020-05-25,0.001467752425789,9.195448464188872e-05,8.494064082922475e-05,0.0001812166399752,7.144349241965898e-05,training
2020-05-25,Asset Management,4,126773622.44724004,127146314.04999006,126773622.44724004,0.0,372691.60275000334,253919936.4972301,19.35252956859092,-372691.60275000334,-0.001467752425789,0.001467752425789,3,0.14373298950732138,0.6956575832671588,2020-06-01,0.0016389424216053,0.001467752425789,9.195448464188872e-05,8.494064082922475e-05,0.0001812166399752,training
2020-06-01,Asset Management,4,103016930.09893002,103355162.07543002,102643285.78640002,373644.312529996,711876.2890300006,206372092.17436004,19.14519137494176,-338231.97650000453,-0.0016389424216053,0.0016389424216053,3,-0.23983400995572857,0.507375788731208,2020-06-08,-0.0016754535966944,0.0016389424216053,0.001467752425789,9.195448464188872e-05,8.494064082922475e-05,training
2020-06-08,Asset Management,4,19805916.585300025,19739659.807100024,19736397.429880023,69519.1554200016,3262.377220001072,39545576.39240005,17.492964422724246,66256.77820000052,0.0016754535966944,-0.0016754535966944,3,-0.13665382297650971,0.5743438784768289,2020-06-15,0.0195471705260356,-0.0016754535966944,0.0016389424216053,0.001467752425789,9.195448464188872e-05,training
2020-06-15,Asset Management,4,13879491.086029986,14432918.585889986,13779725.439859986,99765.6461699996,653193.1460299995,28312409.67191997,17.158810806126876,-553427.4998599999,-0.0195471705260356,0.0195471705260356,3,0.21395269015515977,0.4138165618313462,2020-06-22,0.0520456441577484,0.0195471705260356,-0.0016754535966944,0.0016389424216053,0.001467752425789,training
2020-06-22,Asset Management,5,36950840.68132001,41008272.96923001,36470194.28692001,480646.3944000006,4538078.68231,77959113.65055002,18.17169507608135,-4057432.28791,-0.0520456441577484,0.0520456441577484,3,-0.7019977137230233,0.8228364996531522,2020-06-29,0.0046354959847067,0.0520456441577484,0.0195471705260356,-0.0016754535966944,0.0016389424216053,training
2020-06-29,Asset Management,5,46574581.77949,47008385.24738,46522047.54442,52534.23506999761,486337.7029599994,93582967.02687,18.354358959365197,-433803.4678900018,-0.0046354959847067,0.0046354959847067,3,-0.3240031154214395,0.5910788171609979,2020-07-06,0.0202968394724062,0.0046354959847067,0.0520456441577484,0.0195471705260356,-0.0016754535966944,training
2020-07-06,Asset Management,5,26720398.15373997,27827549.08233997,26662644.11413997,57754.039599999785,1164904.968199998,54547947.236079946,17.814590656998494,-1107150.9285999984,-0.0202968394724062,0.0202968394724062,3,-0.5559933227959026,0.8934307592018625,2020-07-13,-0.0045413756495841,0.0202968394724062,0.0046354959847067,0.0520456441577484,0.0195471705260356,training
2020-07-13,Asset Management,6,10411105.60483002,10316971.61966002,10316971.61966002,94133.9851699993,0.0,20728077.22449004,16.8469997750731,94133.9851699993,0.0045413756495841,-0.0045413756495841,3,-0.13762859707542546,0.38583538702673015,2020-07-20,0.0340131343104588,-0.0045413756495841,0.0202968394724062,0.0046354959847067,0.0520456441577484,training
2020-07-20,Asset Management,6,46569174.72062999,49848647.04216999,46567516.85523999,1657.8653900027275,3281130.186930001,96417821.76279998,18.384201625923478,-3279472.321539998,-0.0340131343104588,0.0340131343104588,3,-0.7323166728433675,0.990913507484938,2020-07-27,0.0142339139297251,0.0340131343104588,-0.0045413756495841,0.0202968394724062,0.0046354959847067,training
2020-07-27,Asset Management,7,35157833.32546001,36173152.437330015,34473332.79526001,684500.5301999971,1699819.6420700029,71330985.76279002,18.0828413879282,-1015319.1118700056,-0.0142339139297251,0.0142339139297251,3,-0.6499225442957556,0.9753781160079908,2020-08-03,0.0190878397054868,0.0142339139297251,0.0340131343104588,-0.0045413756495841,0.0202968394724062,training
2020-08-03,Asset Management,9,32396457.886140045,33657281.067230046,31091871.738840044,1304586.1473000012,2565409.3283900023,66053738.953370094,18.005979210393477,-1260823.181090001,-0.0190878397054868,0.0190878397054868,3,-0.0964650180015615,0.9302111166445584,2020-08-10,-0.0125639030793945,0.0190878397054868,0.0142339139297251,0.0340131343104588,-0.0045413756495841,training
2020-08-10,Asset Management,9,111090641.24461997,108333813.65994996,108162000.30693996,2928640.937680006,171813.3530099988,219424454.90456992,19.206518566797453,2756827.584670007,0.0125639030793945,-0.0125639030793945,3,-0.7236923302902253,0.9049396198076914,2020-08-17,0.142832480668437,-0.0125639030793945,0.0190878397054868,0.0142339139297251,0.0340131343104588,training
2020-08-17,Asset Management,9,17185874.08460002,22913345.02254002,17184099.92720002,1774.1574000008404,5729245.095340002,40099219.10714004,17.506867443387918,-5727470.9379400015,-0.142832480668437,0.142832480668437,3,-0.6873231511078952,0.9218840467911201,2020-08-24,0.0816800485500354,0.142832480668437,-0.0125639030793945,0.0190878397054868,0.0142339139297251,training
2020-08-24,Asset Management,9,50365888.85754998,59325485.653099984,49712625.62625998,653263.2312899977,9612860.02684,109691374.51064996,18.513181303291116,-8959596.795550004,-0.0816800485500354,0.0816800485500354,3,-0.7500489875050621,0.8842448615981263,2020-08-31,-0.0386041448496856,0.0816800485500354,0.142832480668437,-0.0125639030793945,0.0190878397054868,training
2020-08-31,Asset Management,10,58038048.53860001,53723586.20242001,49941493.36162001,8096555.176980004,3782092.840800002,111761634.74102002,18.53187890899968,4314462.3361800015,0.0386041448496856,-0.0386041448496856,3,-0.25702616177153004,0.8626799674706,2020-09-07,0.0378234246521012,-0.0386041448496856,0.0816800485500354,0.142832480668437,-0.0125639030793945,training
2020-09-07,Asset Management,11,41814183.95291999,45101637.99545999,37887665.11423999,3926518.838679999,7213972.881219998,86915821.94837998,18.280450655920497,-3287454.042539999,-0.0378234246521012,0.0378234246521012,3,-0.05454792452218261,0.9927402376385981,2020-09-14,-0.1846507714731246,0.0378234246521012,-0.0386041448496856,0.0816800485500354,0.142832480668437,training
2020-09-14,Asset Management,15,39756599.31156998,27362926.997659985,26309164.427919984,13447434.883649996,1053762.569740001,67119526.30922997,18.02198557762569,12393672.313909996,0.1846507714731246,-0.1846507714731246,4,-0.572464347624498,0.9015394000664584,2020-09-21,-0.8194233955171069,-0.1846507714731246,0.0378234246521012,-0.0386041448496856,0.0816800485500354,training
2020-09-21,Asset Management,18,339671779.89645,33712206.187680006,31718521.59582001,307953258.30063,1993684.5918599963,373383986.08413,19.73811790407128,305959573.70877,0.8194233955171069,-0.8194233955171069,4,0.6251687684209397,0.968338562100494,2020-09-28,0.8239566791327663,-0.8194233955171069,-0.1846507714731246,0.0378234246521012,-0.0386041448496856,training
2020-09-28,Asset Management,20,8268909.436590008,85672847.57930002,4214955.759880006,4053953.676710002,81457891.81942001,93941757.01589005,18.358185552629976,-77403938.14271,-0.8239566791327663,0.8239566791327663,4,-0.11810502108040698,0.909432172514389,2020-10-05,0.7076555702351601,0.8239566791327663,-0.8194233955171069,-0.1846507714731246,0.0378234246521012,training
2020-10-05,Asset Management,21,53831401.15593002,314442427.07628006,51188057.01810002,2643344.1378299966,263254370.05818003,368273828.2322101,19.724337320601663,-260611025.92035004,-0.7076555702351601,0.7076555702351601,4,-0.05617611093947904,0.9614558468755326,2020-10-12,0.2241357743166967,0.7076555702351601,0.8239566791327663,-0.8194233955171069,-0.1846507714731246,training
2020-10-12,Asset Management,22,26735320.51973001,42182203.022960015,22102477.66196001,4632842.857770003,20079725.36100001,68917523.54269002,18.04842105114217,-15446882.503230006,-0.2241357743166967,0.2241357743166967,4,-0.07207909298657528,0.655868313279154,2020-10-19,0.0291172383198186,0.2241357743166967,0.7076555702351601,0.8239566791327663,-0.8194233955171069,training
2020-10-19,Asset Management,22,302037404.05547,320153896.43229,298394565.24478,3642838.8106899858,21759331.187510014,622191300.4877601,20.24875816207898,-18116492.376820028,-0.0291172383198186,0.0291172383198186,4,0.29837085189199164,0.7957292839514717,2020-10-26,0.0328111719048109,0.0291172383198186,0.2241357743166967,0.7076555702351601,0.8239566791327663,training
2020-10-26,Asset Management,23,469070026.6831901,500895740.20225006,467651389.1080401,1418637.575150013,33244351.09420997,969965766.88544,20.69277133799921,-31825713.51905996,-0.0328111719048109,0.0328111719048109,4,-0.31693437144691483,0.6259431000842225,2020-11-02,-0.0637076877399838,0.0328111719048109,0.0291172383198186,0.2241357743166967,0.7076555702351601,training
2020-11-02,Asset Management,25,394458696.1794601,347208776.42770004,336881873.2085,57576822.97096002,10326903.219200017,741667472.6071601,20.424411551905568,47249919.751760006,0.0637076877399838,-0.0637076877399838,4,0.6828807156079124,0.5721213983984023,2020-11-09,0.0326255134467219,-0.0637076877399838,0.0328111719048109,0.0291172383198186,0.2241357743166967,training
2020-11-09,Asset Management,26,89381981.65650994,95410945.79596992,80200112.60405993,9181869.05245,15210833.19191,184792927.45247987,19.034746450489912,-6028964.139459997,-0.0326255134467219,0.0326255134467219,4,0.40047712447243533,0.40395346475093913,2020-11-16,-0.0108544986067868,0.0326255134467219,-0.0637076877399838,0.0328111719048109,0.0291172383198186,training
2020-11-16,Asset Management,30,911100179.4180698,891533494.7136599,888536928.9452798,22563250.472790003,2996565.768380046,1802633674.1317296,21.312514585334327,19566684.70440996,0.0108544986067868,-0.0108544986067868,4,0.1464887139512349,0.6402383162312708,2020-11-23,0.0045059660641651,-0.0108544986067868,0.0326255134467219,-0.0637076877399838,0.0328111719048109,training
2020-11-23,Asset Management,29,448937462.82423,453001569.49581,445716041.985,3221420.839230001,7285527.510810018,901939032.32004,20.620057485188276,-4064106.6715800166,-0.0045059660641651,0.0045059660641651,4,-0.14568013801620933,0.6331090547824159,2020-11-30,-0.0283784345700462,0.0045059660641651,-0.0108544986067868,0.0326255134467219,-0.0637076877399838,training
2020-11-30,Asset Management,32,111403379.71198995,105254955.32702996,103191851.78661996,8211527.925369993,2063103.540409997,216658335.0390199,19.193832182395987,6148424.384959996,0.0283784345700462,-0.0283784345700462,4,0.5069583303805211,0.6010045559738308,2020-12-07,0.011971196031434,-0.0283784345700462,0.0045059660641651,-0.0108544986067868,0.0326255134467219,training
2020-12-07,Asset Management,32,104056651.67080998,106578202.80478998,102479105.42589998,1577546.2449100018,4099097.378889993,210634854.47559997,19.16563664955176,-2521551.133979991,-0.011971196031434,0.011971196031434,4,0.06938640861804321,0.43456731994060344,2020-12-14,-0.0671815503386579,0.011971196031434,-0.0283784345700462,0.0045059660641651,-0.0108544986067868,training
2020-12-14,Asset Management,36,97351983.47865996,85094917.79650997,76610970.37215996,20741013.1065,8483947.424350008,182446901.2751699,19.021969742216267,12257065.682149991,0.0671815503386579,-0.0671815503386579,4,0.7328844720868202,0.6196366668331752,2020-12-21,-0.2757052100089672,-0.0671815503386579,0.011971196031434,-0.0283784345700462,0.0045059660641651,training
2020-12-21,Asset Management,36,300720536.3765801,170737186.01442006,167055884.50824007,133664651.86834005,3681301.506179989,471457722.39100015,19.971339991947733,129983350.36216006,0.2757052100089672,-0.2757052100089672,4,0.7604397402532496,0.9478294471831203,2020-12-28,-0.1089765475965493,-0.2757052100089672,-0.0671815503386579,0.011971196031434,-0.0283784345700462,training
2020-12-28,Asset Management,37,633455987.7454002,508959492.75916016,498509817.62120014,134946170.12420005,10449675.137960017,1142415480.5045605,20.85641070119496,124496494.98624004,0.1089765475965493,-0.1089765475965493,4,0.8037902767372588,0.823905606365868,2021-01-04,-0.3498652481043482,-0.1089765475965493,-0.2757052100089672,-0.0671815503386579,0.011971196031434,training
2021-01-04,Asset Management,39,309737173.23255,149178520.26726,132122509.74126,177614663.49129003,17056010.525999993,458915693.49981,19.944377079041328,160558652.96529004,0.3498652481043482,-0.3498652481043482,4,0.6572001321332529,0.8890266713827236,2021-01-11,-0.2074771096164283,-0.3498652481043482,-0.1089765475965493,-0.2757052100089672,-0.0671815503386579,training
2021-01-11,Asset Management,39,438258628.53285,287649341.1380101,257769992.2849801,180488636.24786997,29879348.85303,725907969.67086,20.40293380259272,150609287.39483994,0.2074771096164283,-0.2074771096164283,4,0.09958507226415811,0.7767774339920752,2021-01-18,0.1508931257669487,-0.2074771096164283,-0.3498652481043482,-0.1089765475965493,-0.2757052100089672,training
2021-01-18,Asset Management,42,248857102.2151899,337304922.3001999,195274390.3628199,53582711.85237,142030531.93738002,586162024.5153898,20.189106803377417,-88447820.08501002,-0.1508931257669487,0.1508931257669487,4,-0.2303104096289382,0.5762322568849398,2021-01-25,0.4610492220082302,0.1508931257669487,-0.2074771096164283,-0.3498652481043482,-0.1089765475965493,training
2021-01-25,Asset Management,44,57977594.91130005,157172275.09106004,30497106.70976005,27480488.201539997,126675168.3813,215149870.0023601,19.186845417677983,-99194680.17976,-0.4610492220082302,0.4610492220082302,4,0.37682391071154187,0.55154484025748,2021-02-01,-0.0770081881457492,0.4610492220082302,0.1508931257669487,-0.2074771096164283,-0.3498652481043482,training
2021-02-01,Asset Management,46,445664383.83459,381932636.76351,246736739.75381997,198927644.08077,135195897.00969005,827597020.5981,20.53403690498687,63731747.07107997,0.0770081881457492,-0.0770081881457492,4,0.40872395001578044,0.5499719446858218,2021-02-08,-0.0530549443017005,-0.0770081881457492,0.4610492220082302,0.1508931257669487,-0.2074771096164283,training
2021-02-08,Asset Management,48,493511301.41718006,443783194.16004014,333739272.6675301,159772028.74964994,110043921.49251002,937294495.5772202,20.65850808812924,49728107.25713992,0.0530549443017005,-0.0530549443017005,4,0.20472152474921473,0.493568388855739,2021-02-15,-0.3431854453644733,-0.0530549443017005,-0.0770081881457492,0.4610492220082302,0.1508931257669487,training
2021-02-15,Asset Management,48,226340121.25467005,110679792.1695,62768905.61372998,163571215.64094007,47910886.555770025,337019913.4241701,19.635652579817496,115660329.08517005,0.3431854453644733,-0.3431854453644733,4,0.5144904893030773,0.5632750113617165,2021-02-22,0.2537565934910643,-0.3431854453644733,-0.0530549443017005,-0.0770081881457492,0.4610492220082302,training
2021-02-22,Asset Management,50,175048433.95735997,294097242.72277,63582456.65233998,111465977.30502,230514786.07043,469145676.68013,19.96642389157067,-119048808.76541,-0.2537565934910643,0.2537565934910643,4,-0.19185212139301222,0.542158900132955,2021-03-01,0.2706637858172787,0.2537565934910643,-0.3431854453644733,-0.0530549443017005,-0.0770081881457492,training
2021-03-01,Asset Management,52,136833983.79881003,238394836.97802004,71595000.61770004,65238983.18111,166799836.36032,375228820.7768301,19.74304658924849,-101560853.17921,-0.2706637858172787,0.2706637858172787,4,0.2732627083022687,0.5250234346053111,2021-03-08,-0.2494724770746889,0.2706637858172787,0.2537565934910643,-0.3431854453644733,-0.0530549443017005,training
2021-03-08,Asset Management,53,323473876.6566201,194302837.26340008,147966887.7870501,175506988.86957,46335949.47634998,517776713.92002016,20.065054655016063,129171039.39322,0.2494724770746889,-0.2494724770746889,4,0.4682940305653247,0.5715447677162695,2021-03-15,-0.2641149636260201,-0.2494724770746889,0.2706637858172787,0.2537565934910643,-0.3431854453644733,training
2021-03-15,Asset Management,53,456159044.8179601,265545955.03348008,257995672.95053008,198163371.86743,7550282.082949996,721704999.8514402,20.39712702728473,190613089.78448,0.2641149636260201,-0.2641149636260201,4,0.5166425662841788,0.7584515286366379,2021-03-22,0.0110430114777988,-0.2641149636260201,-0.2494724770746889,0.2706637858172787,0.2537565934910643,training
2021-03-22,Asset Management,53,671375726.7245198,686369320.8690199,589659350.8495599,81716375.87495995,96709970.01945996,1357745047.5935397,21.02909110809927,-14993594.144500015,-0.0110430114777988,0.0110430114777988,4,-0.1816624709688833,0.5379443538807643,2021-03-29,-0.3298548624152309,0.0110430114777988,-0.2641149636260201,-0.2494724770746889,0.2706637858172787,training
2021-03-29,Asset Management,54,194879796.10621017,98204511.98479012,7822236.872200146,187057559.23401004,90382275.11259,293084308.0910003,19.495970869928765,96675284.12142004,0.3298548624152309,-0.3298548624152309,4,0.25880500118764616,0.48475286141166246,2021-04-05,-0.0734968006395815,-0.3298548624152309,0.0110430114777988,-0.2641149636260201,-0.2494724770746889,training
2021-04-05,Asset Management,57,631625190.5715799,545136938.9387498,445132937.46493983,186492253.1066401,100004001.47380996,1176762129.5103295,20.88603254667791,86488251.63283014,0.0734968006395815,-0.0734968006395815,4,0.19453138895303643,0.532625666634442,2021-04-12,0.1783297692563439,-0.0734968006395815,-0.3298548624152309,0.0110430114777988,-0.2641149636260201,training
2021-04-12,Asset Management,59,190226058.57506964,272796822.03459966,162000296.9183597,28225761.65670994,110796525.11623996,463022880.6096693,19.953287031152623,-82570763.45953003,-0.1783297692563439,0.1783297692563439,4,-0.29608077292717966,0.5351706707516162,2021-04-19,0.0036462789002043,0.1783297692563439,-0.0734968006395815,-0.3298548624152309,0.0110430114777988,training
2021-04-19,Asset Management,59,181425914.44550985,182753815.3099995,31478765.97861981,149947148.46689004,151275049.33137968,364179729.7555094,19.713158069550627,-1327900.8644896448,-0.0036462789002043,0.0036462789002043,4,-0.24056473636505343,0.5038052522026193,2021-04-26,0.7238701899954343,0.0036462789002043,0.1783297692563439,-0.0734968006395815,-0.3298548624152309,training
2021-04-26,Asset Management,62,527963151.0867099,3296058247.24026,243468599.5340299,284494551.55268,3052589647.70623,3824021398.32697,22.064568428178216,-2768095096.15355,-0.7238701899954343,0.7238701899954343,4,-0.7014688708244985,0.8362371997819334,2021-05-03,-0.0534363329188951,0.7238701899954343,0.0036462789002043,0.1783297692563439,-0.0734968006395815,training
2021-05-03,Asset Management,81,2286927634.6017013,2054915461.44001,1390235587.12084,896692047.4808612,664679874.31917,4341843096.041712,22.191564771646803,232012173.1616912,0.0534363329188951,-0.0534363329188951,4,0.09522053263765357,0.4977415689118422,2021-05-10,-0.2029483143682426,-0.0534363329188951,0.7238701899954343,0.0036462789002043,0.1783297692563439,training
2021-05-10,Asset Management,96,4261008791.41399,2823266967.6019106,2074216489.2511408,2186792302.1628494,749050478.35077,7084275759.015901,22.6811434832714,1437741823.8120794,0.2029483143682426,-0.2029483143682426,4,0.38123488443296005,0.5561937989411051,2021-05-17,-0.2159049305092259,-0.2029483143682426,-0.0534363329188951,0.7238701899954343,0.0036462789002043,training
2021-05-17,Asset Management,92,4697550154.64826,3029287753.1163,932683417.1841697,3764866737.4640894,2096604335.9321303,7726837907.764561,22.76796554842464,1668262401.53196,0.2159049305092259,-0.2159049305092259,4,0.2361547288055975,0.4932211565683682,2021-05-24,0.1957398775514265,-0.2159049305092259,-0.2029483143682426,-0.0534363329188951,0.7238701899954343,training
2021-05-24,Asset Management,112,2245309890.8613205,3338231623.109221,2135842708.4705007,109467182.3908198,1202388914.6387205,5583541513.970541,22.44308909211764,-1092921732.2479005,-0.1957398775514265,0.1957398775514265,4,-0.420241455500021,0.6014645768515742,2021-05-31,0.6606826845467905,0.1957398775514265,-0.2159049305092259,-0.2029483143682426,-0.0534363329188951,training
2021-05-31,Asset Management,119,320460663.7065303,1568394688.5675304,177770307.4204202,142690356.28611007,1390624381.1471102,1888855352.2740607,21.35923684935977,-1247934024.861,-0.6606826845467905,0.6606826845467905,5,-0.3001893067222865,0.4401864940656241,2021-06-07,-0.0837065007918531,0.6606826845467905,0.1957398775514265,-0.2159049305092259,-0.2029483143682426,training
2021-06-07,Asset Management,128,3608743777.7359095,3051258307.88236,2929515755.2845697,679228022.4513397,121742552.59779024,6660002085.618269,22.619385634804708,557485469.8535495,0.0837065007918531,-0.0837065007918531,5,0.027216027839100522,0.4321552598769508,2021-06-14,0.0925070957229349,-0.0837065007918531,0.6606826845467905,0.1957398775514265,-0.2159049305092259,training
2021-06-14,Asset Management,142,1849261708.1088707,2226278055.1073403,1763499831.381451,85761876.72742009,462778223.7258897,4075539763.2162113,22.12826903234389,-377016346.9984696,-0.0925070957229349,0.0925070957229349,5,-0.20227353322349342,0.3605096932313812,2021-06-21,-0.1365565935458184,0.0925070957229349,-0.0837065007918531,0.6606826845467905,0.1957398775514265,training
2021-06-21,Asset Management,144,3259831996.6519394,2476498275.265179,2363614811.079799,896217185.5721402,112883464.18537998,5736330271.917118,22.47008551754657,783333721.3867602,0.1365565935458184,-0.1365565935458184,5,0.3800875693527678,0.5515955132340735,2021-06-28,-0.009836862853538,-0.1365565935458184,0.0925070957229349,-0.0837065007918531,0.6606826845467905,training
2021-06-28,Asset Management,151,1700108550.860719,1666986894.7474985,1189358327.7134087,510750223.1473103,477628567.0340898,3367095445.608217,21.937316324394548,33121656.113220453,0.009836862853538,-0.009836862853538,5,-0.03513290913422666,0.4069437507683702,2021-07-05,0.1053292057546043,-0.009836862853538,-0.1365565935458184,0.0925070957229349,-0.0837065007918531,training
2021-07-05,Asset Management,161,599073209.112951,740130468.857191,299630912.63462085,299442296.4783302,440499556.2225701,1339203677.970142,21.0153410048359,-141057259.74423993,-0.1053292057546043,0.1053292057546043,5,0.22394185144210663,0.48264721077947587,2021-07-12,0.0225066027502329,0.1053292057546043,-0.009836862853538,-0.1365565935458184,0.0925070957229349,training
2021-07-12,Asset Management,174,10366217967.410486,10843578429.325136,9797365898.313536,568852069.0969505,1046212531.0116004,21209796396.735622,23.77772900612453,-477360461.91465,-0.0225066027502329,0.0225066027502329,5,0.20328208037278456,0.452242771853525,2021-07-19,-0.2024265333297256,0.0225066027502329,0.1053292057546043,-0.009836862853538,-0.1365565935458184,training
2021-07-19,Asset Management,167,1751798624.7635891,1161973778.2996695,754949173.2840999,996849451.4794892,407024605.0155696,2913772403.063258,21.79271443736688,589824846.4639196,0.2024265333297256,-0.2024265333297256,5,0.32488503119750434,0.5354208316082314,2021-07-26,-0.0134736731573739,-0.2024265333297256,0.0225066027502329,0.1053292057546043,-0.009836862853538,training
2021-07-26,Asset Management,184,2371468303.3815284,2308413110.7916894,1342673356.4018688,1028794946.9796596,965739754.3898206,4679881414.173218,22.266538607916736,63055192.58983898,0.0134736731573739,-0.0134736731573739,5,0.14050342416814973,0.45048663482398815,2021-08-02,0.0031528805902013,-0.0134736731573739,-0.2024265333297256,0.0225066027502329,0.1053292057546043,training
2021-08-02,Asset Management,186,1906337721.7774591,1918396652.5489488,803717872.3002298,1102619849.4772294,1114678780.248719,3824734374.326408,22.06475485745443,-12058930.77148962,-0.0031528805902013,0.0031528805902013,5,0.07591180498251858,0.4409249046543951,2021-08-09,0.040931164570502,0.0031528805902013,-0.0134736731573739,-0.2024265333297256,0.0225066027502329,training
2021-08-09,Asset Management,188,3936661380.285129,4272679252.7512503,3020201178.4432797,916460201.8418498,1252478074.3079717,8209340633.03638,22.82853844464428,-336017872.4661217,-0.040931164570502,0.040931164570502,5,-0.09797235889982209,0.48122293053211906,2021-08-16,0.0077420128847953,0.040931164570502,0.0031528805902013,-0.0134736731573739,-0.2024265333297256,training
2021-08-16,Asset Management,190,4734056701.439871,4807930892.337452,3487199727.291621,1246856974.1482496,1320731165.0458307,9541987593.777325,22.978967643974222,-73874190.8975811,-0.0077420128847953,0.0077420128847953,5,0.023919150579322875,0.414782029477586,2021-08-23,0.0290219943582454,0.0077420128847953,0.040931164570502,0.0031528805902013,-0.0134736731573739,training
2021-08-23,Asset Management,201,8501389309.516949,9009592937.497128,7523762131.610708,977627177.9062403,1485830805.8864193,17510982247.014076,23.586094078073685,-508203627.9801788,-0.0290219943582454,0.0290219943582454,6,0.05909363202647591,0.4396913857148894,2021-08-30,-0.0467386448252853,0.0290219943582454,0.0077420128847953,0.040931164570502,0.0031528805902013,training
2021-08-30,Asset Management,209,18597900559.825943,16937045344.326054,16592618188.594414,2005282371.2315288,344427155.73163986,35534945904.15199,24.29378244092643,1660855215.4998894,0.0467386448252853,-0.0467386448252853,6,0.4821173215421806,0.5320936793067008,2021-09-06,-0.0248783788195611,-0.0467386448252853,0.0290219943582454,0.0077420128847953,0.040931164570502,training
2021-09-06,Asset Management,216,15744794189.88796,14980401141.137691,13515724367.22858,2229069822.65938,1464676773.909111,30725195331.02565,24.14834884980794,764393048.7502689,0.0248783788195611,-0.0248783788195611,6,0.014185653851008406,0.4180912014203652,2021-09-13,0.0104742832844818,-0.0248783788195611,-0.0467386448252853,0.0290219943582454,0.0077420128847953,training
2021-09-13,Asset Management,230,12367759031.75772,12629588329.37886,11413253405.9892,954505625.7685204,1216334923.38966,24997347361.13658,23.94203555067049,-261829297.62113956,-0.0104742832844818,0.0104742832844818,6,-0.07160940574869656,0.42815829595359456,2021-09-20,-0.4173374045393457,0.0104742832844818,-0.0248783788195611,-0.0467386448252853,0.0290219943582454,training
2021-09-20,Asset Management,231,2940229864.33306,1208718515.8004274,635966339.0420077,2304263525.291052,572752176.7584198,4148948380.133487,22.14612073694076,1731511348.5326324,0.4173374045393457,-0.4173374045393457,6,0.1218192742475129,0.42046066370598684,2021-09-27,-0.1061565025133687,-0.4173374045393457,0.0104742832844818,-0.0248783788195611,-0.0467386448252853,training
2021-09-27,Asset Management,233,5030717483.336379,4065133731.0365686,2818798551.884818,2211918931.451561,1246335179.1517506,9095851214.372948,22.931084236111893,965583752.2998104,0.1061565025133687,-0.1061565025133687,6,-0.05386372524846355,0.4709651394074276,2021-10-04,-0.1663382613192023,-0.1061565025133687,-0.4173374045393457,0.0104742832844818,-0.0248783788195611,training
2021-10-04,Asset Management,235,4173186497.870808,2982861856.6617274,2481184172.511497,1692002325.3593106,501677684.15022993,7156048354.532536,22.6912237599111,1190324641.2090807,0.1663382613192023,-0.1663382613192023,6,0.32322522170394774,0.45039372171400366,2021-10-11,0.0125761881619829,-0.1663382613192023,-0.1061565025133687,-0.4173374045393457,0.0104742832844818,training
2021-10-11,Asset Management,245,19396000942.45997,19890069962.30328,17828276406.77328,1567724535.6866913,2061793555.5299988,39286070904.76325,24.394135863117715,-494069019.8433075,-0.0125761881619829,0.0125761881619829,6,-0.14019918646566093,0.49254425586651523,2021-10-18,-0.0875198516057051,0.0125761881619829,-0.1663382613192023,-0.1061565025133687,-0.4173374045393457,training
2021-10-18,Asset Management,257,12262620646.566725,10288913706.504932,9648126621.883083,2614494024.6836414,640787084.6218491,22551534353.07165,23.83906894288949,1973706940.0617924,0.0875198516057051,-0.0875198516057051,6,0.37771973373520584,0.5995536358376587,2021-10-25,-0.044957593175623,-0.0875198516057051,0.0125761881619829,-0.1663382613192023,-0.1061565025133687,training
2021-10-25,Asset Management,271,15652170837.886156,14305352682.889944,13504807632.621223,2147363205.2649307,800545050.2687187,29957523520.7761,24.12304633269217,1346818154.996212,0.044957593175623,-0.044957593175623,6,-0.20145070152292247,0.4054091676082312,2021-11-01,-0.0566314378948302,-0.044957593175623,-0.0875198516057051,0.0125761881619829,-0.1663382613192023,training
2021-11-01,Asset Management,285,10591235196.69175,9455935116.15281,8397577076.725769,2193658119.9659805,1058358039.42704,20047170312.84456,23.72135384925993,1135300080.5389404,0.0566314378948302,-0.0566314378948302,6,0.24172079173507743,0.43793395583830286,2021-11-08,-0.0435976095523056,-0.0566314378948302,-0.044957593175623,-0.0875198516057051,0.0125761881619829,training
2021-11-08,Asset Management,300,12118344375.729477,11105826060.858896,10425314052.475266,1693030323.2542095,680512008.3836308,23224170436.58837,23.868459402497667,1012518314.8705788,0.0435976095523056,-0.0435976095523056,6,0.04904803874172218,0.3549039994663058,2021-11-15,-0.0155802771766373,-0.0435976095523056,-0.0566314378948302,-0.044957593175623,-0.0875198516057051,training
2021-11-15,Asset Management,317,8455866827.374136,8196419589.37641,6070897708.878697,2384969118.4954386,2125521880.497712,16652286416.750546,23.535813366332427,259447237.99772644,0.0155802771766373,-0.0155802771766373,6,-0.0924952092320153,0.37257145341826237,2021-11-22,-0.1366478221615071,-0.0155802771766373,-0.0435976095523056,-0.0566314378948302,-0.044957593175623,training
2021-11-22,Asset Management,331,5946464632.837889,4516696456.98814,3146869006.74308,2799595626.094809,1369827450.2450604,10463161089.826029,23.07112645746364,1429768175.8497486,0.1366478221615071,-0.1366478221615071,6,0.021591294560888197,0.34838035105323667,2021-11-29,-0.2067773451890558,-0.1366478221615071,-0.0155802771766373,-0.0435976095523056,-0.0566314378948302,training
2021-11-29,Asset Management,357,7213534793.892761,4741503677.205942,3033304969.1962614,4180229824.6965,1708198708.0096807,11955038471.098703,23.204418655927533,2472031116.686819,0.2067773451890558,-0.2067773451890558,6,-0.19556646366106767,0.5928724530559585,2021-12-06,0.1454347978768554,-0.2067773451890558,-0.1366478221615071,-0.0155802771766373,-0.0435976095523056,training
2021-12-06,Asset Management,372,3845366636.216229,5154219648.510828,3120676177.9273686,724690458.2888598,2033543470.5834596,8999586284.727057,22.92044444497351,-1308853012.2945995,-0.1454347978768554,0.1454347978768554,6,-0.22323632608097982,0.5287868026953728,2021-12-13,0.0566920199790267,0.1454347978768554,-0.2067773451890558,-0.1366478221615071,-0.0155802771766373,training
2021-12-13,Asset Management,383,14713374851.119286,16481897875.805285,12952060934.567217,1761313916.5520706,3529836941.238068,31195272726.92457,24.16353240515165,-1768523024.685997,-0.0566920199790267,0.0566920199790267,6,-0.09292977903769817,0.537272457221403,2021-12-20,-0.0837464494745877,0.0566920199790267,0.1454347978768554,-0.2067773451890558,-0.1366478221615071,training
2021-12-20,Asset Management,396,15640369613.92677,13223152147.107635,11745156616.915115,3895212997.011652,1477995530.19252,28863521761.03441,24.085844412023704,2417217466.819132,0.0837464494745877,-0.0837464494745877,6,0.39499685270752327,0.4082587975958435,2021-12-27,0.0058780260188992,-0.0837464494745877,0.0566920199790267,0.1454347978768554,-0.2067773451890558,training
2021-12-27,Asset Management,439,13235253914.457832,13391768243.508163,11293252653.705452,1942001260.7523804,2098515589.8027115,26627022157.966,24.005192407724497,-156514329.05033112,-0.0058780260188992,0.0058780260188992,6,-0.21756094512999613,0.3749944143313299,2022-01-03,0.1870845558880423,0.0058780260188992,-0.0837464494745877,0.0566920199790267,0.1454347978768554,training
2022-01-03,Asset Management,448,8946390459.261312,13064239364.691652,7027125885.284152,1919264573.9771605,6037113479.4075,22010629823.952965,23.81479134747532,-4117848905.43034,-0.1870845558880423,0.1870845558880423,6,-0.4038651222820467,0.48752799073515357,2022-01-10,-0.1876797287969424,0.1870845558880423,0.0058780260188992,-0.0837464494745877,0.0566920199790267,training
2022-01-10,Asset Management,461,9605977229.232931,6570062483.027351,5350608088.016401,4255369141.21653,1219454395.01095,16176039712.260284,23.50679695429448,3035914746.20558,0.1876797287969424,-0.1876797287969424,6,0.4049052193954245,0.5250536923765079,2022-01-17,0.1441860818114665,-0.1876797287969424,0.1870845558880423,0.0058780260188992,-0.0837464494745877,training
2022-01-17,Asset Management,480,18838806973.14019,25186667660.44728,12776265999.12807,6062540974.012119,12410401661.319206,44025474633.58746,24.5080342722947,-6347860687.307087,-0.1441860818114665,0.1441860818114665,6,-0.430329389458083,0.4889593291543821,2022-01-24,0.3110432233074749,0.1441860818114665,-0.1876797287969424,0.1870845558880423,0.0058780260188992,training
2022-01-24,Asset Management,495,6553812230.581641,12471509683.064465,3787006877.054799,2766805353.526842,8684502806.009663,19025321913.646103,23.669036661163155,-5917697452.482821,-0.3110432233074749,0.3110432233074749,6,-0.22395776084636193,0.6086618952893689,2022-01-31,-0.2402609045650559,0.3110432233074749,0.1441860818114665,-0.1876797287969424,0.1870845558880423,training
2022-01-31,Asset Management,503,9264083914.70764,5674843661.916149,4385684205.739969,4878399708.96767,1289159456.17618,14938927576.623789,23.427236232121743,3589240252.7914906,0.2402609045650559,-0.2402609045650559,6,0.4658953962624185,0.6057060002347622,2022-02-07,0.0881088790924673,-0.2402609045650559,0.3110432233074749,0.1441860818114665,-0.1876797287969424,training
2022-02-07,Asset Management,518,2974183711.1486626,3548927750.203641,1428296724.1186616,1545886987.030001,2120631026.0849795,6523111461.352304,22.5986173172048,-574744039.0549784,-0.0881088790924673,0.0881088790924673,6,-0.08152620588138476,0.46255041156617877,2022-02-14,0.0258224793287853,0.0881088790924673,-0.2402609045650559,0.3110432233074749,0.1441860818114665,training
2022-02-14,Asset Management,529,5794434897.512172,6101620543.224684,3996205974.8916025,1798228922.6205692,2105414568.3330808,11896055440.736856,23.199472706629454,-307185645.712512,-0.0258224793287853,0.0258224793287853,6,-0.20949192549470605,0.4839435359080105,2022-02-21,-0.0839870282550184,0.0258224793287853,0.0881088790924673,-0.2402609045650559,0.3110432233074749,training
2022-02-21,Asset Management,538,7524313653.730741,6358349990.0275,3223557616.365872,4300756037.36487,3134792373.661628,13882663643.758242,23.35390667885556,1165963663.703241,0.0839870282550184,-0.0839870282550184,6,0.07165454965455066,0.5744709412386678,2022-02-28,-0.1391990651405288,-0.0839870282550184,0.0258224793287853,0.0881088790924673,-0.2402609045650559,training
2022-02-28,Asset Management,557,9136710220.70723,6903875661.5856905,5143066090.134769,3993644130.57246,1760809571.450921,16040585882.29292,23.49838796510754,2232834559.121539,0.1391990651405288,-0.1391990651405288,6,0.29330589857414635,0.6299194279319651,2022-03-07,-0.146016187715468,-0.1391990651405288,-0.0839870282550184,0.0258224793287853,0.0881088790924673,training
2022-03-07,Asset Management,564,5290873357.942463,3942632092.7782326,2580890135.920353,2709983222.02211,1361741956.8578796,9233505450.720695,22.946104602278435,1348241265.1642303,0.146016187715468,-0.146016187715468,6,0.20899212959791055,0.551315920455869,2022-03-14,-0.2154341911956372,-0.146016187715468,-0.1391990651405288,-0.0839870282550184,0.0258224793287853,training
2022-03-14,Asset Management,570,8438259769.346103,5446917775.388401,3027148656.93813,5411111112.407972,2419769118.450271,13885177544.734505,23.35408774449663,2991341993.9577017,0.2154341911956372,-0.2154341911956372,6,0.32897366795403044,0.47256881843724086,2022-03-21,-0.0514019710133067,-0.2154341911956372,-0.146016187715468,-0.1391990651405288,-0.0839870282550184,training
2022-03-21,Asset Management,564,9597313764.566748,8658907983.46207,6045411982.665962,3551901781.900785,2613496000.796108,18256221748.028816,23.627771776630663,938405781.1046772,0.0514019710133067,-0.0514019710133067,6,0.19707178174881745,0.4526765553349858,2022-03-28,-0.2952323291217399,-0.0514019710133067,-0.2154341911956372,-0.146016187715468,-0.1391990651405288,training
2022-03-28,Asset Management,567,8028690523.949011,4368607386.910019,2440558530.6881,5588131993.260911,1928048856.221919,12397297910.85903,23.240744375477547,3660083137.038992,0.2952323291217399,-0.2952323291217399,6,0.28739515865705434,0.5051294054573404,2022-04-04,0.1369576511370277,-0.2952323291217399,-0.0514019710133067,-0.2154341911956372,-0.146016187715468,training
2022-04-04,Asset Management,571,6231636506.847389,8209454396.877902,4355500076.32681,1876136430.5205796,3853954320.551092,14441090903.725292,23.393343514976177,-1977817890.0305128,-0.1369576511370277,0.1369576511370277,6,-0.26451317870316227,0.43351859625614403,2022-04-11,0.2736309031445807,0.1369576511370277,-0.2952323291217399,-0.0514019710133067,-0.2154341911956372,training
2022-04-11,Asset Management,579,3573139445.169226,6265218107.865397,2277285347.573076,1295854097.59615,3987932760.292321,9838357553.034624,23.00955461883829,-2692078662.6961718,-0.2736309031445807,0.2736309031445807,6,-0.23110855711957695,0.4666667980518267,2022-04-18,-0.0135871177043171,0.2736309031445807,0.1369576511370277,-0.2952323291217399,-0.0514019710133067,training
2022-04-18,Asset Management,583,3540355290.1856294,3445438487.865167,1098911367.40361,2441443922.78202,2346527120.4615574,6985793778.0507965,22.667144463721403,94916802.32046224,0.0135871177043171,-0.0135871177043171,6,0.10392958753479434,0.46111300739201744,2022-04-25,0.067387732750683,-0.0135871177043171,0.2736309031445807,0.1369576511370277,-0.2952323291217399,training
2022-04-25,Asset Management,602,9164159752.805338,10488508509.503649,5879741288.179566,3284418464.6257715,4608767221.32408,19652668262.308983,23.701478955524497,-1324348756.698309,-0.067387732750683,0.067387732750683,6,-0.14121915624939302,0.38330335086019596,2022-05-02,0.2571854481894814,0.067387732750683,-0.0135871177043171,0.2736309031445807,0.1369576511370277,training
2022-05-02,Asset Management,619,4696386730.199056,7948456370.281931,3478520531.644946,1217866198.5541096,4469935838.636985,12644843100.480988,23.26051530904205,-3252069640.0828757,-0.2571854481894814,0.2571854481894814,6,-0.40823904430140795,0.5876742241302537,2022-05-09,0.3846050101982979,0.2571854481894814,0.067387732750683,-0.0135871177043171,0.2736309031445807,training
2022-05-09,Asset Management,629,12776250309.212076,28745863198.17592,9293370475.063503,3482879834.148571,19452492723.11242,41522113507.388,24.449491977889725,-15969612888.963846,-0.3846050101982979,0.3846050101982979,6,-0.6333186519411725,0.6395765741162955,2022-05-16,0.0527851940192267,0.3846050101982979,0.2571854481894814,0.067387732750683,-0.0135871177043171,training
2022-05-16,Asset Management,634,6212419138.70961,6904814881.459857,4937388452.929449,1275030685.780161,1967426428.530408,13117234020.169468,23.29719277667916,-692395742.750247,-0.0527851940192267,0.0527851940192267,6,-0.22801822091840396,0.47624715344937,2022-05-23,0.1323205455517987,0.0527851940192267,0.3846050101982979,0.2571854481894814,0.067387732750683,training
2022-05-23,Asset Management,634,4082879071.396953,5328151812.107026,2890659733.764764,1192219337.6321893,2437492078.3422623,9411030883.50398,22.965148336562866,-1245272740.710073,-0.1323205455517987,0.1323205455517987,6,-0.24917085628311056,0.44831601061960014,2022-05-30,0.0244776153767472,0.1323205455517987,0.0527851940192267,0.3846050101982979,0.2571854481894814,training
2022-05-30,Asset Management,642,2670499739.258819,2804515045.338189,1999291024.3203895,671208714.9384294,805224021.0177994,5475014784.597008,22.423460813210998,-134015306.07937002,-0.0244776153767472,0.0244776153767472,6,0.09231734745036471,0.37861024524214026,2022-06-06,0.4768226336943473,0.0244776153767472,0.1323205455517987,0.0527851940192267,0.3846050101982979,training
2022-06-06,Asset Management,644,3808419069.656641,10750387617.831717,2217622638.5917606,1590796431.06488,8532764979.239954,14558806687.488356,23.401461918147977,-6941968548.175074,-0.4768226336943473,0.4768226336943473,6,-0.2964726116753339,0.43916448499087296,2022-06-13,0.3375210568306689,0.4768226336943473,0.0244776153767472,0.1323205455517987,0.0527851940192267,training
2022-06-13,Asset Management,651,3130413395.845611,6320191572.425721,1332910672.150311,1797502723.6953,4987280900.27541,9450604968.271332,22.969344594315316,-3189778176.58011,-0.3375210568306689,0.3375210568306689,6,-0.43216405211435166,0.525583430548442,2022-06-20,-0.1630316117277805,0.3375210568306689,0.4768226336943473,0.0244776153767472,0.1323205455517987,training
2022-06-20,Asset Management,654,5272814852.242548,3794548062.183039,3027806253.0135493,2245008599.2289987,766741809.1694899,9067362914.425589,22.92794731077441,1478266790.0595088,0.1630316117277805,-0.1630316117277805,6,0.24080355045774152,0.4227167844872762,2022-06-27,0.0975350560971614,-0.1630316117277805,0.3375210568306689,0.4768226336943473,0.0244776153767472,training
2022-06-27,Asset Management,660,2350008082.8974977,2857968357.128088,1587238695.7265277,762769387.1709702,1270729661.4015603,5207976440.025585,22.37345721822985,-507960274.2305904,-0.0975350560971614,0.0975350560971614,6,-0.19713137838259717,0.4214574079841743,2022-07-04,-0.1357332988867156,0.0975350560971614,-0.1630316117277805,0.3375210568306689,0.4768226336943473,training
2022-07-04,Asset Management,665,2625135055.549741,1997666896.4983103,1328829054.0740497,1296306001.475691,668837842.4242606,4622801952.048051,22.254266841547096,627468159.0514305,0.1357332988867156,-0.1357332988867156,6,0.27213865053025915,0.5061779436125274,2022-07-11,-0.3409487194277244,-0.1357332988867156,0.0975350560971614,-0.1630316117277805,0.3375210568306689,training
2022-07-11,Asset Management,667,2878373583.63125,1414666921.093869,860595287.2234888,2017778296.407761,554071633.8703802,4293040504.725119,22.18026106144018,1463706662.537381,0.3409487194277244,-0.3409487194277244,6,0.1975963086354805,0.4807333736438233,2022-07-18,-0.2654744516428671,-0.3409487194277244,-0.1357332988867156,0.0975350560971614,-0.1630316117277805,training
2022-07-18,Asset Management,673,3325076841.209677,1929990674.207941,1003258695.1249506,2321818146.0847263,926731979.0829904,5255067515.417618,22.38245868922659,1395086167.0017362,0.2654744516428671,-0.2654744516428671,6,0.2801199447892321,0.4706126048002403,2022-07-25,-0.1820657406419566,-0.2654744516428671,-0.3409487194277244,-0.1357332988867156,0.0975350560971614,training
2022-07-25,Asset Management,676,5095321158.353918,3525724157.76657,2737030414.95864,2358290743.3952785,788693742.8079305,8621045316.120487,22.877472180757124,1569597000.587348,0.1820657406419566,-0.1820657406419566,6,0.14377463232408078,0.41079448591997747,2022-08-01,0.0079263605191494,-0.1820657406419566,-0.2654744516428671,-0.3409487194277244,-0.1357332988867156,training
2022-08-01,Asset Management,680,1127572488.9576995,1145590397.5146296,565566607.4136597,562005881.5440398,580023790.1009699,2273162886.472329,21.544438041137624,-18017908.556930065,-0.0079263605191494,0.0079263605191494,6,0.07479890054260484,0.28897049481733744,2022-08-08,-0.0821473313843012,0.0079263605191494,-0.1820657406419566,-0.2654744516428671,-0.3409487194277244,training
2022-08-08,Asset Management,679,4423560997.919758,3751963479.4378,2350386388.2293,2073174609.6904576,1401577091.2085,8175524477.357557,22.82441070804581,671597518.4819579,0.0821473313843012,-0.0821473313843012,6,0.26433712461683617,0.48645476461738396,2022-08-15,0.1720797390693748,-0.0821473313843012,0.0079263605191494,-0.1820657406419566,-0.2654744516428671,training
2022-08-15,Asset Management,680,4915038145.014409,6958178098.032119,3623437566.825688,1291600578.1887207,3334740531.2064304,11873216243.046528,23.197550964556648,-2043139953.0177095,-0.1720797390693748,0.1720797390693748,6,-0.25316095675399714,0.4210802167591919,2022-08-22,0.0847521796069937,0.1720797390693748,-0.0821473313843012,0.0079263605191494,-0.1820657406419566,training
2022-08-22,Asset Management,684,2194199959.28058,2600566901.43348,1405395582.3133104,788804376.9672697,1195171319.1201694,4794766860.71406,22.290790922976527,-406366942.1528997,-0.0847521796069937,0.0847521796069937,6,-0.29509469704096514,0.42907086139336803,2022-08-29,-0.0857094746736459,0.0847521796069937,0.1720797390693748,-0.0821473313843012,0.0079263605191494,training
2022-08-29,Asset Management,689,1790796736.6215298,1508053975.0936396,656203112.3717797,1134593624.24975,851850862.7218599,3298850711.7151694,21.916839975884965,282742761.5278902,0.0857094746736459,-0.0857094746736459,6,0.11390012052332146,0.34648927553288755,2022-09-05,-0.0423116703432909,-0.0857094746736459,0.0847521796069937,0.1720797390693748,-0.0821473313843012,training
2022-09-05,Asset Management,693,2214403185.4107413,2034619920.47354,748985442.4492102,1465417742.9615312,1285634478.0243294,4249023105.884281,22.169954936257824,179783264.93720174,0.0423116703432909,-0.0423116703432909,6,0.10361185787096319,0.4071447195161381,2022-09-12,0.2139083973248963,-0.0423116703432909,-0.0857094746736459,0.0847521796069937,0.1720797390693748,training
2022-09-12,Asset Management,700,2365402125.615269,3652731429.216518,1146527471.6663594,1218874653.9489098,2506203957.5501585,6018133554.831787,22.518043007635125,-1287329303.6012487,-0.2139083973248963,0.2139083973248963,6,-0.31626915372839853,0.4133415431024205,2022-09-19,0.0516214378973305,0.2139083973248963,-0.0423116703432909,-0.0857094746736459,0.0847521796069937,training
2022-09-19,Asset Management,704,1587277298.9784594,1760072298.33693,935216664.8396298,652060634.1388296,824855633.4973003,3347349597.3153896,21.931434704965465,-172794999.35847068,-0.0516214378973305,0.0516214378973305,6,-0.10132011030093582,0.41500224939770286,2022-09-26,-0.037848671898373,0.0516214378973305,0.2139083973248963,-0.0423116703432909,-0.0857094746736459,training
2022-09-26,Asset Management,710,1355825014.4034803,1256935498.9832802,810259368.5620296,545565645.8414507,446676130.4212506,2612760513.3867607,21.683673167691342,98889515.42020012,0.037848671898373,-0.037848671898373,6,0.054725737490847436,0.4158399351566387,2022-10-03,-0.0029326296704514,-0.037848671898373,0.0516214378973305,0.2139083973248963,-0.0423116703432909,training
2022-10-03,Asset Management,714,885137022.16241,879960644.37428,358947857.62701976,526189164.5353903,521012786.7472602,1765097666.53669,21.291471861515543,5176377.788130045,0.0029326296704514,-0.0029326296704514,6,0.09463590600036126,0.41953675453884093,2022-10-10,0.3778730337909964,-0.0029326296704514,-0.037848671898373,0.0516214378973305,0.2139083973248963,training
2022-10-10,Asset Management,724,791395830.22144,1752765966.988201,516489268.2860498,274906561.9353902,1236276698.702151,2544161797.209641,21.65706708032707,-961370136.766761,-0.3778730337909964,0.3778730337909964,6,-0.2559015078110195,0.4013784950827414,2022-10-17,0.0191765245016495,0.3778730337909964,-0.0029326296704514,-0.037848671898373,0.0516214378973305,training
2022-10-17,Asset Management,742,996815420.4712404,1035793801.0092396,421687891.7733397,575127528.6979008,614105909.2358999,2032609221.48048,21.43258613594018,-38978380.53799927,-0.0191765245016495,0.0191765245016495,6,-0.16589114400046132,0.34472107554126785,2022-10-24,-0.1644457875314621,0.0191765245016495,0.3778730337909964,-0.0029326296704514,-0.037848671898373,training
2022-10-24,Asset Management,748,3711141645.289701,2662949248.46851,1548554678.37744,2162586966.9122605,1114394570.0910702,6374090893.758211,22.575507313078067,1048192396.8211904,0.1644457875314621,-0.1644457875314621,6,0.30036523180006913,0.47785134284984676,2022-10-31,-0.203948914123981,-0.1644457875314621,0.0191765245016495,0.3778730337909964,-0.0029326296704514,training
2022-10-31,Asset Management,752,1879950397.2949376,1243023302.4036574,798991129.8282378,1080959267.4666998,444032172.57541966,3122973699.698595,21.8620514940459,636927094.8912802,0.203948914123981,-0.203948914123981,6,0.10691380989366127,0.34416660131138604,2022-11-07,0.3664661545872134,-0.203948914123981,-0.1644457875314621,0.0191765245016495,0.3778730337909964,training
2022-11-07,Asset Management,749,2919345350.539479,6296722178.220076,1065790608.1173892,1853554742.4220896,5230931570.102686,9216067528.759554,22.94421426832097,-3377376827.680597,-0.3664661545872134,0.3664661545872134,6,-0.34074324475715356,0.3632107793731341,2022-11-14,-0.1076968203944767,0.3664661545872134,-0.203948914123981,-0.1644457875314621,0.0191765245016495,training
2022-11-14,Asset Management,747,1099110908.555591,885386813.77997,473534738.3096404,625576170.2459507,411852075.4703296,1984497722.3355613,21.408631682963534,213724094.77562103,0.1076968203944767,-0.1076968203944767,6,-0.06228321545679158,0.331877992637459,2022-11-21,-0.048042117071135,-0.1076968203944767,0.3664661545872134,-0.203948914123981,-0.1644457875314621,training
2022-11-21,Asset Management,756,1401846534.2784884,1273325601.3530402,476601932.1849199,925244602.0935686,796723669.1681204,2675172135.631529,21.707279565366623,128520932.92544818,0.048042117071135,-0.048042117071135,6,0.11535086575033884,0.36324285604689843,2022-11-28,-0.0661881512395668,-0.048042117071135,-0.1076968203944767,0.3664661545872134,-0.203948914123981,training
2022-11-28,Asset Management,755,1288144098.688351,1128210082.6833603,631690415.0097303,656453683.6786206,496519667.67363,2416354181.3717117,21.605525704938238,159934016.00499058,0.0661881512395668,-0.0661881512395668,6,0.020644686483739908,0.3663997496227458,2022-12-05,-0.0194860080890072,-0.0661881512395668,-0.048042117071135,-0.1076968203944767,0.3664661545872134,training
2022-12-05,Asset Management,763,827494520.5330496,795861786.4047194,388760888.7023297,438733631.8307199,407100897.70238966,1623356306.937769,21.20776163800639,31632734.12833023,0.0194860080890072,-0.0194860080890072,6,-0.07914140245569228,0.39141863326236115,2022-12-12,0.0738525703810648,-0.0194860080890072,-0.0661881512395668,-0.048042117071135,-0.1076968203944767,training
2022-12-12,Asset Management,764,1325065737.0106204,1536391725.6653185,655206624.4564096,669859112.5542108,881185101.2089087,2861457462.6759386,21.77459693465872,-211325988.6546979,-0.0738525703810648,0.0738525703810648,6,-0.07608732296788887,0.34766621900886413,2022-12-19,-0.0041755100719059,0.0738525703810648,-0.0194860080890072,-0.0661881512395668,-0.048042117071135,training
2022-12-19,Asset Management,768,978042027.7344192,969908341.3487396,581705445.7221797,396336582.0122397,388202895.62656,1947950369.083159,21.39004356447216,8133686.385679722,0.0041755100719059,-0.0041755100719059,6,-0.18043716945783575,0.30969734490461953,2022-12-26,0.0853716580500068,-0.0041755100719059,0.0738525703810648,-0.0194860080890072,-0.0661881512395668,training
2022-12-26,Asset Management,769,854502040.6989897,1014020946.1946512,561036649.8363898,293465390.8626,452984296.35826135,1868522986.893641,21.34841410967399,-159518905.49566138,-0.0853716580500068,0.0853716580500068,6,-0.1517205134244533,0.2789227318896349,2023-01-02,-0.1094611373359686,0.0853716580500068,-0.0041755100719059,0.0738525703810648,-0.0194860080890072,training
2023-01-02,Asset Management,770,1691186652.2368803,1357476514.63663,924804943.7224,766381708.5144805,432671570.91423,3048663166.8735104,21.837969025866503,333710137.6002505,0.1094611373359686,-0.1094611373359686,6,0.20693683747579686,0.3977139638951553,2023-01-09,-0.2681921356448996,-0.1094611373359686,0.0853716580500068,-0.0041755100719059,0.0738525703810648,training
2023-01-09,Asset Management,775,3280886787.070252,1893229492.0878096,714761093.73484,2566125693.335412,1178468398.3529696,5174116279.158062,22.366934394396264,1387657294.982442,0.2681921356448996,-0.2681921356448996,6,0.36005512226871983,0.40077927306967,2023-01-16,0.0724232575537979,-0.2681921356448996,-0.1094611373359686,0.0853716580500068,-0.0041755100719059,training
2023-01-16,Asset Management,780,2001924050.1656196,2314536159.6627398,733284359.6483898,1268639690.5172296,1581251800.0143497,4316460209.828359,22.185701507672743,-312612109.4971199,-0.0724232575537979,0.0724232575537979,6,0.30039595892873633,0.5671885672131125,2023-01-23,0.0352358297889451,0.0724232575537979,-0.2681921356448996,-0.1094611373359686,0.0853716580500068,training
2023-01-23,Asset Management,780,1319766283.0407803,1416169241.4969192,725604028.08932,594162254.9514604,690565213.4075992,2735935524.5377,21.7297392712016,-96402958.45613883,-0.0352358297889451,0.0352358297889451,6,-0.0018808112639030665,0.26904100723772956,2023-01-30,0.0353488918537124,0.0352358297889451,0.0724232575537979,-0.2681921356448996,-0.1094611373359686,training
2023-01-30,Asset Management,787,2492107818.193449,2674750535.356539,1944607569.2750297,547500248.9184198,730142966.0815091,5166858353.549988,22.365530672395924,-182642717.16308928,-0.0353488918537124,0.0353488918537124,6,0.00650984598616735,0.30761325800310735,2023-02-06,0.1130083435378769,0.0353488918537124,0.0352358297889451,0.0724232575537979,-0.2681921356448996,training
2023-02-06,Asset Management,795,2402846552.2959914,3015122229.687922,1803149382.4287608,599697169.8672307,1211972847.2591612,5417968781.983913,22.412986818869555,-612275677.3919306,-0.1130083435378769,0.1130083435378769,6,-0.14957369297368583,0.33611561117029765,2023-02-13,-0.2188177294074203,0.1130083435378769,0.0353488918537124,0.0352358297889451,0.0724232575537979,training
2023-02-13,Asset Management,797,3924468749.142254,2515327217.8072915,1561843058.5151618,2362625690.6270924,953484159.2921298,6439795966.949545,22.58576269456537,1409141531.3349624,0.2188177294074203,-0.2188177294074203,6,0.1733422684471039,0.3665446630324187,2023-02-20,0.0379874971022125,-0.2188177294074203,0.1130083435378769,0.0353488918537124,0.0352358297889451,training
2023-02-20,Asset Management,800,1220083964.25212,1316440167.3510892,445150684.39516014,774933279.8569598,871289482.955929,2536524131.603209,21.654060529060672,-96356203.09896922,-0.0379874971022125,0.0379874971022125,6,0.005707407576699065,0.2861911786975895,2023-02-27,0.0384339592524443,0.0379874971022125,-0.2188177294074203,0.1130083435378769,0.0353488918537124,training
2023-02-27,Asset Management,808,1837687758.9225924,1984593147.5326908,1271652956.8547814,566034802.067811,712940190.6779094,3822280906.455283,22.064113177566373,-146905388.61009836,-0.0384339592524443,0.0384339592524443,6,-0.09994486189031984,0.2726029076841342,2023-03-06,0.2497492033588187,0.0384339592524443,0.0379874971022125,-0.2188177294074203,0.1130083435378769,training
2023-03-06,Asset Management,810,2056688355.6513505,3425980546.15854,931573783.0943608,1125114572.5569894,2494406763.0641794,5482668901.809891,22.42485784540784,-1369292190.50719,-0.2497492033588187,0.2497492033588187,6,-0.2118953630840555,0.30542017608615113,2023-03-13,-0.2007351971467032,0.2497492033588187,0.0384339592524443,0.0379874971022125,-0.2188177294074203,training
2023-03-13,Asset Management,812,3530886061.315012,2350320835.4352894,1144998554.712429,2385887506.602583,1205322280.7228603,5881206896.750301,22.49502783251452,1180565225.8797226,0.2007351971467032,-0.2007351971467032,6,0.13599603712181085,0.367409804741408,2023-03-20,0.1093196960911099,-0.2007351971467032,0.2497492033588187,0.0384339592524443,0.0379874971022125,training
2023-03-20,Asset Management,818,2182852303.9210224,2718687102.173921,1718008266.7886722,464844037.1323502,1000678835.3852488,4901539406.094944,22.312815157436845,-535834798.2528987,-0.1093196960911099,0.1093196960911099,6,-0.038937291244118724,0.27855180739994295,2023-03-27,-0.0890736814162018,0.1093196960911099,-0.2007351971467032,0.2497492033588187,0.0384339592524443,training
2023-03-27,Asset Management,820,2508929238.68663,2098526219.1003704,1719146988.5602703,789782250.1263595,379379230.5400999,4607455457.787,22.250941580350727,410403019.5862596,0.0890736814162018,-0.0890736814162018,6,-0.047707946606740166,0.39508322174823146,2023-04-03,-0.1373639864586047,-0.0890736814162018,0.1093196960911099,-0.2007351971467032,0.2497492033588187,training
2023-04-03,Asset Management,826,2841914011.780602,2155455424.2421303,1750264029.7701097,1091649982.0104923,405191394.4720206,4997369436.022732,22.332177498339263,686458587.5384717,0.1373639864586047,-0.1373639864586047,6,0.07423507313448834,0.3379306234712709,2023-04-10,-0.273099361145415,-0.1373639864586047,-0.0890736814162018,0.1093196960911099,-0.2007351971467032,training
2023-04-10,Asset Management,834,3356535611.8526587,1916478756.53531,937717591.1998396,2418818020.652819,978761165.3354706,5273014368.387969,22.38586802257883,1440056855.3173487,0.273099361145415,-0.273099361145415,6,0.1034704931812912,0.4583417822966349,2023-04-17,0.1453052604722984,-0.273099361145415,-0.1373639864586047,-0.0890736814162018,0.1093196960911099,training
2023-04-17,Asset Management,842,3830259100.96192,5132611322.40934,2492248406.029429,1338010694.9324908,2640362916.379911,8962870423.37126,22.91635637249185,-1302352221.44742,-0.1453052604722984,0.1453052604722984,6,-0.24013744602588372,0.33597238991792705,2023-04-24,-0.237890902801512,0.1453052604722984,-0.273099361145415,-0.1373639864586047,-0.0890736814162018,training
2023-04-24,Asset Management,842,2925435006.583942,1801047755.286741,1311216586.377221,1614218420.2067208,489831168.9095199,4726482761.870683,22.276447160911115,1124387251.297201,0.237890902801512,-0.237890902801512,6,0.04491284603786894,0.29841336868321405,2023-05-01,-0.1725265907936483,-0.237890902801512,0.1453052604722984,-0.273099361145415,-0.1373639864586047,training
2023-05-01,Asset Management,845,2378485360.5981894,1678540517.148879,1127063936.6913996,1251421423.9067898,551476580.4574795,4057025877.747069,22.1237159999394,699944843.4493103,0.1725265907936483,-0.1725265907936483,6,-0.02430203108611918,0.33553767911851495,2023-05-08,-0.004751835567014,-0.1725265907936483,-0.237890902801512,0.1453052604722984,-0.273099361145415,training
2023-05-08,Asset Management,846,5177629041.906188,5128655273.532329,4439208750.552678,738420291.3535099,689446522.9796505,10306284315.438517,23.056019673939268,48973768.373859406,0.004751835567014,-0.004751835567014,6,-0.037860182150710305,0.2788328313229821,2023-05-15,0.0811429990345298,-0.004751835567014,-0.1725265907936483,-0.237890902801512,0.1453052604722984,training
2023-05-15,Asset Management,850,1640274944.1443615,1929975796.5495143,1092827846.767833,547447097.3765287,837147949.7816813,3570250740.6938763,21.995901666040137,-289700852.40515256,-0.0811429990345298,0.0811429990345298,6,-0.014165383128111813,0.30107575436257233,2023-05-22,-0.147924191092445,0.0811429990345298,-0.004751835567014,-0.1725265907936483,-0.237890902801512,training
2023-05-22,Asset Management,858,3270605177.391811,2427689540.6231027,1793143942.0430727,1477461235.3487382,634545598.58003,5698294718.014914,22.463432794923367,842915636.7687082,0.147924191092445,-0.147924191092445,6,-0.03847371545028242,0.38515773256009933,2023-05-29,0.0606891442887393,-0.147924191092445,0.0811429990345298,-0.004751835567014,-0.1725265907936483,training
2023-05-29,Asset Management,857,873660068.7170397,986554924.8709792,269083958.87082976,604576109.84621,717470966.0001495,1860214993.588019,21.34395790647987,-112894856.1539396,-0.0606891442887393,0.0606891442887393,6,-0.07734079761361873,0.30047865748008573,2023-06-05,0.1235484773790161,0.0606891442887393,-0.147924191092445,0.0811429990345298,-0.004751835567014,training
2023-06-05,Asset Management,861,2623413803.10545,3363029794.505663,1203673176.8924897,1419740626.2129605,2159356617.613173,5986443597.611113,22.51276334964709,-739615991.4002128,-0.1235484773790161,0.1235484773790161,6,-0.22279984092548077,0.3165643697604739,2023-06-12,0.054940526001976,0.1235484773790161,0.0606891442887393,-0.147924191092445,0.0811429990345298,training
2023-06-12,Asset Management,864,802780003.4422206,896118373.9183118,318244335.1046704,484535668.33755016,577874038.8136414,1698898377.3605323,21.25324586522849,-93338370.47609128,-0.054940526001976,0.054940526001976,6,-0.04919664871369092,0.31056623866687844,2023-06-19,-0.3139430293280579,0.054940526001976,0.1235484773790161,0.0606891442887393,-0.147924191092445,training
2023-06-19,Asset Management,868,2660709157.262134,1389252063.0851495,427444887.09189,2233264270.170244,961807175.9932595,4049961220.3472834,22.12197314304304,1271457094.1769843,0.3139430293280579,-0.3139430293280579,6,0.289754750151523,0.4516809748845531,2023-06-26,-0.1800736628625713,-0.3139430293280579,0.054940526001976,0.1235484773790161,0.0606891442887393,training
2023-06-26,Asset Management,877,1005308633.2050096,698497942.3376997,147220620.96117985,858088012.2438298,551277321.3765198,1703806575.5427094,21.25613074749203,306810690.86731005,0.1800736628625713,-0.1800736628625713,6,0.10061696741418963,0.36148259650630993,2023-07-03,0.1243266982162875,-0.1800736628625713,-0.3139430293280579,0.054940526001976,0.1235484773790161,training
2023-07-03,Asset Management,884,1099933479.03552,1412267079.76877,388724739.8099399,711208739.2255802,1023542339.95883,2512200558.80429,21.644424923051687,-312333600.7332499,-0.1243266982162875,0.1243266982162875,6,-0.08624411116616262,0.33151213892938614,2023-07-10,-0.1270460210197717,0.1243266982162875,-0.1800736628625713,-0.3139430293280579,0.054940526001976,training
2023-07-10,Asset Management,885,2041926495.4551303,1581575042.853941,361640234.2240001,1680286261.23113,1219934808.629941,3623501538.309072,22.01070667132629,460351452.6011894,0.1270460210197717,-0.1270460210197717,6,0.19527385516388993,0.3928924386143343,2023-07-17,0.2463834909707116,-0.1270460210197717,0.1243266982162875,-0.1800736628625713,-0.3139430293280579,training
2023-07-17,Asset Management,887,1008087868.0260104,1667245954.8078318,398217420.5364902,609870447.4895202,1269028534.2713416,2675333822.8338423,21.70734000346484,-659158086.7818214,-0.2463834909707116,0.2463834909707116,6,-0.20196026709955195,0.34252976683436415,2023-07-24,-0.0104057159769666,0.2463834909707116,-0.1270460210197717,0.1243266982162875,-0.1800736628625713,training
2023-07-24,Asset Management,894,631716840.8663578,618705303.1840595,237830509.1728497,393886331.6935081,380874794.0112098,1250422144.0504174,20.94674704728773,13011537.682298305,0.0104057159769666,-0.0104057159769666,6,-0.0373331266069526,0.3004525697411916,2023-07-31,-0.1223553600278947,-0.0104057159769666,0.2463834909707116,-0.1270460210197717,0.1243266982162875,training
2023-07-31,Asset Management,897,1960475487.681538,1533026762.14567,569040931.6903293,1391434555.9912088,963985830.4553406,3493502249.827208,21.9741705802466,427448725.53586817,0.1223553600278947,-0.1223553600278947,6,0.012799133007741388,0.3422295809948575,2023-08-07,0.1844524590257102,-0.1223553600278947,-0.0104057159769666,0.2463834909707116,-0.1270460210197717,training
2023-08-07,Asset Management,894,1058374255.8838592,1537119452.844581,188824417.3173404,869549838.5665189,1348295035.5272405,2595493708.72844,21.67704258969884,-478745196.9607214,-0.1844524590257102,0.1844524590257102,6,-0.06785098937364065,0.40096217240123333,2023-08-14,0.3605509159203346,0.1844524590257102,-0.1223553600278947,-0.0104057159769666,0.2463834909707116,training
2023-08-14,Asset Management,900,1149570783.6506398,2445932946.893202,319397990.4814502,830172793.1691896,2126534956.411752,3595503730.5438414,22.002949938343537,-1296362163.242562,-0.3605509159203346,0.3605509159203346,6,-0.3240692870527576,0.433059146584716,2023-08-21,0.038380029576455,0.3605509159203346,0.1844524590257102,-0.1223553600278947,-0.0104057159769666,training
2023-08-21,Asset Management,898,942884047.6353906,1018148536.20352,223780525.23201,719103522.4033806,794368010.97151,1961032583.8389103,21.396737000462604,-75264488.56812942,-0.038380029576455,0.038380029576455,6,-0.024078771665641138,0.3243865278122848,2023-08-28,-0.1041051581381329,0.038380029576455,0.3605509159203346,0.1844524590257102,-0.1223553600278947,training
2023-08-28,Asset Management,902,968844053.2481503,786141051.3988106,214205775.06767988,754638278.1804705,571935276.3311307,1754985104.646961,21.28572620701738,182703001.8493397,0.1041051581381329,-0.1041051581381329,6,-0.013321303243336021,0.32212431922052176,2023-09-04,-0.1809148154632845,-0.1041051581381329,0.038380029576455,0.3605509159203346,0.1844524590257102,training
2023-09-04,Asset Management,878,911144761.4927208,631972065.49919,158595254.96496993,752549506.5277507,473376810.53422,1543116826.9919107,21.15707012229719,279172695.99353075,0.1809148154632845,-0.1809148154632845,6,-0.04381634288045391,0.3436466461984658,2023-09-11,-0.3214933279574238,-0.1809148154632845,-0.1041051581381329,0.038380029576455,0.3605509159203346,training
2023-09-11,Asset Management,878,893469984.454789,458742645.8364099,128619070.18841,764850914.266379,330123575.64799994,1352212630.291199,21.02500807386638,434727338.6183791,0.3214933279574238,-0.3214933279574238,6,0.20809497404164995,0.42649063984578783,2023-09-18,-0.0216191786921414,-0.3214933279574238,-0.1809148154632845,-0.1041051581381329,0.038380029576455,training
2023-09-18,Asset Management,884,917152337.2412698,878335367.7084196,408530988.6609198,508621348.5803501,469804379.0474998,1795487704.9496894,21.30854252446116,38816969.532850266,0.0216191786921414,-0.0216191786921414,6,0.004029684642739532,0.2948144566844854,2023-09-25,-0.3618011225540692,-0.0216191786921414,-0.3214933279574238,-0.1809148154632845,-0.1041051581381329,training
2023-09-25,Asset Management,888,2027619588.11883,950230194.11077,136512314.4444302,1891107273.6744,813717879.6663396,2977849782.2296,21.81446732776996,1077389394.00806,0.3618011225540692,-0.3618011225540692,6,0.24751260091136734,0.4217459612237577,2023-10-02,0.382373072703002,-0.3618011225540692,-0.0216191786921414,-0.3214933279574238,-0.1809148154632845,training
2023-10-02,Asset Management,888,717327261.0138896,1605522437.762112,203778174.53815976,513549086.4757298,1401744263.223952,2322849698.776001,21.566060587727154,-888195176.7482224,-0.382373072703002,0.382373072703002,6,-0.24611178437085304,0.4648176469529473,2023-10-09,0.3901666628104087,0.382373072703002,-0.3618011225540692,-0.0216191786921414,-0.3214933279574238,training
2023-10-09,Asset Management,921,793831712.6379099,1809606519.506868,191256880.71124,602574831.9266698,1618349638.7956276,2603438232.1447773,21.680098805739902,-1015774806.8689578,-0.3901666628104087,0.3901666628104087,6,-0.15838788619780872,0.4541733347581185,2023-10-16,-0.2328583361254428,0.3901666628104087,0.382373072703002,-0.3618011225540692,-0.0216191786921414,training
2023-10-16,Asset Management,895,2672172785.5941405,1662749901.4553602,1101685862.3900802,1570486923.2040603,561064039.06528,4334922687.0495,22.189969612659905,1009422884.1387804,0.2328583361254428,-0.2328583361254428,6,0.20247523051498484,0.37261563035666057,2023-10-23,-0.2506568219288562,-0.2328583361254428,0.3901666628104087,0.382373072703002,-0.3618011225540692,training
2023-10-23,Asset Management,898,2461987206.634109,1475123539.4409797,546353963.0522596,1915633243.58185,928769576.3887202,3937110746.0750895,22.09371297832571,986863667.1931298,0.2506568219288562,-0.2506568219288562,6,0.22320747081928344,0.3750697468283692,2023-10-30,-0.1608652597674372,-0.2506568219288562,-0.2328583361254428,0.3901666628104087,0.382373072703002,training
2023-10-30,Asset Management,905,1841435883.0184488,1331087142.4140706,247034519.86392987,1594401363.1545186,1084052622.5501409,3172523025.432519,21.877793015661236,510348740.604378,0.1608652597674372,-0.1608652597674372,6,0.11787843902772026,0.28208589573621135,2023-11-06,-0.1854613758401592,-0.1608652597674372,-0.2506568219288562,-0.2328583361254428,0.3901666628104087,training
2023-11-06,Asset Management,908,4485555676.287144,3082056002.512841,1686172654.1331515,2799383022.153992,1395883348.3796897,7567611678.799985,22.747143356570877,1403499673.7743025,0.1854613758401592,-0.1854613758401592,6,0.29146551037856805,0.35746147025683844,2023-11-13,0.2658095866171662,-0.1854613758401592,-0.1608652597674372,-0.2506568219288562,-0.2328583361254428,training
2023-11-13,Asset Management,914,1253685361.0826402,2161465090.9811425,362249103.3298098,891436257.7528303,1799215987.6513326,3415150452.0637827,21.951487385532754,-907779729.8985023,-0.2658095866171662,0.2658095866171662,6,-0.1115811822900064,0.31668927914735984,2023-11-20,-0.1292241698849394,0.2658095866171662,-0.1854613758401592,-0.1608652597674372,-0.2506568219288562,training
2023-11-20,Asset Management,916,2325106915.6585684,1792953922.3333805,542724217.35766,1782382698.3009083,1250229704.9757204,4118060837.991949,22.1386482193603,532152993.3251879,0.1292241698849394,-0.1292241698849394,6,0.024395948713027,0.3396775707597944,2023-11-27,-0.1948041995377397,-0.1292241698849394,0.2658095866171662,-0.1854613758401592,-0.1608652597674372,training
2023-11-27,Asset Management,920,2118013083.4623413,1427359596.4826806,309827431.1957503,1808185652.2665915,1117532165.2869303,3545372679.945022,21.988909120021244,690653486.979661,0.1948041995377397,-0.1948041995377397,6,0.14920938789746316,0.35018249675478136,2023-12-04,-0.282411690958081,-0.1948041995377397,-0.1292241698849394,0.2658095866171662,-0.1854613758401592,training
2023-12-04,Asset Management,928,3356927565.019105,1878407684.476581,422610609.94659,2934316955.072515,1455797074.5299914,5235335249.495687,22.37869671942773,1478519880.5425236,0.282411690958081,-0.282411690958081,6,0.2459901845356357,0.33280806922766615,2023-12-11,0.2710027044813421,-0.282411690958081,-0.1948041995377397,-0.1292241698849394,0.2658095866171662,training
2023-12-11,Asset Management,929,1544251813.5732102,2692394393.6655293,318506792.6326501,1225745020.94056,2373887601.03288,4236646207.23874,22.16703780457077,-1148142580.092319,-0.2710027044813421,0.2710027044813421,6,-0.12380882653071583,0.35968486825483037,2023-12-18,-0.1234164581287861,0.2710027044813421,-0.282411690958081,-0.1948041995377397,-0.1292241698849394,training
2023-12-18,Asset Management,933,3344925810.37531,2609991061.5864406,342758297.6368498,3002167512.73846,2267232763.9495907,5954916871.96175,22.507483080455867,734934748.7888694,0.1234164581287861,-0.1234164581287861,6,0.16862125681869164,0.28945618694572317,2023-12-25,-0.0694147054004988,-0.1234164581287861,0.2710027044813421,-0.282411690958081,-0.1948041995377397,training
2023-12-25,Asset Management,936,1871438250.0933216,1628491647.3405511,291336988.1931199,1580101261.9002018,1337154659.1474314,3499929897.4338727,21.9760087762223,242946602.7527704,0.0694147054004988,-0.0694147054004988,6,0.07103413774692371,0.29133997753890806,2024-01-01,0.0518901222888672,-0.0694147054004988,-0.1234164581287861,0.2710027044813421,-0.282411690958081,validation
2024-01-01,Asset Management,935,1531857903.92597,1699535292.027404,371810020.1996099,1160047883.7263603,1327725271.827794,3231393195.953374,21.896179211510912,-167677388.101434,-0.0518901222888672,0.0518901222888672,6,-0.01820443803248123,0.26451101524309834,2024-01-08,-0.2974952174309178,0.0518901222888672,-0.0694147054004988,-0.1234164581287861,0.2710027044813421,validation
2024-01-08,Asset Management,939,7102649737.257101,3845598305.337731,1139100628.4356997,5963549108.821402,2706497676.902031,10948248042.594831,23.116445284389457,3257051431.91937,0.2974952174309178,-0.2974952174309178,6,0.2964434358356411,0.44746418311704406,2024-01-15,0.0037840759564598,-0.2974952174309178,0.0518901222888672,-0.0694147054004988,-0.1234164581287861,validation
2024-01-15,Asset Management,942,1448526302.1275606,1459530610.37016,410144542.6647502,1038381759.4628104,1049386067.70541,2908056912.4977207,21.790750967780266,-11004308.242599487,-0.0037840759564598,0.0037840759564598,6,-0.03634706295904708,0.27110682463776464,2024-01-22,0.2216827268661913,0.0037840759564598,-0.2974952174309178,0.0518901222888672,-0.0694147054004988,validation
2024-01-22,Asset Management,942,2358017059.955491,3701252447.09578,587909672.1753901,1770107387.7801008,3113342774.9203897,6059269507.051271,22.52485508653585,-1343235387.1402888,-0.2216827268661913,0.2216827268661913,6,-0.17038704213201245,0.4191813785843475,2024-01-29,-0.2658441235986107,0.2216827268661913,0.0037840759564598,-0.2974952174309178,0.0518901222888672,validation
2024-01-29,Asset Management,947,2759147364.9204307,1600231982.7935295,329305029.03068995,2429842335.889741,1270926953.7628396,4359379347.713961,22.195595532962063,1158915382.1269011,0.2658441235986107,-0.2658441235986107,6,-0.027751689981090538,0.277795214186926,2024-02-05,0.0359370684076228,-0.2658441235986107,0.2216827268661913,0.0037840759564598,-0.2974952174309178,validation
2024-02-05,Asset Management,952,5693913618.610932,6118414045.945348,506868860.9090996,5187044757.701833,5611545185.036248,11812327664.55628,23.19240954050059,-424500427.3344154,-0.0359370684076228,0.0359370684076228,6,-0.032826585960924096,0.3323739661016564,2024-02-12,-0.2615680463503078,0.0359370684076228,-0.2658441235986107,0.2216827268661913,0.0037840759564598,validation
2024-02-12,Asset Management,953,5575514302.804634,3263508402.2083693,257796358.64816,5317717944.156474,3005712043.5602093,8839022705.013004,22.902442153866023,2312005900.596265,0.2615680463503078,-0.2615680463503078,6,0.31555785266751907,0.4087151399163449,2024-02-19,-0.1887933064558558,-0.2615680463503078,0.0359370684076228,-0.2658441235986107,0.2216827268661913,validation
2024-02-19,Asset Management,959,2923447911.0308294,1994897263.2812493,406831842.75979006,2516616068.2710395,1588065420.5214596,4918345174.312078,22.31623796439218,928550647.74958,0.1887933064558558,-0.1887933064558558,6,0.09652336606073428,0.3544241379889731,2024-02-26,-0.3948503218107194,-0.1887933064558558,-0.2615680463503078,0.0359370684076228,-0.2658441235986107,validation
2024-02-26,Asset Management,956,8936675366.993025,3877137308.465823,698132168.6143608,8238543198.378664,3179005139.8514624,12813812675.458849,23.273789541393896,5059538058.527202,0.3948503218107194,-0.3948503218107194,6,0.3201498756427316,0.333513604042168,2024-03-04,-0.3706989840135293,-0.3948503218107194,-0.1887933064558558,-0.2615680463503078,0.0359370684076228,validation
2024-03-04,Asset Management,963,8522069623.18435,3912563688.1076255,491300646.9327992,8030768976.251551,3421263041.174827,12434633311.291977,23.243751425410892,4609505935.076723,0.3706989840135293,-0.3706989840135293,6,0.3888556230705216,0.4341864316356538,2024-03-11,0.1042298527713583,-0.3706989840135293,-0.3948503218107194,-0.1887933064558558,-0.2615680463503078,validation
2024-03-11,Asset Management,964,5978568634.560038,7369874943.419644,820568765.6626204,5157999868.897417,6549306177.757024,13348443577.979685,23.314665629151797,-1391306308.8596067,-0.1042298527713583,0.1042298527713583,6,-0.11757067770944786,0.3430419974185296,2024-03-18,0.1879624442145602,0.1042298527713583,-0.3706989840135293,-0.3948503218107194,-0.1887933064558558,validation
2024-03-18,Asset Management,962,4041253291.5690594,5912112196.952404,558202348.2182198,3483050943.35084,5353909848.734184,9953365488.521463,23.02117657107952,-1870858905.383345,-0.1879624442145602,0.1879624442145602,6,-0.03796873904635754,0.37406130933142645,2024-03-25,-0.2627203485209322,0.1879624442145602,0.1042298527713583,-0.3706989840135293,-0.3948503218107194,validation
2024-03-25,Asset Management,977,3463564404.5363383,2022312826.4646995,466808866.8375397,2996755537.6987987,1555503959.6271598,5485877231.001038,22.42544285079382,1441251578.0716388,0.2627203485209322,-0.2627203485209322,6,0.24853372207075436,0.3941217513078534,2024-04-01,0.2291533348849425,-0.2627203485209322,0.1879624442145602,0.1042298527713583,-0.3706989840135293,validation
2024-04-01,Asset Management,981,4498953299.48093,7173804729.0159855,547614138.3853995,3951339161.095531,6626190590.630586,11672758028.496916,23.180523590326175,-2674851429.535055,-0.2291533348849425,0.2291533348849425,6,-0.18612310377718144,0.3926244765912448,2024-04-08,0.2442345102206212,0.2291533348849425,-0.2627203485209322,0.1879624442145602,0.1042298527713583,validation
2024-04-08,Asset Management,982,6874900497.02448,11318310465.89309,1026435184.6661904,5848465312.35829,10291875281.226898,18193210962.91757,23.624314337477845,-4443409968.868609,-0.2442345102206212,0.2442345102206212,6,-0.22549695970867062,0.3429029495910211,2024-04-15,-0.2352957283333238,0.2442345102206212,0.2291533348849425,-0.2627203485209322,0.1879624442145602,validation
2024-04-15,Asset Management,985,2313115606.606876,1431923825.7366,243012560.87449,2070103045.7323856,1188911264.86211,3745039432.343476,22.04369798345788,881191780.870276,0.2352957283333238,-0.2352957283333238,6,0.03207095262876962,0.3119673331293435,2024-04-22,0.0907835495342086,-0.2352957283333238,0.2442345102206212,0.2291533348849425,-0.2627203485209322,validation
2024-04-22,Asset Management,984,2422041034.681412,2905713502.625081,318922948.7269806,2103118085.9544315,2586790553.8981004,5327754537.306494,22.39619569898557,-483672467.9436688,-0.0907835495342086,0.0907835495342086,6,-0.04834695339105752,0.34140065407536063,2024-04-29,0.1803988677114458,0.0907835495342086,-0.2352957283333238,0.2442345102206212,0.2291533348849425,validation
2024-04-29,Asset Management,986,2531386222.45049,3645731213.6422496,266195085.78904012,2265191136.66145,3379536127.853209,6177117436.092739,22.544117565474387,-1114344991.1917596,-0.1803988677114458,0.1803988677114458,6,-0.06730908961868703,0.3541905467190918,2024-05-06,0.207499223453561,0.1803988677114458,0.0907835495342086,-0.2352957283333238,0.2442345102206212,validation
2024-05-06,Asset Management,985,2649376796.9473205,4036741060.23076,291188330.20325005,2358188466.7440705,3745552730.0275097,6686117857.17808,22.623299252395608,-1387364263.2834392,-0.207499223453561,0.207499223453561,6,-0.19944838199871073,0.3840761857788991,2024-05-13,-0.3318756120639405,0.207499223453561,0.1803988677114458,0.0907835495342086,-0.2352957283333238,validation
2024-05-13,Asset Management,989,4616477337.404516,2315817684.1262016,317977584.8048198,4298499752.599696,1997840099.3213816,6932295021.530718,22.659456767405207,2300659653.2783146,0.3318756120639405,-0.3318756120639405,6,0.11208060195486286,0.3560251101452043,2024-05-20,-0.3131792394871167,-0.3318756120639405,0.207499223453561,0.1803988677114458,0.0907835495342086,validation
2024-05-20,Asset Management,995,11613908568.277908,6074321977.940455,712595374.0228908,10901313194.255018,5361726603.917563,17688230546.21836,23.59616531451987,5539586590.337454,0.3131792394871167,-0.3131792394871167,6,0.33712716019008304,0.45938725922300344,2024-05-27,-0.1309507414129981,-0.3131792394871167,-0.3318756120639405,0.207499223453561,0.1803988677114458,validation
2024-05-27,Asset Management,996,2573681153.718047,1977677379.3733523,287844587.8179703,2285836565.900077,1689832791.5553825,4551358533.0914,22.23869160426464,596003774.3446946,0.1309507414129981,-0.1309507414129981,6,-0.03637028804557407,0.2751075918209254,2024-06-03,0.1100194846415058,-0.1309507414129981,-0.3131792394871167,-0.3318756120639405,0.207499223453561,validation
2024-06-03,Asset Management,997,2151134777.213801,2682981790.7142053,272526934.6221701,1878607842.591631,2410454856.092036,4834116567.928006,22.29896423332008,-531847013.5004044,-0.1100194846415058,0.1100194846415058,6,0.011546686787130814,0.3715238070144789,2024-06-10,0.2724929278041302,0.1100194846415058,-0.1309507414129981,-0.3131792394871167,-0.3318756120639405,validation
2024-06-10,Asset Management,1004,2469652393.0855007,4319703992.499122,341656188.02575034,2127996205.0597503,3978047804.473372,6789356385.584622,22.63862198559789,-1850051599.413621,-0.2724929278041302,0.2724929278041302,6,-0.18811573785061356,0.3301076735973531,2024-06-17,0.1535453069072788,0.2724929278041302,0.1100194846415058,-0.1309507414129981,-0.3131792394871167,validation
2024-06-17,Asset Management,1003,2128692593.7697897,2900974347.982547,310388862.2998696,1818303731.46992,2590585485.6826773,5029666941.7523365,22.338619604701258,-772281754.2127571,-0.1535453069072788,0.1535453069072788,6,-0.21169512636270668,0.3088428069303694,2024-06-24,0.3440988800283091,0.1535453069072788,0.2724929278041302,0.1100194846415058,-0.1309507414129981,validation
2024-06-24,Asset Management,1007,2204816097.214131,4518197570.789034,372228208.9772906,1832587888.23684,4145969361.8117433,6723013668.003164,22.62880235360143,-2313381473.574903,-0.3440988800283091,0.3440988800283091,6,-0.25659410596793636,0.4214588352883019,2024-07-01,0.2942601230624742,0.3440988800283091,0.1535453069072788,0.2724929278041302,0.1100194846415058,validation
2024-07-01,Asset Management,1011,4376606676.12221,8026282317.80562,806119952.0171008,3570486724.1051087,7220162365.788519,12402888993.92783,23.241195265882894,-3649675641.68341,-0.2942601230624742,0.2942601230624742,6,-0.24637200004033405,0.3814166061319106,2024-07-08,-0.221258793487329,0.2942601230624742,0.3440988800283091,0.1535453069072788,0.2724929278041302,validation
2024-07-08,Asset Management,1011,4073733537.548499,2597634659.385209,259053970.7584501,3814679566.790049,2338580688.626759,6671368196.933708,22.621090802964744,1476098878.16329,0.221258793487329,-0.221258793487329,6,0.23590815406787774,0.3932891981276176,2024-07-15,-0.2455792582124689,-0.221258793487329,0.2942601230624742,0.3440988800283091,0.1535453069072788,validation
2024-07-15,Asset Management,1019,6025709312.286731,3649643376.1230416,355265438.04535043,5670443874.241381,3294377938.077691,9675352688.409773,22.9928475288836,2376065936.163689,0.2455792582124689,-0.2455792582124689,6,0.25712390183837797,0.34321484695134047,2024-07-22,0.2965121340170046,-0.2455792582124689,-0.221258793487329,0.2942601230624742,0.3440988800283091,validation
2024-07-22,Asset Management,1019,3030318380.0373006,5584807840.52085,395395217.78468966,2634923162.252611,5189412622.73616,8615126220.558151,22.876785358189625,-2554489460.4835496,-0.2965121340170046,0.2965121340170046,6,-0.221987517442586,0.4254967655585962,2024-07-29,0.2608236977996766,0.2965121340170046,-0.2455792582124689,-0.221258793487329,0.2942601230624742,validation
2024-07-29,Asset Management,1021,5045477880.680202,8606144514.846304,568224330.7265297,4477253549.953671,8037920184.119774,13651622395.526505,23.337124208402848,-3560666634.1661024,-0.2608236977996766,0.2608236977996766,6,-0.264054531106279,0.3292395050580806,2024-08-05,0.1222910373366727,0.2608236977996766,0.2965121340170046,-0.2455792582124689,-0.221258793487329,validation
2024-08-05,Asset Management,1022,2108239319.6421804,2695720556.18026,200913897.13859975,1907325422.5035808,2494806659.0416603,4803959875.822441,22.292706389093976,-587481236.5380797,-0.1222910373366727,0.1222910373366727,6,0.07686108767923003,0.3857054910536813,2024-08-12,-0.0556715047707589,0.1222910373366727,0.2608236977996766,0.2965121340170046,-0.2455792582124689,validation
2024-08-12,Asset Management,1022,1940204413.424523,1735568598.6467693,157668385.75012997,1782536027.6743932,1577900212.896639,3675773012.071293,22.025029291184943,204635814.77775383,0.0556715047707589,-0.0556715047707589,6,0.08126164800102983,0.32111036743854243,2024-08-19,-0.2685574747666479,-0.0556715047707589,0.1222910373366727,0.2608236977996766,0.2965121340170046,validation
2024-08-19,Asset Management,1022,3620704134.08838,2087675984.4465115,310536171.73921984,3310167962.34916,1777139812.7072916,5708380118.534891,22.465201128515904,1533028149.6418684,0.2685574747666479,-0.2685574747666479,6,0.16210734681109243,0.3190928972419356,2024-08-26,0.3245309493167323,-0.2685574747666479,-0.0556715047707589,0.1222910373366727,0.2608236977996766,validation
2024-08-26,Asset Management,1019,2886210517.068412,5659585960.649934,333991785.5480802,2552218731.5203314,5325594175.101853,8545796477.718346,22.86870535908457,-2773375443.581522,-0.3245309493167323,0.3245309493167323,6,-0.2948530696279687,0.36421289399313117,2024-09-02,0.2432416678547503,0.3245309493167323,-0.2685574747666479,-0.0556715047707589,0.1222910373366727,validation
2024-09-02,Asset Management,1020,1892937926.4369104,3109816178.8818426,212398951.22458988,1680538975.2123203,2897417227.657253,5002754105.318752,22.333254418997917,-1216878252.4449325,-0.2432416678547503,0.2432416678547503,6,-0.2328680704244948,0.39430019352288226,2024-09-09,-0.1790819131983657,0.2432416678547503,0.3245309493167323,-0.2685574747666479,-0.0556715047707589,validation
2024-09-09,Asset Management,1018,2610754580.8678684,1817698695.6071508,355722599.46757007,2255031981.400298,1461976096.1395807,4428453276.475019,22.21131621274051,793055885.2607176,0.1790819131983657,-0.1790819131983657,6,0.16541974205844578,0.32774820990581893,2024-09-16,-0.2954192108396264,-0.1790819131983657,0.2432416678547503,0.3245309493167323,-0.2685574747666479,validation
2024-09-16,Asset Management,1013,5095476986.507448,2771438902.758719,401074826.4125499,4694402160.094898,2370364076.346169,7866915889.266167,22.785931940774077,2324038083.748729,0.2954192108396264,-0.2954192108396264,6,0.2587457498351588,0.3721564325970165,2024-09-23,-0.215961451870309,-0.2954192108396264,-0.1790819131983657,0.2432416678547503,0.3245309493167323,validation
2024-09-23,Asset Management,1012,3889320774.198997,2507791187.2315383,297530844.9603495,3591789929.2386475,2210260342.2711887,6397111961.430535,22.57911246959524,1381529586.9674587,0.215961451870309,-0.215961451870309,6,0.2720364047701236,0.41480979675652857,2024-09-30,0.2170564706179584,-0.215961451870309,-0.2954192108396264,-0.1790819131983657,0.2432416678547503,validation
2024-09-30,Asset Management,1011,3376312109.778721,5248351057.036292,361789213.12197006,3014522896.6567507,4886561843.914322,8624663166.815014,22.87789174609429,-1872038947.2575712,-0.2170564706179584,0.2170564706179584,6,-0.3160825116828075,0.3818762619733695,2024-10-07,-0.1990426930880269,0.2170564706179584,-0.215961451870309,-0.2954192108396264,-0.1790819131983657,validation
2024-10-07,Asset Management,1012,1687240140.1721776,1127071893.7502208,249594306.01874968,1437645834.1534278,877477587.7314711,2814312033.9223986,21.7579836761018,560168246.4219568,0.1990426930880269,-0.1990426930880269,6,-0.05155969775051944,0.3325008632580463,2024-10-14,-0.4268158029246452,-0.1990426930880269,0.2170564706179584,-0.215961451870309,-0.2954192108396264,validation
2024-10-14,Asset Management,1011,4815218100.193478,1934382079.9045904,340420680.98369,4474797419.209787,1593961398.9209006,6749600180.098068,22.632749107646625,2880836020.288887,0.4268158029246452,-0.4268158029246452,6,0.2901843904192095,0.46113295258876796,2024-10-21,0.2794935363209397,-0.4268158029246452,-0.1990426930880269,0.2170564706179584,-0.215961451870309,validation
2024-10-21,Asset Management,1009,2827737573.52071,5021567647.369819,311327883.3426595,2516409690.1780505,4710239764.027159,7849305220.890529,22.78369085805824,-2193830073.8491087,-0.2794935363209397,0.2794935363209397,6,-0.32238302274444575,0.43344876428789775,2024-10-28,0.1305964793799607,0.2794935363209397,-0.4268158029246452,-0.1990426930880269,0.2170564706179584,validation
2024-10-28,Asset Management,1008,1303645959.567099,1695297404.8153405,163439339.73699006,1140206619.8301091,1531858065.0783503,2998943364.38244,21.82152585203428,-391651445.2482414,-0.1305964793799607,0.1305964793799607,6,-0.06484410301023262,0.2676826900554159,2024-11-04,-0.3151177885480387,0.1305964793799607,0.2794935363209397,-0.4268158029246452,-0.1990426930880269,validation
2024-11-04,Asset Management,1011,14525257841.744968,7564410427.105138,812917967.2426307,13712339874.502337,6751492459.862507,22089668268.850105,23.81837583705654,6960847414.639829,0.3151177885480387,-0.3151177885480387,6,0.3514279110729482,0.38144355739179026,2024-11-11,0.0155336041456028,-0.3151177885480387,0.1305964793799607,0.2794935363209397,-0.4268158029246452,validation
2024-11-11,Asset Management,1012,2710411283.128331,2795944839.420725,293202858.8417701,2417208424.286561,2502741980.5789547,5506356122.549056,22.429168920752307,-85533556.29239368,-0.0155336041456028,0.0155336041456028,6,0.16665658919984852,0.3078122497902453,2024-11-18,-0.1031387047165605,0.0155336041456028,-0.3151177885480387,0.1305964793799607,0.2794935363209397,validation
2024-11-18,Asset Management,1011,7966398942.298285,6476751149.774977,579700223.5107293,7386698718.787556,5897050926.264248,14443150092.07326,23.39348609710957,1489647792.5233088,0.1031387047165605,-0.1031387047165605,6,0.2525969591862074,0.38331949528166437,2024-11-25,-0.0940558195680882,-0.1031387047165605,0.0155336041456028,-0.3151177885480387,0.1305964793799607,validation
2024-11-25,Asset Management,1013,8009717619.625874,6632529103.74141,853590706.1128807,7156126913.512994,5778938397.62853,14642246723.367285,23.407176798484247,1377188515.8844645,0.0940558195680882,-0.0940558195680882,6,0.16872751887269122,0.36040375091628674,2024-12-02,-0.1211530823320557,-0.0940558195680882,-0.1031387047165605,0.0155336041456028,-0.3151177885480387,validation
2024-12-02,Asset Management,1012,7022161376.478771,5504515822.4498825,936756565.0859804,6085404811.392791,4567759257.363902,12526677198.928654,23.251126383130376,1517645554.0288887,0.1211530823320557,-0.1211530823320557,6,0.18422250661291878,0.3044909023954724,2024-12-09,0.1243655397841271,-0.1211530823320557,-0.0940558195680882,-0.1031387047165605,0.0155336041456028,validation
2024-12-09,Asset Management,1010,4101989328.843661,5267192710.502724,634927825.7029912,3467061503.14067,4632264884.799732,9369182039.346386,22.96069163379889,-1165203381.6590624,-0.1243655397841271,0.1243655397841271,6,-0.026071183919219754,0.25596484106346046,2024-12-16,0.2003592310416403,0.1243655397841271,-0.1211530823320557,-0.0940558195680882,-0.1031387047165605,validation
2024-12-16,Asset Management,1009,9336842101.077234,14015749371.315388,1343553783.9672704,7993288317.109964,12672195587.348118,23352591472.392624,23.87397379877427,-4678907270.238153,-0.2003592310416403,0.2003592310416403,6,-0.2202776801592268,0.32118643563050475,2024-12-23,-0.1578251503718117,0.2003592310416403,0.1243655397841271,-0.1211530823320557,-0.0940558195680882,validation
2024-12-23,Asset Management,1007,4246485558.235488,3088793964.53497,567209954.0743505,3679275604.161138,2521584010.4606194,7335279522.770458,22.71596135603209,1157691593.7005186,0.1578251503718117,-0.1578251503718117,6,0.14634880007079182,0.3392396989729042,2024-12-30,-0.4585391106918413,-0.1578251503718117,0.2003592310416403,0.1243655397841271,-0.1211530823320557,validation
2024-12-30,Asset Management,1008,7564672070.938,2808271671.8592496,360482777.35543,7204189293.58257,2447788894.5038195,10372943742.797249,23.06246669005133,4756400399.078751,0.4585391106918413,-0.4585391106918413,6,0.30720850873127287,0.363038425606356,2025-01-06,0.1949088184271074,-0.4585391106918413,-0.1578251503718117,0.2003592310416403,0.1243655397841271,test
2025-01-06,Asset Management,1012,5694650638.844221,8451947334.614343,804396718.2648594,4890253920.579362,7647550616.3494835,14146597973.458565,23.372740006295416,-2757296695.7701216,-0.1949088184271074,0.1949088184271074,6,-0.23272044537070138,0.3372993533844468,2025-01-13,-0.3955957719109262,0.1949088184271074,-0.4585391106918413,-0.1578251503718117,0.2003592310416403,test
2025-01-13,Asset Management,1010,5586243351.350101,2419288714.2868,212481751.4518599,5373761599.898242,2206806962.83494,8005532065.636902,22.80339864797414,3166954637.0633016,0.3955957719109262,-0.3955957719109262,6,0.3201185088533327,0.27718617083638125,2025-01-20,-0.3361993346638913,-0.3955957719109262,0.1949088184271074,-0.4585391106918413,-0.1578251503718117,test
2025-01-20,Asset Management,1010,3945688601.085718,1960149695.2313805,330193967.1314104,3615494633.954308,1629955728.09997,5905838296.317099,22.49920724050238,1985538905.8543377,0.3361993346638913,-0.3361993346638913,6,0.17488322150069108,0.30524287868239963,2025-01-27,0.3755964656547239,-0.3361993346638913,-0.3955957719109262,0.1949088184271074,-0.4585391106918413,test
2025-01-27,Asset Management,1007,1798320841.5147994,3961802996.991159,252495469.61164984,1545825371.9031496,3709307527.379509,5760123838.505958,22.47422481133732,-2163482155.4763594,-0.3755964656547239,0.3755964656547239,6,-0.13791171733998273,0.3607613961633548,2025-02-03,0.3154625924901949,0.3755964656547239,-0.3361993346638913,-0.3955957719109262,0.1949088184271074,test
2025-02-03,Asset Management,1004,2211752402.5074906,4250282771.1533737,397763868.0828703,1813988534.4246204,3852518903.070503,6462035173.660864,22.58921014764261,-2038530368.645883,-0.3154625924901949,0.3154625924901949,6,-0.0009393719142210474,0.3423470047577639,2025-02-10,0.0455346555386664,0.3154625924901949,0.3755964656547239,-0.3361993346638913,-0.3955957719109262,test
2025-02-10,Asset Management,1005,1850786161.2928293,2027376984.247772,197341367.9955799,1653444793.2972493,1830035616.252192,3878163145.540601,22.07862746264488,-176590822.95494246,-0.0455346555386664,0.0455346555386664,6,0.004177741899549819,0.27486186974520604,2025-02-17,-0.0597235219457685,0.0455346555386664,0.3154625924901949,0.3755964656547239,-0.3361993346638913,test
2025-02-17,Asset Management,1004,3362081611.386132,2983123608.203562,328680824.7955508,3033400786.590581,2654442783.408011,6345205219.589693,22.570965281260275,378958003.18257,0.0597235219457685,-0.0597235219457685,6,-0.006587365859069648,0.2904936139546222,2025-02-24,0.3129873306605293,-0.0597235219457685,0.0455346555386664,0.3154625924901949,0.3755964656547239,test
2025-02-24,Asset Management,1005,6062347972.706582,11586083397.664608,467787553.3198693,5594560419.386713,11118295844.344738,17648431370.37119,23.593912742232902,-5523735424.958026,-0.3129873306605293,0.3129873306605293,6,-0.306249180985733,0.4100536780837237,2025-03-03,0.2764823801826088,0.3129873306605293,-0.0597235219457685,0.0455346555386664,0.3154625924901949,test
2025-03-03,Asset Management,1003,4351538707.118394,7677300917.317236,381975150.0923895,3969563557.026004,7295325767.224847,12028839624.43563,23.21057290554223,-3325762210.198842,-0.2764823801826088,0.2764823801826088,6,-0.29854195489770163,0.3365116935826173,2025-03-10,0.1633240205093479,0.2764823801826088,0.3129873306605293,-0.0597235219457685,0.0455346555386664,test
2025-03-10,Asset Management,1001,2165590706.459652,3011062525.0051994,171681079.53765002,1993909626.9220016,2839381445.4675493,5176653231.464851,22.367424590290295,-845471818.5455475,-0.1633240205093479,0.1633240205093479,6,0.049166234559138246,0.3883297323835927,2025-03-17,-0.2113188122995519,0.1633240205093479,0.2764823801826088,0.3129873306605293,-0.0597235219457685,test
2025-03-17,Asset Management,998,2537076171.564782,1651872511.1497705,216462931.02278963,2320613240.5419927,1435409580.1269803,4188948682.714552,22.155715628589093,885203660.4150119,0.2113188122995519,-0.2113188122995519,6,0.09807749915463831,0.3307732081773305,2025-03-24,0.3952772187961693,-0.2113188122995519,0.1633240205093479,0.2764823801826088,0.3129873306605293,test
2025-03-24,Asset Management,994,2143795546.442981,4946380689.931957,200423706.65688983,1943371839.786091,4745956983.275067,7090176236.374938,22.681976034357103,-2802585143.4889765,-0.3952772187961693,0.3952772187961693,6,-0.19025510826986458,0.47021247895622864,2025-03-31,-0.0102481796502575,0.3952772187961693,-0.2113188122995519,0.1633240205093479,0.2764823801826088,test
2025-03-31,Asset Management,997,1362976247.5286794,1335323586.083561,268145709.03749987,1094830538.4911797,1067177877.046061,2698299833.6122403,21.715887720733768,27652661.445118427,0.0102481796502575,-0.0102481796502575,6,0.014591547564686683,0.2313662893058082,2025-04-07,-0.2314634554347697,-0.0102481796502575,0.3952772187961693,-0.2113188122995519,0.1633240205093479,test
2025-04-07,Asset Management,998,3208053419.595211,2002094563.988441,307541817.75447035,2900511601.8407407,1694552746.2339706,5210147983.5836525,22.373874096259097,1205958855.60677,0.2314634554347697,-0.2314634554347697,6,0.22539492362725586,0.23198883894509476,2025-04-14,-0.1969842700803808,-0.2314634554347697,-0.0102481796502575,0.3952772187961693,-0.2113188122995519,test
2025-04-14,Asset Management,993,1646174725.5164306,1104362214.1308804,95753045.15300998,1550421680.3634207,1008609168.9778703,2750536939.647311,21.735061980710345,541812511.3855503,0.1969842700803808,-0.1969842700803808,6,-0.013012034605569996,0.2261709963248649,2025-04-21,-0.3097186665975805,-0.1969842700803808,-0.2314634554347697,-0.0102481796502575,0.3952772187961693,test
2025-04-21,Asset Management,994,4765429875.970762,2511598385.908582,277014016.9128801,4488415859.057882,2234584368.9957023,7277028261.879345,22.70798841016796,2253831490.06218,0.3097186665975805,-0.3097186665975805,6,0.2655117149752034,0.3450668650616627,2025-04-28,-0.348523635629732,-0.3097186665975805,-0.1969842700803808,-0.2314634554347697,-0.0102481796502575,test
2025-04-28,Asset Management,989,1706121676.0228312,824233196.43902,134287642.08202013,1571834033.9408112,689945554.3569999,2530354872.461851,21.65162539603991,881888479.5838112,0.348523635629732,-0.348523635629732,6,0.07542238522193326,0.3831133739918354,2025-05-05,-0.3104499505420688,-0.348523635629732,-0.3097186665975805,-0.1969842700803808,-0.2314634554347697,test
2025-05-05,Asset Management,991,14434218270.148054,7595189665.923563,655521639.3254604,13778696630.822594,6939668026.598103,22029407936.071617,23.81564412209637,6839028604.224491,0.3104499505420688,-0.3104499505420688,6,0.2898631358614875,0.3920641443904721,2025-05-12,0.0285769993347603,-0.3104499505420688,-0.348523635629732,-0.3097186665975805,-0.1969842700803808,test
2025-05-12,Asset Management,992,1816098182.684461,1922948929.5226407,234468263.27931008,1581629919.4051511,1688480666.2433312,3739047112.2071023,22.042096633345317,-106850746.83818008,-0.0285769993347603,0.0285769993347603,6,-0.057922618692417216,0.2672032523560284,2025-05-19,-0.4981234763150414,0.0285769993347603,-0.3104499505420688,-0.348523635629732,-0.3097186665975805,test
2025-05-19,Asset Management,990,3261741279.6507974,1092694561.2102711,172595110.19350022,3089146169.4572973,920099451.0167708,4354435840.861069,22.194460896232886,2169046718.440526,0.4981234763150414,-0.4981234763150414,6,0.0701193684166074,0.2884076518088706,2025-05-26,0.1549172514094715,-0.4981234763150414,0.0285769993347603,-0.3104499505420688,-0.348523635629732,test
2025-05-26,Asset Management,985,1686950022.9660995,2305440132.387752,223932102.54764003,1463017920.4184597,2081508029.8401115,3992390155.3538513,22.107655925177497,-618490109.4216518,-0.1549172514094715,0.1549172514094715,6,-0.18632633592732734,0.2654167976892306,2025-06-02,-0.0874977027809841,0.1549172514094715,-0.4981234763150414,0.0285769993347603,-0.3104499505420688,test
2025-06-02,Asset Management,993,1678276258.0594687,1408215334.0932808,90709258.70567,1587566999.3537989,1317506075.387611,3086491592.152749,21.850300876046823,270060923.96618795,0.0874977027809841,-0.0874977027809841,6,-0.03720892463342905,0.33058495764082,2025-06-09,0.4003373723121587,-0.0874977027809841,0.1549172514094715,-0.4981234763150414,0.0285769993347603,test
2025-06-09,Asset Management,991,1988218870.4096284,4642905960.816673,142992032.20842016,1845226838.201208,4499913928.6082535,6631124831.226301,22.615040284706584,-2654687090.407045,-0.4003373723121587,0.4003373723121587,6,-0.08854448417164269,0.5573346229363221,2025-06-16,0.2539022626211075,0.4003373723121587,-0.0874977027809841,0.1549172514094715,-0.4981234763150414,test
2025-06-16,Asset Management,976,3031999234.84412,5095620198.759317,244147019.44006965,2787852215.4040504,4851473179.319248,8127619433.603437,22.818533905156286,-2063620963.9151971,-0.2539022626211075,0.2539022626211075,6,-0.24388881906622023,0.35187182695309577,2025-06-23,-0.3460438587746133,0.2539022626211075,0.4003373723121587,-0.0874977027809841,0.1549172514094715,test
2025-06-23,Asset Management,974,4790556656.621995,2327423378.5651703,207073781.34142023,4583482875.280575,2120349597.22375,7117980035.187165,22.685889819336342,2463133278.0568247,0.3460438587746133,-0.3460438587746133,6,0.2324245185450929,0.30023610087486596,2025-06-30,0.0527231848085552,-0.3460438587746133,0.2539022626211075,0.4003373723121587,-0.0874977027809841,test
2025-06-30,Asset Management,974,1544989962.8292897,1716970929.8102014,182565919.06820968,1362424043.76108,1534405010.7419918,3261960892.639491,21.905594352612148,-171980966.98091173,-0.0527231848085552,0.0527231848085552,6,-0.11204170732795049,0.2591356613649011,2025-07-07,-0.3203851113808022,0.0527231848085552,-0.3460438587746133,0.2539022626211075,0.4003373723121587,test
2025-07-07,Asset Management,977,8095304202.762655,4166730764.137165,420699357.1405602,7674604845.622095,3746031406.996605,12262034966.89982,23.229773738011744,3928573438.62549,0.3203851113808022,-0.3203851113808022,6,0.31801047701438184,0.4085241295690875,2025-07-14,-0.3558019855302498,-0.3203851113808022,0.0527231848085552,-0.3460438587746133,0.2539022626211075,test
2025-07-14,Asset Management,977,13283660464.703749,6311620566.705202,587995666.8177307,12695664797.88602,5723624899.887471,19595281031.40895,23.698554610542057,6972039897.998547,0.3558019855302498,-0.3558019855302498,6,0.27538723499326406,0.425014269405055,2025-07-21,-0.0489280544993588,-0.3558019855302498,-0.3203851113808022,0.0527231848085552,-0.3460438587746133,test
2025-07-21,Asset Management,978,3567648474.0350804,3234817069.2053995,327185278.9889404,3240463195.04614,2907631790.2164598,6802465543.24048,22.64055096344758,332831404.8296809,0.0489280544993588,-0.0489280544993588,6,-0.07115915523658951,0.2793796456328578,2025-07-28,0.2597572970667409,-0.0489280544993588,-0.3558019855302498,-0.3203851113808022,0.0527231848085552,test
2025-07-28,Asset Management,978,5686966699.83568,9678174158.157814,580108350.99992,5106858348.83576,9098065807.157894,15365140857.993494,23.45536720001001,-3991207458.322134,-0.2597572970667409,0.2597572970667409,6,-0.27451937995510983,0.3595493573904263,2025-08-04,-0.4428343251659948,0.2597572970667409,-0.0489280544993588,-0.3558019855302498,-0.3203851113808022,test
2025-08-04,Asset Management,977,15230165408.718382,5881288821.43543,539046847.3213304,14691118561.39705,5342241974.1141,21111454230.15381,23.77308158469325,9348876587.282951,0.4428343251659948,-0.4428343251659948,6,0.38828303114453827,0.4579394832619314,2025-08-11,-0.262720206199688,-0.4428343251659948,0.2597572970667409,-0.0489280544993588,-0.3558019855302498,test
2025-08-11,Asset Management,974,6052181085.126739,3533760527.927072,185168927.63485003,5867012157.491888,3348591600.292221,9585941613.05381,22.98356344691356,2518420557.199667,0.262720206199688,-0.262720206199688,6,0.14071097620708636,0.43089882468849866,2025-08-18,0.4390434432807898,-0.262720206199688,-0.4428343251659948,0.2597572970667409,-0.0489280544993588,test
2025-08-18,Asset Management,962,970797802.5387197,2490424963.860489,89431562.14814001,881366240.3905797,2400993401.712349,3461222766.3992085,21.964887764567056,-1519627161.3217692,-0.4390434432807898,0.4390434432807898,6,-0.3963198300198854,0.41257067427885863,,,0.4390434432807898,-0.262720206199688,-0.4428343251659948,0.2597572970667409,unavailable
2020-03-23,"Infrastructure, Services & Financial Products",2,0.0,0.0,0.0,0.0,0.0,0.0,0.0,0.0,,,0,,,2020-03-30,-0.5649907359247787,,,,,training
2020-03-30,"Infrastructure, Services & Financial Products",12,430379.42741,119629.48642000007,2712.418379999999,427667.00903,116917.06804000009,550008.91383,13.217691582191655,310749.94098999986,0.5649907359247787,-0.5649907359247787,4,0.4671568082453773,0.5474328369208165,2020-04-06,-0.6088699054226214,-0.5649907359247787,,,,training
2020-04-06,"Infrastructure, Services & Financial Products",12,381759.32311,92808.97085,3978.15501,377781.1681,88830.81584,474568.29396,13.070162922112823,288950.35226,0.6088699054226214,-0.6088699054226214,4,0.5959907159539392,0.6124281212811845,2020-04-13,-0.4597017878227577,-0.6088699054226214,-0.5649907359247787,,,training
2020-04-13,"Infrastructure, Services & Financial Products",12,932686.15769,345227.1331900001,181803.85403,750882.30366,163423.2791600001,1277913.29088,14.060739846631533,587459.0244999998,0.4597017878227577,-0.4597017878227577,4,0.3884452934585889,0.5996342056836228,2020-04-20,-0.2746612277970133,-0.4597017878227577,-0.6088699054226214,-0.5649907359247787,,training
2020-04-20,"Infrastructure, Services & Financial Products",12,274281.5220500001,156078.35093999995,7031.605660000005,267249.9163900001,149046.74527999994,430359.87299000006,12.972379375216802,118203.17111000014,0.2746612277970133,-0.2746612277970133,4,0.16591995465865417,0.40344153240770286,2020-04-27,-0.1515442655627771,-0.2746612277970133,-0.4597017878227577,-0.6088699054226214,-0.5649907359247787,training
2020-04-27,"Infrastructure, Services & Financial Products",12,358485.91791,264131.77665999986,23228.25867000002,335257.65923999995,240903.51798999985,622617.6945699998,13.341689563153054,94354.1412500001,0.1515442655627771,-0.1515442655627771,4,0.34398729859328403,0.7251050268489807,2020-05-04,0.8848570652306366,-0.1515442655627771,-0.2746612277970133,-0.4597017878227577,-0.6088699054226214,training
2020-05-04,"Infrastructure, Services & Financial Products",12,74441.87915000002,1218592.37083,7148.563389999988,67293.31576000003,1211443.80744,1293034.24998,14.072502919547896,-1144150.4916800002,-0.8848570652306366,0.8848570652306366,4,-0.2809269841202021,0.8172008196576688,2020-05-11,-0.3704424823455159,0.8848570652306366,-0.1515442655627771,-0.2746612277970133,-0.4597017878227577,training
2020-05-11,"Infrastructure, Services & Financial Products",12,225072.49792999984,103394.40356999986,27564.485329999992,197508.01259999984,75829.91823999987,328466.9014999997,12.702194399803874,121678.09435999996,0.3704424823455159,-0.3704424823455159,4,0.3977186722358983,0.5389168027386672,2020-05-18,-0.0162189740828217,-0.3704424823455159,0.8848570652306366,-0.1515442655627771,-0.2746612277970133,training
2020-05-18,"Infrastructure, Services & Financial Products",13,1288814.83481,1247675.5627899994,12520.33456,1276294.50025,1235155.2282299993,2536490.3976,14.746292344538226,41139.27202000073,0.0162189740828217,-0.0162189740828217,4,0.18967219184626352,0.49454199538771837,2020-05-25,0.3187164564417102,-0.0162189740828217,-0.3704424823455159,0.8848570652306366,-0.1515442655627771,training
2020-05-25,"Infrastructure, Services & Financial Products",13,1160826.29204,2246936.31434,54541.76112999999,1106284.53091,2192394.55321,3407762.60638,15.04156680020041,-1086110.0223,-0.3187164564417102,0.3187164564417102,4,-0.1670095309782461,0.4594645823602109,2020-06-01,0.848769481654504,0.3187164564417102,-0.0162189740828217,-0.3704424823455159,0.8848570652306366,training
2020-06-01,"Infrastructure, Services & Financial Products",13,210631.58036999992,2574938.1931700013,74370.03996,136261.54040999993,2500568.153210001,2785569.7735400014,14.839963355960837,-2364306.612800001,-0.848769481654504,0.848769481654504,4,-0.19040910230136904,0.4587558581726445,2020-06-08,-0.8718810452156942,0.848769481654504,0.3187164564417102,-0.0162189740828217,-0.3704424823455159,training
2020-06-08,"Infrastructure, Services & Financial Products",16,2282625.1890300005,156231.91127999997,29940.610449999964,2252684.5785800004,126291.30083,2438857.1003100006,14.707040496050872,2126393.2777500004,0.8718810452156942,-0.8718810452156942,4,0.094219324800931,0.7965882738670715,2020-06-15,0.971841754454542,-0.8718810452156942,0.848769481654504,0.3187164564417102,-0.0162189740828217,training
2020-06-15,"Infrastructure, Services & Financial Products",17,1311937.7783300004,91871266.85081,22861.59860000004,1289076.1797300002,91848405.25221,93183204.62914,18.35007806630614,-90559329.07248,-0.971841754454542,0.971841754454542,4,-0.8580159606786685,0.9569085078308406,2020-06-22,0.9903160435287136,0.971841754454542,-0.8718810452156942,0.848769481654504,0.3187164564417102,training
2020-06-22,"Infrastructure, Services & Financial Products",17,1277857.47201,262634413.46785003,30540.831259999974,1247316.64075,262603872.63659003,263912270.93986,19.39112730262752,-261356555.99584004,-0.9903160435287136,0.9903160435287136,4,-0.07950566495893305,0.9685473860593282,2020-06-29,-0.9873211105456488,0.9903160435287136,0.971841754454542,-0.8718810452156942,0.848769481654504,training
2020-06-29,"Infrastructure, Services & Financial Products",17,578171882.1685399,3688672.827320001,68807.27000000002,578103074.8985399,3619865.557320001,581860554.9958599,20.18174138247953,574483209.3412199,0.9873211105456488,-0.9873211105456488,4,0.07142809027192086,0.9941600434064893,2020-07-06,0.2926550997154186,-0.9873211105456488,0.9903160435287136,0.971841754454542,-0.8718810452156942,training
2020-07-06,"Infrastructure, Services & Financial Products",18,6596057.187600003,12054129.40439,70733.97287000003,6525323.214730003,11983395.43152,18650186.59199,16.741366762555256,-5458072.216789997,-0.2926550997154186,0.2926550997154186,4,-0.0025656916717389094,0.8416201967717164,2020-07-13,0.3211301903272421,0.2926550997154186,-0.9873211105456488,0.9903160435287136,0.971841754454542,training
2020-07-13,"Infrastructure, Services & Financial Products",21,9984877.220149996,19431299.719469994,25417.32253,9959459.897619996,19405882.396939997,29416176.93961999,17.19705535102096,-9446422.49932,-0.3211301903272421,0.3211301903272421,4,0.1367516700079115,0.5813993044341936,2020-07-20,0.8330134142918111,0.3211301903272421,0.2926550997154186,-0.9873211105456488,0.9903160435287136,training
2020-07-20,"Infrastructure, Services & Financial Products",21,3526893.3000300005,38714742.87778,39953.52578999997,3486939.7742400006,38674789.35199,42241636.17781,17.55891695555554,-35187849.57775,-0.8330134142918111,0.8330134142918111,4,-0.14768179650249824,0.529097461545893,2020-07-27,0.6867864521164525,0.8330134142918111,0.3211301903272421,0.2926550997154186,-0.9873211105456488,training
2020-07-27,"Infrastructure, Services & Financial Products",23,2760490.7791900006,14866401.7856,72698.23457000002,2687792.5446200008,14793703.55103,17626892.56479,16.684936337191882,-12105911.00641,-0.6867864521164525,0.6867864521164525,4,-0.06672907643096185,0.517826880965067,2020-08-03,-0.1642909309633414,0.6867864521164525,0.8330134142918111,0.3211301903272421,0.2926550997154186,training
2020-08-03,"Infrastructure, Services & Financial Products",23,55512689.9995,39846104.82263,78439.86319,55434250.13631,39767664.95943999,95358794.82213,18.37315713349741,15666585.176870003,0.1642909309633414,-0.1642909309633414,4,0.07164806070340998,0.46213033768396183,2020-08-10,0.6807129091505876,-0.1642909309633414,0.6867864521164525,0.8330134142918111,0.3211301903272421,training
2020-08-10,"Infrastructure, Services & Financial Products",23,9506886.52663,50043823.78451001,718932.68912,8787953.83751,49324891.09539001,59550710.31114001,17.9023387984657,-40536937.25788001,-0.6807129091505876,0.6807129091505876,4,-0.3066918990693077,0.48707915636911175,2020-08-17,0.970214327742396,0.6807129091505876,-0.1642909309633414,0.6867864521164525,0.8330134142918111,training
2020-08-17,"Infrastructure, Services & Financial Products",24,1767705.8343800004,116927337.81558998,310880.34138,1456825.4930000002,116616457.47420998,118695043.64996998,18.592068111867444,-115159631.98120998,-0.970214327742396,0.970214327742396,4,0.11295740710488525,0.4515146282538425,2020-08-24,0.628425976169373,0.970214327742396,0.6807129091505876,-0.1642909309633414,0.6867864521164525,training
2020-08-24,"Infrastructure, Services & Financial Products",25,19546521.24222,85662777.51721,7917427.24546,11629093.99676,77745350.27175,105209298.75943,18.471462255115807,-66116256.27499001,-0.628425976169373,0.628425976169373,4,-0.5411610942446582,0.5189641160487227,2020-08-31,-0.5364319745154339,0.628425976169373,0.970214327742396,0.6807129091505876,-0.1642909309633414,training
2020-08-31,"Infrastructure, Services & Financial Products",25,126659889.63882,38215473.20146,20012670.89749,106647218.74133,18202802.303970005,164875362.84028,18.920700375763715,88444416.43736,0.5364319745154339,-0.5364319745154339,4,0.06395254592956678,0.6055779069153512,2020-09-07,0.8442674799870526,-0.5364319745154339,0.628425976169373,0.970214327742396,0.6807129091505876,training
2020-09-07,"Infrastructure, Services & Financial Products",25,11743422.450080004,139071865.82887003,8050152.822320002,3693269.6277600033,131021713.00655004,150815288.27895004,18.83156639619018,-127328443.37879002,-0.8442674799870526,0.8442674799870526,4,-0.36835239199034364,0.8736436592863887,2020-09-14,-0.5365706172641638,0.8442674799870526,-0.5364319745154339,0.628425976169373,0.970214327742396,training
2020-09-14,"Infrastructure, Services & Financial Products",30,102103100.4489,30794274.13540999,12275915.87483,89827184.57407,18518358.26057999,132897374.58431,18.705087776192105,71308826.31349,0.5365706172641638,-0.5365706172641638,4,-0.24002152899596632,0.4939428986897224,2020-09-21,-0.3693716375310191,-0.5365706172641638,0.8442674799870526,-0.5364319745154339,0.628425976169373,training
2020-09-21,"Infrastructure, Services & Financial Products",30,65202654.508610025,30027380.52580999,3368145.068950001,61834509.43966003,26659235.456859987,95230035.03442,18.37180595456373,35175273.98280004,0.3693716375310191,-0.3693716375310191,4,-0.04386972297414926,0.5542971738392056,2020-09-28,-0.8755605199655943,-0.3693716375310191,-0.5365706172641638,0.8442674799870526,-0.5364319745154339,training
2020-09-28,"Infrastructure, Services & Financial Products",30,144262822.72609,9571533.66006,5924855.299039999,138337967.42705002,3646678.3610200007,153834356.38615,18.851386980114963,134691289.06603003,0.8755605199655943,-0.8755605199655943,4,0.20095296832968162,0.8323813710062858,2020-10-05,-0.0641099112899509,-0.8755605199655943,-0.3693716375310191,-0.5365706172641638,0.8442674799870526,training
2020-10-05,"Infrastructure, Services & Financial Products",31,54169384.00573,47642249.230660014,932935.7110500006,53236448.29467999,46709313.51961001,101811633.23639,18.4386349407804,6527134.775069982,0.0641099112899509,-0.0641099112899509,4,-0.09202787527335478,0.47411284775613005,2020-10-12,0.0429537394177196,-0.0641099112899509,-0.8755605199655943,-0.3693716375310191,-0.5365706172641638,training
2020-10-12,"Infrastructure, Services & Financial Products",31,13315683.57216,14510941.159769991,475888.3968700005,12839795.17529,14035052.762899991,27826624.731929995,17.14150388044263,-1195257.5876099933,-0.0429537394177196,0.0429537394177196,4,-0.07820008581379201,0.44078586045171186,2020-10-19,0.5479277437567087,0.0429537394177196,-0.0641099112899509,-0.8755605199655943,-0.3693716375310191,training
2020-10-19,"Infrastructure, Services & Financial Products",31,18879451.69015,64644593.10321002,4360007.526609999,14519444.163539998,60284585.576600015,83524044.79336001,18.240645121937828,-45765141.41306002,-0.5479277437567087,0.5479277437567087,4,-0.11957687638964021,0.5831524819701226,2020-10-26,-0.3892025917109609,0.5479277437567087,0.0429537394177196,-0.0641099112899509,-0.8755605199655943,training
2020-10-26,"Infrastructure, Services & Financial Products",34,72936661.95250997,32068414.17923,2500498.126879999,70436163.82562996,29567916.052350003,105005076.13173996,18.469519260588417,40868247.773279965,0.3892025917109609,-0.3892025917109609,4,0.022998808219184805,0.29123875303513147,2020-11-02,0.906924903625571,-0.3892025917109609,0.5479277437567087,0.0429537394177196,-0.0641099112899509,training
2020-11-02,"Infrastructure, Services & Financial Products",33,6762967.130449999,138559839.80479,966776.1716299992,5796190.95882,137593063.63316,145322806.93524,18.79446808755862,-131796872.67434,-0.906924903625571,0.906924903625571,4,-0.34469735899630943,0.4791791765138055,2020-11-09,0.2552990683755425,0.906924903625571,-0.3892025917109609,0.5479277437567087,0.0429537394177196,training
2020-11-09,"Infrastructure, Services & Financial Products",34,16312470.258959994,27496982.814709987,3200366.9281,13112103.330859996,24296615.886609983,43809453.07366999,17.595360198486006,-11184512.555749994,-0.2552990683755425,0.2552990683755425,4,-0.047920311656327874,0.3497619232344206,2020-11-16,0.832913829194488,0.2552990683755425,0.906924903625571,-0.3892025917109609,0.5479277437567087,training
2020-11-16,"Infrastructure, Services & Financial Products",35,12400138.46964,136027926.04174,814125.4734500013,11586012.996189998,135213800.56829,148428064.51138,18.81561099151312,-123627787.5721,-0.832913829194488,0.832913829194488,4,-0.5075769250001948,0.7611388125765702,2020-11-23,-0.0189830709057396,0.832913829194488,0.2552990683755425,0.906924903625571,-0.3892025917109609,training
2020-11-23,"Infrastructure, Services & Financial Products",34,34121799.321749985,32850460.17108,325463.9431100004,33796335.37863998,32524996.22797,66972259.49282999,18.01978906912919,1271339.1506699843,0.0189830709057396,-0.0189830709057396,4,-0.07352982695125736,0.4463012993042709,2020-11-30,0.350734499320402,-0.0189830709057396,0.832913829194488,0.2552990683755425,0.906924903625571,training
2020-11-30,"Infrastructure, Services & Financial Products",37,32007724.139080003,66588995.09388998,24644789.183680005,7362934.955399997,41944205.910209976,98596719.23296998,18.40654855566232,-34581270.95480998,-0.350734499320402,0.350734499320402,4,-0.26041867873151303,0.5607941860882597,2020-12-07,-0.3109771146758835,0.350734499320402,-0.0189830709057396,0.832913829194488,0.2552990683755425,training
2020-12-07,"Infrastructure, Services & Financial Products",37,50197413.024290025,26382738.47088,1574405.5676100005,48623007.45668002,24808332.90327,76580151.49517003,18.15384849532993,23814674.553410027,0.3109771146758835,-0.3109771146758835,4,-0.21878338795691477,0.7991442292041164,2020-12-14,0.8060571419602837,-0.3109771146758835,0.350734499320402,-0.0189830709057396,0.832913829194488,training
2020-12-14,"Infrastructure, Services & Financial Products",37,8950966.00016,83354222.14269994,225147.78866999992,8725818.21149,83129074.35402994,92305188.14285994,18.34061091829212,-74403256.14253995,-0.8060571419602837,0.8060571419602837,4,-0.5664620617938045,0.7395309054100178,2020-12-21,-0.8302391806696395,0.8060571419602837,-0.3109771146758835,0.350734499320402,-0.0189830709057396,training
2020-12-21,"Infrastructure, Services & Financial Products",38,113704862.05685,10546507.11693,2626675.239989999,111078186.81686,7919831.876939999,124251369.17378,18.637817250435784,103158354.93992,0.8302391806696395,-0.8302391806696395,4,-0.1636418439716523,0.8845127114730381,2020-12-28,0.8858510188552777,-0.8302391806696395,0.8060571419602837,-0.3109771146758835,0.350734499320402,training
2020-12-28,"Infrastructure, Services & Financial Products",39,7721304.40676,127563379.33423,1834843.6621699987,5886460.744590001,125728535.67206,135284683.74098998,18.722891891915005,-119842074.92747,-0.8858510188552777,0.8858510188552777,5,-0.4469817748288063,0.7672161752804719,2021-01-04,0.7970766690437275,0.8858510188552777,-0.8302391806696395,0.8060571419602837,-0.3109771146758835,training
2021-01-04,"Infrastructure, Services & Financial Products",39,25096712.102030005,222254954.99078003,3328428.7108500004,21768283.391180005,218926526.27993003,247351667.09281003,19.326321639471367,-197158242.88875,-0.7970766690437275,0.7970766690437275,5,-0.16225947047101522,0.7472044695193144,2021-01-11,0.5669332143010306,0.7970766690437275,0.8858510188552777,-0.8302391806696395,0.8060571419602837,training
2021-01-11,"Infrastructure, Services & Financial Products",41,55614073.41606,201224249.22879,3718242.658280001,51895830.75778,197506006.57051,256838322.64485,19.36395735402273,-145610175.81272998,-0.5669332143010306,0.5669332143010306,5,-0.24170195017976123,0.8442455736021476,2021-01-18,0.3180930984244912,0.5669332143010306,0.7970766690437275,0.8858510188552777,-0.8302391806696395,training
2021-01-18,"Infrastructure, Services & Financial Products",41,69514562.28878,134368290.71702003,4759837.576949998,64754724.711830005,129608453.14007004,203882853.00580004,19.133056141797034,-64853728.42824003,-0.3180930984244912,0.3180930984244912,5,0.25265684487956025,0.909566354576986,2021-01-25,-0.4534295449011469,0.3180930984244912,0.5669332143010306,0.7970766690437275,0.8858510188552777,training
2021-01-25,"Infrastructure, Services & Financial Products",41,207290061.67228,77952607.84615001,51485899.420290016,155804162.25198996,26466708.425859995,285242669.51843,19.468850851436567,129337453.82612996,0.4534295449011469,-0.4534295449011469,5,-0.2008980359028234,0.7423851780492967,2021-02-01,0.4717099190850526,-0.4534295449011469,0.3180930984244912,0.5669332143010306,0.7970766690437275,training
2021-02-01,"Infrastructure, Services & Financial Products",42,86827112.10886002,241882872.21824995,22158736.60139,64668375.50747001,219724135.61685997,328709984.32710993,19.610686416411887,-155055760.10938993,-0.4717099190850526,0.4717099190850526,5,-0.24350402977177624,0.6123980010479384,2021-02-08,0.6841949687458475,0.4717099190850526,-0.4534295449011469,0.3180930984244912,0.5669332143010306,training
2021-02-08,"Infrastructure, Services & Financial Products",42,124391146.39530995,663380637.36201,100220552.80230996,24170593.592999995,563160084.5597,787771783.7573199,20.484718992624003,-538989490.9667001,-0.6841949687458475,0.6841949687458475,5,-0.3857833064442875,0.8717530505045609,2021-02-15,0.7342031875508415,0.6841949687458475,0.4717099190850526,-0.4534295449011469,0.3180930984244912,training
2021-02-15,"Infrastructure, Services & Financial Products",42,141419721.14382002,922699293.98448,37095211.67525999,104324509.46856004,885604082.30922,1064119015.1283,20.785413078873745,-781279572.8406599,-0.7342031875508415,0.7342031875508415,5,-0.6017464293162802,0.9163495465661394,2021-02-22,-0.6606735054465378,0.7342031875508415,0.6841949687458475,0.4717099190850526,-0.4534295449011469,training
2021-02-22,"Infrastructure, Services & Financial Products",43,1055178836.8316,215605376.16501,159172790.34843,896006046.4831699,56432585.81658,1270784212.99661,20.96290003818349,839573460.66659,0.6606735054465378,-0.6606735054465378,5,0.26119620963462464,0.8509918573002754,2021-03-01,0.5016179588402531,-0.6606735054465378,0.7342031875508415,0.6841949687458475,0.4717099190850526,training
2021-03-01,"Infrastructure, Services & Financial Products",46,116919873.35658002,352277905.45785993,71990503.00366001,44929370.35292001,280287402.4541999,469197778.81444,19.96653494287912,-235358032.1012799,-0.5016179588402531,0.5016179588402531,5,-0.38961159278373314,0.6825670379564752,2021-03-08,0.2312489436176464,0.5016179588402531,-0.6606735054465378,0.7342031875508415,0.6841949687458475,training
2021-03-08,"Infrastructure, Services & Financial Products",48,415415656.55449,665339037.9740201,80606737.12531999,334808919.42917,584732300.8487002,1080754694.52851,20.80092542619701,-249923381.41953012,-0.2312489436176464,0.2312489436176464,5,-0.6070558134649607,0.7993691881650987,2021-03-15,0.532700240196933,0.2312489436176464,0.5016179588402531,-0.6606735054465378,0.7342031875508415,training
2021-03-15,"Infrastructure, Services & Financial Products",50,66338014.57231999,217582587.48524004,43097147.05211,23240867.52021,174485440.43313006,283920602.05756,19.46420519034069,-151244572.91292006,-0.532700240196933,0.532700240196933,5,-0.3872607925024505,0.5828754136985906,2021-03-22,-0.5264550977040529,0.532700240196933,0.2312489436176464,0.5016179588402531,-0.6606735054465378,training
2021-03-22,"Infrastructure, Services & Financial Products",52,188118567.5924,58359128.18175002,21380603.341960013,166737964.25043997,36978524.83979001,246477695.77415,19.32278206773544,129759439.41064996,0.5264550977040529,-0.5264550977040529,5,0.1990581817736918,0.5305865198345833,2021-03-29,0.5331267941671916,-0.5264550977040529,0.532700240196933,0.2312489436176464,0.5016179588402531,training
2021-03-29,"Infrastructure, Services & Financial Products",52,157456145.90687996,517057379.13471967,49998346.67145996,107457799.23542,467059032.4632597,674513525.0415996,20.32950228684556,-359601233.2278397,-0.5331267941671916,0.5331267941671916,5,-0.5952436630358557,0.6439544349198569,2021-04-05,0.1324594070697788,0.5331267941671916,-0.5264550977040529,0.532700240196933,0.2312489436176464,training
2021-04-05,"Infrastructure, Services & Financial Products",51,228402703.68042997,298149495.8171699,166888784.03691992,61513919.643510014,131260711.78024998,526552199.49759984,20.08186103086789,-69746792.13673997,-0.1324594070697788,0.1324594070697788,5,-0.3605744288858685,0.7106186277793082,2021-04-12,0.7213450776296954,0.1324594070697788,0.5331267941671916,-0.5264550977040529,0.532700240196933,training
2021-04-12,"Infrastructure, Services & Financial Products",51,72267222.84067997,446418915.74217993,38333073.904459976,33934148.93622,408085841.83772,518686138.5828599,20.066809517512628,-374151692.9015,-0.7213450776296954,0.7213450776296954,5,-0.6285769207173356,0.6722836305769311,2021-04-19,0.2243655673978823,0.7213450776296954,0.1324594070697788,0.5331267941671916,-0.5264550977040529,training
2021-04-19,"Infrastructure, Services & Financial Products",53,309039162.96414,487828923.27429,151435391.11263,157603771.85151,336393532.16166,796868086.23843,20.49619971143539,-178789760.31015003,-0.2243655673978823,0.2243655673978823,5,0.13751534468658883,0.7530789763922442,2021-04-26,0.8553548977709133,0.2243655673978823,0.7213450776296954,0.1324594070697788,0.5331267941671916,training
2021-04-26,"Infrastructure, Services & Financial Products",56,114504181.64256996,1468738940.70277,51028450.98816996,63475730.6544,1417710489.7146,1583243122.34534,21.18274118997247,-1354234759.0602,-0.8553548977709133,0.8553548977709133,5,-0.6198746032248944,0.8351786910914709,2021-05-03,0.8813897929016496,0.8553548977709133,0.2243655673978823,0.7213450776296954,0.1324594070697788,training
2021-05-03,"Infrastructure, Services & Financial Products",77,126652417.58981995,2008954975.53784,67759129.37631997,58893288.21349999,1941195846.16152,2135607393.12766,21.482016936902937,-1882302557.94802,-0.8813897929016496,0.8813897929016496,5,-0.6373011336584524,0.8298873320940804,2021-05-10,-0.6380208132233699,0.8813897929016496,0.8553548977709133,0.2243655673978823,0.7213450776296954,training
2021-05-10,"Infrastructure, Services & Financial Products",87,2384539864.51118,526949226.78892,134882679.17510998,2249657185.33607,392066547.61381,2911489091.3001,21.79193050281509,1857590637.72226,0.6380208132233699,-0.6380208132233699,5,0.32598231757220775,0.7542277236041396,2021-05-17,-0.7519367094054499,-0.6380208132233699,0.8813897929016496,0.8553548977709133,0.2243655673978823,training
2021-05-17,"Infrastructure, Services & Financial Products",85,3450968392.83405,488635560.10235,253100364.49196,3197868028.34209,235535195.61039,3939603952.9364,22.09434603589837,2962332832.7317,0.7519367094054499,-0.7519367094054499,6,0.5191869233968286,0.7527061388842344,2021-05-24,0.0134552452861106,-0.7519367094054499,-0.6380208132233699,0.8813897929016496,0.8553548977709133,training
2021-05-24,"Infrastructure, Services & Financial Products",90,511300032.6720099,525247027.61882,67269601.31336,444030431.35864985,457977426.30546,1036547060.29083,20.759160892852627,-13946994.946810069,-0.0134552452861106,0.0134552452861106,6,0.04154516406743465,0.42001701349858217,2021-05-31,0.2107269908145048,0.0134552452861106,-0.7519367094054499,-0.6380208132233699,0.8813897929016496,training
2021-05-31,"Infrastructure, Services & Financial Products",93,169434235.22000003,259908294.5463499,14130802.913080033,155303432.30692,245777491.63326988,429342529.7663499,19.877765598323432,-90474059.32634988,-0.2107269908145048,0.2107269908145048,6,-0.31181981996483493,0.5105356533228744,2021-06-07,-0.5868392239802032,0.2107269908145048,0.0134552452861106,-0.7519367094054499,-0.6380208132233699,training
2021-06-07,"Infrastructure, Services & Financial Products",97,818322865.4777101,213064376.67168003,34743242.436300054,783579623.0414101,178321134.23538,1031387242.1493902,20.754170571024314,605258488.80603,0.5868392239802032,-0.5868392239802032,6,0.33536255830086675,0.6118155474150339,2021-06-14,-0.1733267196609431,-0.5868392239802032,0.2107269908145048,0.0134552452861106,-0.7519367094054499,training
2021-06-14,"Infrastructure, Services & Financial Products",104,333940206.75518006,235279263.25174,69840688.40926003,264099518.34592003,165438574.84247997,569219470.0069201,20.159776631266933,98660943.50344004,0.1733267196609431,-0.1733267196609431,6,0.11670511052908436,0.31888100134071024,2021-06-21,-0.1507889887007342,-0.1733267196609431,-0.5868392239802032,0.2107269908145048,0.0134552452861106,training
2021-06-21,"Infrastructure, Services & Financial Products",105,308598277.2733,227726418.74541,48796057.73917,259802219.53413,178930361.00624,536324696.01871,20.10025031364562,80871858.52789,0.1507889887007342,-0.1507889887007342,6,0.2924652105117927,0.5417260139681189,2021-06-28,0.1364991940060017,-0.1507889887007342,-0.1733267196609431,-0.5868392239802032,0.2107269908145048,training
2021-06-28,"Infrastructure, Services & Financial Products",108,320747365.8766401,422152614.4132901,119035868.76553003,201711497.11111003,303116745.64776003,742899980.2899301,20.426071978936854,-101405248.53665,-0.1364991940060017,0.1364991940060017,6,-0.065775675046687,0.4319183176285897,2021-07-05,-0.0572179438762334,0.1364991940060017,-0.1507889887007342,-0.1733267196609431,-0.5868392239802032,training
2021-07-05,"Infrastructure, Services & Financial Products",114,412372102.64366007,367735925.28428006,258022212.7450401,154349889.89861998,109713712.53923996,780108027.9279401,20.474942966683425,44636177.35938001,0.0572179438762334,-0.0572179438762334,6,-0.06330200648649137,0.3637351964845404,2021-07-12,-0.2871259032165294,-0.0572179438762334,0.1364991940060017,-0.1507889887007342,-0.1733267196609431,training
2021-07-12,"Infrastructure, Services & Financial Products",116,427383782.2236301,236706313.6335,88672181.97518003,338711600.24845004,148034131.65831998,664090095.85713,20.31392838627377,190677468.5901301,0.2871259032165294,-0.2871259032165294,6,-0.0525691667714181,0.48780206075165045,2021-07-19,0.1769459590011691,-0.2871259032165294,-0.0572179438762334,0.1364991940060017,-0.1507889887007342,training
2021-07-19,"Infrastructure, Services & Financial Products",115,326919373.8655398,467486236.4120098,162789079.0061599,164130294.8593799,304697157.40584993,794405610.2775496,20.493104734212015,-140566862.54647005,-0.1769459590011691,0.1769459590011691,6,-0.0650593296325446,0.34649884604187037,2021-07-26,0.1729526103438162,0.1769459590011691,-0.2871259032165294,-0.0572179438762334,0.1364991940060017,training
2021-07-26,"Infrastructure, Services & Financial Products",128,429956198.94230014,609781558.0949103,145047785.01331005,284908413.9289901,464733773.0816002,1039737757.0372103,20.76223436256964,-179825359.15261012,-0.1729526103438162,0.1729526103438162,6,-0.06492453221432774,0.3887879453859132,2021-08-02,0.2580499589968993,0.1729526103438162,0.1769459590011691,-0.2871259032165294,-0.0572179438762334,training
2021-08-02,"Infrastructure, Services & Financial Products",135,340164671.10440004,576782973.09144,102397112.79251002,237767558.31189,474385860.2989299,916947644.19584,20.636560935020327,-236618301.98703992,-0.2580499589968993,0.2580499589968993,6,-0.09615429219683685,0.33318976541396733,2021-08-09,0.2306547051975493,0.2580499589968993,0.1729526103438162,0.1769459590011691,-0.2871259032165294,training
2021-08-09,"Infrastructure, Services & Financial Products",137,365905119.94753,585306572.43433,164240525.75326002,201664594.19427,421066046.68107,951211692.38186,20.673247196559924,-219401452.4868,-0.2306547051975493,0.2306547051975493,5,-0.09275062384187935,0.37359412723440666,2021-08-16,0.3703407521107532,0.2306547051975493,0.2580499589968993,0.1729526103438162,0.1769459590011691,training
2021-08-16,"Infrastructure, Services & Financial Products",140,248390951.21153003,540578485.9695799,46100369.064629935,202290582.1469001,494478116.90495,788969437.1811099,20.486238143181748,-292187534.7580499,-0.3703407521107532,0.3703407521107532,5,-0.23352987525967064,0.4594031076419705,2021-08-23,0.0632553336337614,0.3703407521107532,0.2306547051975493,0.2580499589968993,0.1729526103438162,training
2021-08-23,"Infrastructure, Services & Financial Products",145,502298468.72795993,570135646.4860499,58036514.888910025,444261953.83904994,512099131.59713984,1072434115.2140098,20.793196776776053,-67837177.75808996,-0.0632553336337614,0.0632553336337614,6,-0.2219099268238592,0.5320685343941054,2021-08-30,0.234373889343935,0.0632553336337614,0.3703407521107532,0.2306547051975493,0.2580499589968993,training
2021-08-30,"Infrastructure, Services & Financial Products",145,522520048.8445101,842428302.76477,190811796.02022,331708252.82429004,651616506.74455,1364948351.60928,21.034382427951225,-319908253.92025995,-0.234373889343935,0.234373889343935,6,-0.08650054209729113,0.30800424196803994,2021-09-06,-0.2276390901200393,0.234373889343935,0.0632553336337614,0.3703407521107532,0.2306547051975493,training
2021-09-06,"Infrastructure, Services & Financial Products",146,919710213.88012,578629520.13762,132306434.25182006,787403779.6283,446323085.8857999,1498339734.01774,21.127623488729625,341080693.74250007,0.2276390901200393,-0.2276390901200393,6,0.2402803603688564,0.36193151739036805,2021-09-13,0.130733954407931,-0.2276390901200393,0.234373889343935,0.0632553336337614,0.3703407521107532,training
2021-09-13,"Infrastructure, Services & Financial Products",152,325464149.10940003,423361025.32318,96331265.93273,229132883.17667004,327029759.39045,748825174.43258,20.434016103599586,-97896876.21377993,-0.130733954407931,0.130733954407931,6,-0.046445135682432845,0.32040644926995204,2021-09-20,-0.0089322009308481,0.130733954407931,-0.2276390901200393,0.234373889343935,0.0632553336337614,training
2021-09-20,"Infrastructure, Services & Financial Products",156,439515115.81601,431732953.00469005,56880285.08279999,382634830.73321,374852667.9218901,871248068.8207,20.58543730462272,7782162.811319947,0.0089322009308481,-0.0089322009308481,6,0.0058119329346989065,0.39408003753003396,2021-09-27,0.3352866580113213,-0.0089322009308481,0.130733954407931,-0.2276390901200393,0.234373889343935,training
2021-09-27,"Infrastructure, Services & Financial Products",157,394357859.98293984,792192296.5194296,126831089.92688993,267526770.0560499,665361206.5925397,1186550156.5023694,20.89431590644206,-397834436.5364897,-0.3352866580113213,0.3352866580113213,6,0.019561041657042314,0.37203165784191317,2021-10-04,0.33305141268446,0.3352866580113213,-0.0089322009308481,0.130733954407931,-0.2276390901200393,training
2021-10-04,"Infrastructure, Services & Financial Products",158,853555714.8605998,1706029030.0330095,183650050.50561988,669905664.3549799,1522378979.5273895,2559584744.893609,21.66311087364533,-852473315.1724098,-0.33305141268446,0.33305141268446,6,-0.42738844500401263,0.6195600952876156,2021-10-11,0.3684154692214383,0.33305141268446,0.3352866580113213,-0.0089322009308481,0.130733954407931,training
2021-10-11,"Infrastructure, Services & Financial Products",161,538502956.97585,1166741331.7404397,184670768.09079003,353832188.88505995,982070563.6496496,1705244288.7162895,21.25697421584449,-628238374.7645897,-0.3684154692214383,0.3684154692214383,6,0.015995807217227393,0.3725715968004327,2021-10-18,0.240499837544559,0.3684154692214383,0.33305141268446,0.3352866580113213,-0.0089322009308481,training
2021-10-18,"Infrastructure, Services & Financial Products",163,944339664.49824,1542400197.2687898,196547687.46764,747791977.0306001,1345852509.8011498,2486739861.76703,21.634238397489856,-598060532.7705498,-0.240499837544559,0.240499837544559,6,-0.19938081326037205,0.43146662255504575,2021-10-25,0.0710034188721222,0.240499837544559,0.3684154692214383,0.33305141268446,0.3352866580113213,training
2021-10-25,"Infrastructure, Services & Financial Products",167,796929666.5163199,918748695.9353098,267538910.5525098,529390755.9638101,651209785.3828,1715678362.4516296,21.26307438655826,-121819029.4189899,-0.0710034188721222,0.0710034188721222,6,0.183873793975395,0.30938798159865416,2021-11-01,0.5024656733188546,0.0710034188721222,0.240499837544559,0.3684154692214383,0.33305141268446,training
2021-11-01,"Infrastructure, Services & Financial Products",171,588985469.0517298,1778631949.35081,240807153.76998997,348178315.28173983,1537824795.58082,2367617418.40254,21.5851499781632,-1189646480.2990804,-0.5024656733188546,0.5024656733188546,6,-0.279331936718361,0.393518557777551,2021-11-08,0.1241492129782853,0.5024656733188546,0.0710034188721222,0.240499837544559,0.3684154692214383,training
2021-11-08,"Infrastructure, Services & Financial Products",176,768063648.5395502,985805069.5586796,138653102.42183003,629410546.1177201,847151967.1368495,1753868718.09823,21.285089881515,-217741421.0191294,-0.1241492129782853,0.1241492129782853,6,0.016003787715752782,0.5307017918718333,2021-11-15,0.289122739484158,0.1241492129782853,0.5024656733188546,0.0710034188721222,0.240499837544559,training
2021-11-15,"Infrastructure, Services & Financial Products",185,1306586171.80784,2369396292.055829,232230325.1385,1074355846.66934,2137165966.917329,3675982463.863669,22.02508627126081,-1062810120.2479888,-0.289122739484158,0.289122739484158,6,0.1444426558416426,0.4579278753337609,2021-11-22,-0.2043616305361895,0.289122739484158,0.1241492129782853,0.5024656733188546,0.0710034188721222,training
2021-11-22,"Infrastructure, Services & Financial Products",189,2135163585.2891,1410554795.5572102,356957409.79867005,1778206175.49043,1053597385.7585402,3545718380.8463106,21.98900662290155,724608789.73189,0.2043616305361895,-0.2043616305361895,6,0.0400672537676941,0.41984827305638983,2021-11-29,-0.6199776197354584,-0.2043616305361895,0.289122739484158,0.1241492129782853,0.5024656733188546,training
2021-11-29,"Infrastructure, Services & Financial Products",197,2502292580.80972,587000197.4674802,339979125.6383901,2162313455.171329,247021071.8290901,3089292778.2772,21.851208027640087,1915292383.3422396,0.6199776197354584,-0.6199776197354584,6,0.2709838811931645,0.41937354314706354,2021-12-06,-0.3348014661263983,-0.6199776197354584,-0.2043616305361895,0.289122739484158,0.1241492129782853,training
2021-12-06,"Infrastructure, Services & Financial Products",202,1322731951.42103,659183689.2017001,179393529.86514,1143338421.55589,479790159.3365601,1981915640.6227305,21.407329709699532,663548262.21933,0.3348014661263983,-0.3348014661263983,6,0.16919795324887668,0.3320585954218775,2021-12-13,0.6138935243977114,-0.3348014661263983,-0.6199776197354584,-0.2043616305361895,0.289122739484158,training
2021-12-13,"Infrastructure, Services & Financial Products",204,404349064.2842897,1690146054.7294197,157688429.1211397,246660635.16315,1532457625.6082797,2094495119.013709,21.46257836844352,-1285796990.44513,-0.6138935243977114,0.6138935243977114,6,-0.011416382962123661,0.45148880124860047,2021-12-20,0.2714770290321187,0.6138935243977114,-0.3348014661263983,-0.6199776197354584,-0.2043616305361895,training
2021-12-20,"Infrastructure, Services & Financial Products",205,1310011661.2945194,2286337976.2580194,436331341.37238985,873680319.9221296,1850006634.8856297,3596349637.552539,22.00318517868259,-976326314.9635,-0.2714770290321187,0.2714770290321187,6,-0.13833686708011453,0.33874770077422944,2021-12-27,0.0371475487330232,0.2714770290321187,0.6138935243977114,-0.3348014661263983,-0.6199776197354584,training
2021-12-27,"Infrastructure, Services & Financial Products",210,1049856477.4071,1130864932.24531,332114841.85672003,717741635.55038,798750090.3885901,2180721409.65241,21.502921581322315,-81008454.8382101,-0.0371475487330232,0.0371475487330232,6,0.06426429980256992,0.29325399063688085,2022-01-03,-0.1579585996714235,0.0371475487330232,0.2714770290321187,0.6138935243977114,-0.3348014661263983,training
2022-01-03,"Infrastructure, Services & Financial Products",216,2694321670.591749,1959250005.2113,648201463.7782398,2046120206.8135092,1311048541.4330602,4653571675.803049,22.26090086424418,735071665.3804493,0.1579585996714235,-0.1579585996714235,6,0.19240637373058023,0.33617353218602175,2022-01-10,0.4653267544587776,-0.1579585996714235,0.0371475487330232,0.2714770290321187,0.6138935243977114,training
2022-01-10,"Infrastructure, Services & Financial Products",221,731148378.5176901,2003786966.06865,249566066.7995,481582311.7181901,1754220899.26915,2734935344.58634,21.72937363290157,-1272638587.55096,-0.4653267544587776,0.4653267544587776,6,-0.21585974492051768,0.33238100713538526,2022-01-17,-0.3806307994192063,0.4653267544587776,-0.1579585996714235,0.0371475487330232,0.2714770290321187,training
2022-01-17,"Infrastructure, Services & Financial Products",227,7345304769.263402,3295200675.5714817,1542867777.6342218,5802436991.62918,1752332897.93726,10640505444.834885,23.087933824039407,4050104093.69192,0.3806307994192063,-0.3806307994192063,6,0.26357103881869404,0.3082379004297917,2022-01-24,0.2160676495057106,-0.3806307994192063,0.4653267544587776,-0.1579585996714235,0.0371475487330232,training
2022-01-24,"Infrastructure, Services & Financial Products",230,1309430258.1098704,2031241312.04345,427158460.8557498,882271797.2541206,1604082851.1877005,3340671570.1533203,21.929437692930897,-721811053.9335797,-0.2160676495057106,0.2160676495057106,6,0.022651507710002964,0.2806394796462135,2022-01-31,0.2376601707269887,0.2160676495057106,-0.3806307994192063,0.4653267544587776,-0.1579585996714235,training
2022-01-31,"Infrastructure, Services & Financial Products",236,1342097487.6838298,2178897837.8882103,600156180.59293,741941307.0908998,1578741657.2952805,3520995325.57204,21.98200954981712,-836800350.2043805,-0.2376601707269887,0.2376601707269887,6,-0.2596463305114692,0.38160979885364005,2022-02-07,0.0221238272151782,0.2376601707269887,0.2160676495057106,-0.3806307994192063,0.4653267544587776,training
2022-02-07,"Infrastructure, Services & Financial Products",243,1347471206.72369,1408442566.8706205,575120052.0508202,772351154.6728698,833322514.8198003,2755913773.5943108,21.73701490317672,-60971360.146930456,-0.0221238272151782,0.0221238272151782,6,0.04480082851036057,0.28359309123742177,2022-02-14,-0.1168259941701184,0.0221238272151782,0.2376601707269887,0.2160676495057106,-0.3806307994192063,training
2022-02-14,"Infrastructure, Services & Financial Products",247,1632879636.2790196,1291263685.6041102,697594648.8106799,935284987.4683396,593669036.7934303,2924143321.88313,21.7962673936666,341615950.6749093,0.1168259941701184,-0.1168259941701184,6,0.10641184342787445,0.3174385353918171,2022-02-21,-0.0015507161330425,-0.1168259941701184,0.0221238272151782,0.2376601707269887,0.2160676495057106,training
2022-02-21,"Infrastructure, Services & Financial Products",251,936358284.4504498,933458729.04179,247301635.4555601,689056648.9948897,686157093.5862299,1869817013.49224,21.34910640981226,2899555.408659816,0.0015507161330425,-0.0015507161330425,6,-0.05993404179719901,0.34169645655102676,2022-02-28,0.1377971506232283,-0.0015507161330425,-0.1168259941701184,0.0221238272151782,0.2376601707269887,training
2022-02-28,"Infrastructure, Services & Financial Products",250,574114618.77072,757624470.6690998,146041066.89780992,428073551.8729101,611583403.7712898,1331739089.4398198,21.009751511829812,-183509851.8983798,-0.1377971506232283,0.1377971506232283,6,-0.19491711498193268,0.30344089345853986,2022-03-07,-0.1080365082118143,0.1377971506232283,-0.0015507161330425,-0.1168259941701184,0.0221238272151782,training
2022-03-07,"Infrastructure, Services & Financial Products",257,914625310.49742,736268507.0239401,336435357.41196,578189953.0854601,399833149.6119801,1650893817.5213602,21.224582686382742,178356803.47348,0.1080365082118143,-0.1080365082118143,6,-0.12593838840665192,0.33575912435569577,2022-03-14,0.1750500665275997,-0.1080365082118143,0.1377971506232283,-0.0015507161330425,-0.1168259941701184,training
2022-03-14,"Infrastructure, Services & Financial Products",265,1443494706.0528102,2056098778.3100903,422070202.86556,1021424503.18725,1634028575.4445305,3499593484.3629007,21.97591265165702,-612604072.2572803,-0.1750500665275997,0.1750500665275997,6,-0.23384586145773847,0.2793247366755775,2022-03-21,0.0239763774132467,0.1750500665275997,-0.1080365082118143,0.1377971506232283,-0.0015507161330425,training
2022-03-21,"Infrastructure, Services & Financial Products",263,1264191583.6388905,1326302241.2716303,450467189.896,813724393.7428906,875835051.3756304,2590493824.910521,21.675114360858053,-62110657.63273978,-0.0239763774132467,0.0239763774132467,6,-0.029116471394204833,0.26129885666667385,2022-03-28,0.132428500122049,0.0239763774132467,0.1750500665275997,-0.1080365082118143,0.1377971506232283,training
2022-03-28,"Infrastructure, Services & Financial Products",270,1388669392.3548005,1812610023.92422,613777552.3520802,774891840.0027202,1198832471.5721395,3201279416.2790203,21.886816384745902,-423940631.5694194,-0.132428500122049,0.132428500122049,6,0.010878373966297192,0.2596408118387697,2022-04-04,-0.1688921841008135,0.132428500122049,0.0239763774132467,0.1750500665275997,-0.1080365082118143,training
2022-04-04,"Infrastructure, Services & Financial Products",277,3206863294.048041,2280149687.41862,1437992891.6939397,1768870402.3541012,842156795.72468,5487012981.4666605,22.425649861061395,926713606.6294212,0.1688921841008135,-0.1688921841008135,6,0.08788982181772313,0.3100226867448973,2022-04-11,-0.0580989075305256,-0.1688921841008135,0.132428500122049,0.0239763774132467,0.1750500665275997,training
2022-04-11,"Infrastructure, Services & Financial Products",279,1370457284.191621,1219957041.8000803,471180278.0795802,899277006.1120409,748776763.7205001,2590414325.991701,21.6750836716752,150500242.39154077,0.0580989075305256,-0.0580989075305256,6,-0.004147281877694966,0.271835431350787,2022-04-18,0.0234784728075277,-0.0580989075305256,-0.1688921841008135,0.132428500122049,0.0239763774132467,training
2022-04-18,"Infrastructure, Services & Financial Products",285,1411099462.9749696,1478953492.70727,416675521.5131595,994423941.46181,1062277971.1941106,2890052955.6822395,21.78454066301437,-67854029.73230052,-0.0234784728075277,0.0234784728075277,6,-0.0578816342059297,0.4637830535984421,2022-04-25,-0.062612740362184,0.0234784728075277,-0.0580989075305256,-0.1688921841008135,0.132428500122049,training
2022-04-25,"Infrastructure, Services & Financial Products",289,3170336684.36057,2796722741.78556,1730236480.72127,1440100203.6393,1066486261.0642896,5967059426.14613,22.50952008473727,373613942.5750103,0.062612740362184,-0.062612740362184,6,-0.042674174077352814,0.2698862038590466,2022-05-02,-0.1267479400803204,-0.062612740362184,0.0234784728075277,-0.0580989075305256,-0.1688921841008135,training
2022-05-02,"Infrastructure, Services & Financial Products",295,1607868211.2819796,1246129837.5937295,807648809.0137402,800219402.2682394,438481028.5799896,2853998048.875709,21.771986672705697,361738373.6882498,0.1267479400803204,-0.1267479400803204,6,-0.0002639234355730532,0.27965751005854667,2022-05-09,-0.0099595831046166,-0.1267479400803204,-0.062612740362184,0.0234784728075277,-0.0580989075305256,training
2022-05-09,"Infrastructure, Services & Financial Products",297,4409174890.925332,4322213898.656771,2304395370.904481,2104779520.0208511,2017818527.7522895,8731388789.582104,22.890190276686543,86960992.26856136,0.0099595831046166,-0.0099595831046166,6,0.02348476918021025,0.28124266345021026,2022-05-16,0.011646605812102,-0.0099595831046166,-0.1267479400803204,-0.062612740362184,0.0234784728075277,training
2022-05-16,"Infrastructure, Services & Financial Products",306,1157042758.0084603,1184311589.1563404,544669820.4781202,612372937.5303401,639641768.6782202,2341354347.1648006,21.573995380153757,-27268831.14788008,-0.011646605812102,0.011646605812102,6,-0.016682039056527192,0.295626862051419,2022-05-23,0.0557175288366191,0.011646605812102,-0.0099595831046166,-0.1267479400803204,-0.062612740362184,training
2022-05-23,"Infrastructure, Services & Financial Products",307,1193808618.9257605,1334690332.1454306,593038776.0977104,600769842.8280499,741651556.0477202,2528498951.071191,21.650891664037395,-140881713.2196703,-0.0557175288366191,0.0557175288366191,6,-0.09584797662962762,0.3030536901899808,2022-05-30,-0.2458667408617401,0.0557175288366191,0.011646605812102,-0.0099595831046166,-0.1267479400803204,training
2022-05-30,"Infrastructure, Services & Financial Products",310,638219176.38771,386319252.09022987,186206588.23353,452012588.15417993,200112663.85669985,1024538428.4779398,20.74750803541112,251899924.2974801,0.2458667408617401,-0.2458667408617401,6,0.0958311050428496,0.3328802432498635,2022-06-06,0.2749063787962982,-0.2458667408617401,0.0557175288366191,0.011646605812102,-0.0099595831046166,training
2022-06-06,"Infrastructure, Services & Financial Products",314,974386360.3512204,1713228954.02343,572689177.6259602,401697182.72526,1140539776.3974695,2687615314.37465,21.71192013752605,-738842593.6722096,-0.2749063787962982,0.2749063787962982,6,-0.10798746803741396,0.3129700506834125,2022-06-13,0.1685184517748789,0.2749063787962982,-0.2458667408617401,0.0557175288366191,0.011646605812102,training
2022-06-13,"Infrastructure, Services & Financial Products",315,1548416027.2372904,2176058750.447281,1053313514.5968404,495102512.64045,1122745235.8504405,3724474777.6845713,22.038191679825783,-627642723.2099905,-0.1685184517748789,0.1685184517748789,6,-0.2734047480840164,0.39646906592322445,2022-06-20,-0.0222809407003908,0.1685184517748789,0.2749063787962982,-0.2458667408617401,0.0557175288366191,training
2022-06-20,"Infrastructure, Services & Financial Products",316,1618302115.6528504,1547759289.2367098,1151564387.49333,466737728.1595204,396194901.74337983,3166061404.88956,21.87575419363393,70542826.41614056,0.0222809407003908,-0.0222809407003908,6,0.053389660799641914,0.2801778189251618,2022-06-27,0.0229486202311855,-0.0222809407003908,0.1685184517748789,0.2749063787962982,-0.2458667408617401,training
2022-06-27,"Infrastructure, Services & Financial Products",320,869793637.0141301,910652417.3580296,524002039.4072301,345791597.60690004,386650377.9507994,1780446054.3721595,21.300129762762957,-40858780.34389937,-0.0229486202311855,0.0229486202311855,6,-0.0693808964435372,0.30323259891053017,2022-07-04,-0.1028737802482859,0.0229486202311855,-0.0222809407003908,0.1685184517748789,0.2749063787962982,training
2022-07-04,"Infrastructure, Services & Financial Products",323,1134004702.7819798,922449486.4302896,684126869.4222797,449877833.3597001,238322617.00801003,2056454189.2122693,21.444249069778703,211555216.35169005,0.1028737802482859,-0.1028737802482859,6,0.13174946451601355,0.34791839652685796,2022-07-11,-0.0667598699511363,-0.1028737802482859,0.0229486202311855,-0.0222809407003908,0.1685184517748789,training
2022-07-11,"Infrastructure, Services & Financial Products",329,1245743033.0457995,1089821076.8093295,833702415.8584294,412040617.18737006,256118660.95090008,2335564109.855129,21.57151928812061,155921956.23646998,0.0667598699511363,-0.0667598699511363,6,0.08848969278970543,0.3363331346357709,2022-07-18,-0.0934255901406837,-0.0667598699511363,-0.1028737802482859,0.0229486202311855,-0.0222809407003908,training
2022-07-18,"Infrastructure, Services & Financial Products",331,1173082607.232091,972619153.9296508,666148581.2613707,506934025.9707203,306470572.6682801,2145701761.1617415,21.48673249766759,200463453.30244017,0.0934255901406837,-0.0934255901406837,6,0.1399253415088601,0.35204166291741557,2022-07-25,-0.0404944575072126,-0.0934255901406837,-0.0667598699511363,-0.1028737802482859,0.0229486202311855,training
2022-07-25,"Infrastructure, Services & Financial Products",329,956655883.6111208,882192707.4771008,607212344.2365208,349443539.37459993,274980363.2405801,1838848591.0882213,21.33240544752512,74463176.13401985,0.0404944575072126,-0.0404944575072126,6,0.14627011597964484,0.3456569778848999,2022-08-01,-0.1233311862172106,-0.0404944575072126,-0.0934255901406837,-0.0667598699511363,-0.1028737802482859,training
2022-08-01,"Infrastructure, Services & Financial Products",331,552294584.3612304,431021095.17771024,195668680.08679032,356625904.27444005,235352415.0909199,983315679.5389408,20.706440766474596,121273489.18352014,0.1233311862172106,-0.1233311862172106,6,0.05695117412047492,0.2566314245057566,2022-08-08,-0.0256616364317697,-0.1233311862172106,-0.0404944575072126,-0.0934255901406837,-0.0667598699511363,training
2022-08-08,"Infrastructure, Services & Financial Products",335,747931634.4291503,710505744.6487501,279076479.4548201,468855154.9743303,431429265.19393,1458437379.0779004,21.10063141188198,37425889.78040028,0.0256616364317697,-0.0256616364317697,6,0.04655748564793218,0.2789462021006483,2022-08-15,0.0434010056475922,-0.0256616364317697,-0.1233311862172106,-0.0404944575072126,-0.0934255901406837,training
2022-08-15,"Infrastructure, Services & Financial Products",334,1455571607.6024003,1587650507.8207586,838230072.2453498,617341535.3570505,749420435.5754088,3043222115.423158,21.836182697778145,-132078900.21835828,-0.0434010056475922,0.0434010056475922,6,-0.09536227056024285,0.30959017874714606,2022-08-22,0.0879975617155015,0.0434010056475922,-0.0256616364317697,-0.1233311862172106,-0.0404944575072126,training
2022-08-22,"Infrastructure, Services & Financial Products",337,559055198.3494604,666939765.87686,331520732.24067026,227534466.1087901,335419033.63618976,1225994964.2263205,20.927018567785048,-107884567.52739966,-0.0879975617155015,0.0879975617155015,6,-0.13117738680338867,0.3375472274607655,2022-08-29,0.0320818764321234,0.0879975617155015,0.0434010056475922,-0.0256616364317697,-0.1233311862172106,training
2022-08-29,"Infrastructure, Services & Financial Products",337,962341431.1791008,1026135502.4519808,766286566.6891909,196054864.4899099,259848935.76279,1988476933.6310816,21.410634823163846,-63794071.27288008,-0.0320818764321234,0.0320818764321234,6,0.05611252496049134,0.30955515933102107,2022-09-05,-0.102768992897578,0.0320818764321234,0.0879975617155015,0.0434010056475922,-0.0256616364317697,training
2022-09-05,"Infrastructure, Services & Financial Products",341,736257307.97441,599031066.5016602,379658081.37289,356599226.60152006,219372985.12877023,1335288374.4760704,21.01241311706404,137226241.47274983,0.102768992897578,-0.102768992897578,6,0.1145727898891585,0.3417522089839635,2022-09-12,0.1595469352684935,-0.102768992897578,0.0320818764321234,0.0879975617155015,0.0434010056475922,training
2022-09-12,"Infrastructure, Services & Financial Products",343,783520310.2962096,1080998585.9410603,445199053.90652966,338321256.3896799,635799532.0345306,1864518896.2372696,21.346268892815925,-297478275.64485073,-0.1595469352684935,0.1595469352684935,6,-0.2660299084609924,0.38781838036508925,2022-09-19,0.6224379474827725,0.1595469352684935,-0.102768992897578,0.0320818764321234,0.0879975617155015,training
2022-09-19,"Infrastructure, Services & Financial Products",343,275669279.83895016,1184590182.15437,100204681.47602008,175464598.3629301,1084385500.67835,1460259461.9933202,21.101879971256317,-908920902.31542,-0.6224379474827725,0.6224379474827725,6,-0.12025402259037773,0.4111714612790326,2022-09-26,0.1759359363637799,0.6224379474827725,0.1595469352684935,-0.102768992897578,0.0320818764321234,training
2022-09-26,"Infrastructure, Services & Financial Products",348,606168116.77011,864999341.0009903,464146820.92289007,142021295.84721994,400852520.0781002,1471167457.7711003,21.109322112175544,-258831224.23088023,-0.1759359363637799,0.1759359363637799,6,-0.1468917634366487,0.33109895452998883,2022-10-03,-0.0252958430187077,0.1759359363637799,0.6224379474827725,0.1595469352684935,-0.102768992897578,training
2022-10-03,"Infrastructure, Services & Financial Products",350,526035231.4026699,500078811.65031016,293413055.15171003,232622176.25095987,206665756.49860013,1026114043.05298,20.749044731565576,25956419.752359748,0.0252958430187077,-0.0252958430187077,6,0.017278914382787915,0.3053620372561762,2022-10-10,0.0998210971748743,-0.0252958430187077,0.1759359363637799,0.6224379474827725,0.1595469352684935,training
2022-10-10,"Infrastructure, Services & Financial Products",352,430937115.1055698,526510596.1285299,109289963.35342968,321647151.75214016,417220632.7751002,957447711.2340996,20.67978166889517,-95573481.02296008,-0.0998210971748743,0.0998210971748743,6,-0.13609893587896468,0.32513080036181496,2022-10-17,0.2676399429377661,0.0998210971748743,-0.0252958430187077,0.1759359363637799,0.6224379474827725,training
2022-10-17,"Infrastructure, Services & Financial Products",359,436471897.3481603,755487967.5822401,287105672.6151003,149366224.73306,468382294.9671398,1191959864.9304004,20.898864735501263,-319016070.2340798,-0.2676399429377661,0.2676399429377661,6,-0.11612335899936355,0.38334509979330406,2022-10-24,-0.026857299503378,0.2676399429377661,0.0998210971748743,-0.0252958430187077,0.1759359363637799,training
2022-10-24,"Infrastructure, Services & Financial Products",360,675685595.0671004,640340683.15848,243940837.72932017,431744757.3377802,396399845.4291599,1316026278.2255805,20.99788263866656,35344911.90862036,0.026857299503378,-0.026857299503378,6,0.15155101500647758,0.334340980123956,2022-10-31,0.0674271948051464,-0.026857299503378,0.2676399429377661,0.0998210971748743,-0.0252958430187077,training
2022-10-31,"Infrastructure, Services & Financial Products",361,1516897941.1348991,1736248478.5013793,1285491375.5781891,231406565.55671,450757102.9231901,3253146419.636278,21.90288849437956,-219350537.3664801,-0.0674271948051464,0.0674271948051464,6,-0.023915839042262188,0.2793140527320321,2022-11-07,-0.075672785469515,0.0674271948051464,-0.026857299503378,0.2676399429377661,0.0998210971748743,training
2022-11-07,"Infrastructure, Services & Financial Products",362,2643488720.4164,2271553764.854912,1275842875.9500098,1367645844.46639,995710888.904902,4915042485.271312,22.31556623471394,371934955.56148815,0.075672785469515,-0.075672785469515,6,0.17352265400818012,0.252919908691176,2022-11-14,0.68685022094692,-0.075672785469515,0.0674271948051464,-0.026857299503378,0.2676399429377661,training
2022-11-14,"Infrastructure, Services & Financial Products",357,526416433.4692505,2835658002.9940834,136651592.7152401,389764840.7540104,2699006410.2788434,3362074436.463334,21.93582401251561,-2309241569.5248327,-0.68685022094692,0.68685022094692,6,-0.08079805878321825,0.8343015699935916,2022-11-21,0.3855365441750078,0.68685022094692,-0.075672785469515,0.0674271948051464,-0.026857299503378,training
2022-11-21,"Infrastructure, Services & Financial Products",357,617689142.6248597,1392810055.559471,318778933.03317994,298910209.5916797,1074031122.526291,2010499198.1843305,21.42164888598485,-775120912.934611,-0.3855365441750078,0.3855365441750078,6,-0.19338046838340556,0.5049557169018196,2022-11-28,0.1918013420502941,0.3855365441750078,0.68685022094692,-0.075672785469515,0.0674271948051464,training
2022-11-28,"Infrastructure, Services & Financial Products",361,834322968.1549001,1230325271.3545992,352735817.4504701,481587150.70443,877589453.9041291,2064648239.5094995,21.44822570527036,-396002303.1996992,-0.1918013420502941,0.1918013420502941,6,-0.012967525745974328,0.49896744354725514,2022-12-05,-0.4071184114483642,0.1918013420502941,0.3855365441750078,0.68685022094692,-0.075672785469515,training
2022-12-05,"Infrastructure, Services & Financial Products",365,685161428.3486896,288688992.1620399,73073123.09599018,612088305.2526994,215615869.0660497,973850420.5107294,20.696768278469303,396472436.1866497,0.4071184114483642,-0.4071184114483642,6,0.18029164467523762,0.512810266146387,2022-12-12,-0.5169378499365345,-0.4071184114483642,0.1918013420502941,0.3855365441750078,0.68685022094692,training
2022-12-12,"Infrastructure, Services & Financial Products",366,2471062230.403323,786898839.66518,477394066.52941024,1993668163.8739128,309504773.1357697,3257961070.0685034,21.904367398334344,1684163390.7381432,0.5169378499365345,-0.5169378499365345,6,0.5307501547161447,0.7020580057961486,2022-12-19,0.217192614617448,-0.5169378499365345,-0.4071184114483642,0.1918013420502941,0.3855365441750078,training
2022-12-19,"Infrastructure, Services & Financial Products",369,301028111.49750024,468070691.39739096,108539912.36292028,192488199.13458,359530779.0344707,769098802.8948913,20.46073000282505,-167042579.89989072,-0.217192614617448,0.217192614617448,6,0.1536450284022235,0.4576314212849714,2022-12-26,-0.3637403897434341,0.217192614617448,-0.5169378499365345,-0.4071184114483642,0.1918013420502941,training
2022-12-26,"Infrastructure, Services & Financial Products",370,1037893881.1141,484234361.0645497,282314371.78722984,755579509.3268702,201919989.27731985,1522128242.17865,21.14337535248058,553659520.0495504,0.3637403897434341,-0.3637403897434341,6,0.29745120526368124,0.6153247792699749,2023-01-02,0.3627598503332493,-0.3637403897434341,0.217192614617448,-0.5169378499365345,-0.4071184114483642,training
2023-01-02,"Infrastructure, Services & Financial Products",370,523693239.72637993,1119935900.7169805,384434100.5488201,139259139.17755985,735501800.1681604,1643629140.4433603,21.220172525069064,-596242660.9906006,-0.3627598503332493,0.3627598503332493,6,-0.33832188451966383,0.5234524400015218,2023-01-09,0.575033023229035,0.3627598503332493,-0.3637403897434341,0.217192614617448,-0.5169378499365345,training
2023-01-09,"Infrastructure, Services & Financial Products",376,1373811840.1969218,5091687435.231884,827360355.8537515,546451484.3431703,4264327079.378132,6465499275.428806,22.58974607378753,-3717875595.034962,-0.575033023229035,0.575033023229035,6,-0.6309071322768717,0.6959332270799267,2023-01-16,0.6735506755302938,0.575033023229035,0.3627598503332493,-0.3637403897434341,0.217192614617448,training
2023-01-16,"Infrastructure, Services & Financial Products",377,476443811.4660505,2442501187.057073,127201175.89726038,349242635.56879014,2315300011.159813,2918944998.523124,21.7944880864083,-1966057375.5910225,-0.6735506755302938,0.6735506755302938,6,-0.4463964762037445,0.7420233347146169,2023-01-23,0.3964164057830912,0.6735506755302938,0.575033023229035,0.3627598503332493,-0.3637403897434341,training
2023-01-23,"Infrastructure, Services & Financial Products",378,1149126992.1712897,2658554340.3943195,787077416.2561797,362049575.91511,1871476924.13814,3807681332.565609,22.060286266961484,-1509427348.22303,-0.3964164057830912,0.3964164057830912,6,-0.12196927070512843,0.6544763763760799,2023-01-30,-0.1106716903221787,0.3964164057830912,0.6735506755302938,0.575033023229035,0.3627598503332493,training
2023-01-30,"Infrastructure, Services & Financial Products",376,1333334854.100649,1067617408.7843103,461394202.9270504,871940651.1735988,606223205.85726,2400952262.88496,21.599131272224017,265717445.31633863,0.1106716903221787,-0.1106716903221787,6,-0.04076570564941877,0.6015300384133763,2023-02-06,-0.55461318962917,-0.1106716903221787,0.3964164057830912,0.6735506755302938,0.575033023229035,training
2023-02-06,"Infrastructure, Services & Financial Products",377,2527487856.0843053,724109226.6436502,243150107.38390023,2284337748.700405,480959119.25975,3251597082.727956,21.90241212296335,1803378629.4406552,0.55461318962917,-0.55461318962917,6,0.36523207910132477,0.7140619881460922,2023-02-13,0.5777070910355748,-0.55461318962917,-0.1106716903221787,0.3964164057830912,0.6735506755302938,training
2023-02-13,"Infrastructure, Services & Financial Products",379,1879283193.670369,7021094500.47028,1531741191.2616992,347542002.4086697,5489353309.20858,8900377694.140648,22.909359550440307,-5141811306.799911,-0.5777070910355748,0.5777070910355748,6,-0.41197784764268236,0.7815040211080513,2023-02-20,-0.3394409141641535,0.5777070910355748,-0.55461318962917,-0.1106716903221787,0.3964164057830912,training
2023-02-20,"Infrastructure, Services & Financial Products",388,3367752634.1093297,1660841906.3387592,1313906696.491439,2053845937.6178904,346935209.84731984,5028594540.448089,22.338406366795287,1706910727.7705705,0.3394409141641535,-0.3394409141641535,6,0.29241224812081623,0.6438567004008442,2023-02-27,-0.4680485594551081,-0.3394409141641535,0.5777070910355748,-0.55461318962917,-0.1106716903221787,training
2023-02-27,"Infrastructure, Services & Financial Products",392,3500172107.2386107,1268297007.3494797,851620782.3028297,2648551324.935781,416676225.04664993,4768469114.588091,22.285291150206078,2231875099.889131,0.4680485594551081,-0.4680485594551081,6,0.3875148816426443,0.6584790452908066,2023-03-06,-0.5926557447838453,-0.4680485594551081,-0.3394409141641535,0.5777070910355748,-0.55461318962917,training
2023-03-06,"Infrastructure, Services & Financial Products",395,5615475637.58122,1436237397.0436609,729071532.3344404,4886404105.246779,707165864.7092205,7051713034.624881,22.676536408031392,4179238240.537559,0.5926557447838453,-0.5926557447838453,6,0.41336565258091157,0.661065998382988,2023-03-13,0.8025477327768071,-0.5926557447838453,-0.4680485594551081,-0.3394409141641535,0.5777070910355748,training
2023-03-13,"Infrastructure, Services & Financial Products",397,1066379352.91963,9735009437.559372,644508543.56549,421870809.35414,9090500893.99388,10801388790.479002,23.102940554612974,-8668630084.639742,-0.8025477327768071,0.8025477327768071,6,-0.5174678754954154,0.8394200870160577,2023-03-20,-0.1595183769785304,0.8025477327768071,-0.5926557447838453,-0.4680485594551081,-0.3394409141641535,training
2023-03-20,"Infrastructure, Services & Financial Products",400,1873718694.54498,1358172635.073289,694618122.199569,1179100572.3454108,663554512.8737199,3231891329.618269,21.896333354087727,515546059.4716909,0.1595183769785304,-0.1595183769785304,6,0.11072918072250582,0.5316087273262194,2023-03-27,0.1617415076469516,-0.1595183769785304,0.8025477327768071,-0.5926557447838453,-0.4680485594551081,training
2023-03-27,"Infrastructure, Services & Financial Products",401,984574000.0305804,1364520006.2032597,155403288.92809963,829170711.1024809,1209116717.2751598,2349094006.23384,21.577295561930462,-379946006.17267895,-0.1617415076469516,0.1617415076469516,6,0.12993337570592622,0.6798116563879215,2023-04-03,0.3501906847975116,0.1617415076469516,-0.1595183769785304,0.8025477327768071,-0.5926557447838453,training
2023-04-03,"Infrastructure, Services & Financial Products",404,702330314.8269401,1459320182.928961,269632395.87594944,432697918.9509906,1189687787.0530117,2161650497.7559013,21.494137886645987,-756989868.102021,-0.3501906847975116,0.3501906847975116,6,-0.057512763634575165,0.5161425320351355,2023-04-10,0.6302506697291337,0.3501906847975116,0.1617415076469516,-0.1595183769785304,0.8025477327768071,training
2023-04-10,"Infrastructure, Services & Financial Products",410,1225565429.25748,5403603734.400885,569620848.2111701,655944581.0463098,4833982886.189714,6629169163.658364,22.61474531876049,-4178038305.143405,-0.6302506697291337,0.6302506697291337,6,-0.24415519452013562,0.7315495043939008,2023-04-17,-0.5764054975498677,0.6302506697291337,0.3501906847975116,0.1617415076469516,-0.1595183769785304,training
2023-04-17,"Infrastructure, Services & Financial Products",414,5973100126.826654,1605026359.1699507,1089366441.5882208,4883733685.238434,515659917.5817299,7578126485.996605,22.748531840746438,4368073767.656704,0.5764054975498677,-0.5764054975498677,6,0.4811584039572859,0.6945280669462977,2023-04-24,0.5608064008232714,-0.5764054975498677,0.6302506697291337,0.3501906847975116,0.1617415076469516,training
2023-04-24,"Infrastructure, Services & Financial Products",422,991108528.6935098,3522201913.677915,435277240.1488097,555831288.5447001,3086924673.529105,4513310442.371425,22.230296744118423,-2531093384.984405,-0.5608064008232714,0.5608064008232714,6,-0.14188136885031558,0.702226162189625,2023-05-01,-0.2432897673553981,0.5608064008232714,-0.5764054975498677,0.6302506697291337,0.3501906847975116,training
2023-05-01,"Infrastructure, Services & Financial Products",420,1720348825.5993714,1047065289.3880394,247394021.71724007,1472954803.882131,799671267.6707993,2767414114.9874105,21.74117918899865,673283536.2113321,0.2432897673553981,-0.2432897673553981,6,0.2573228667697958,0.5855335015773423,2023-05-08,-0.6186118030149639,-0.2432897673553981,0.5608064008232714,-0.5764054975498677,0.6302506697291337,training
2023-05-08,"Infrastructure, Services & Financial Products",427,4878570447.608779,1149521573.61773,649488078.6884702,4229082368.9203086,500033494.9292599,6028092021.226509,22.5196963833915,3729048873.991049,0.6186118030149639,-0.6186118030149639,6,0.42200210707548746,0.7010129407468435,2023-05-15,0.4121143667654198,-0.6186118030149639,-0.2432897673553981,0.5608064008232714,-0.5764054975498677,training
2023-05-15,"Infrastructure, Services & Financial Products",429,536465743.01205033,1288602646.7711303,240490505.3374602,295975237.6745901,1048112141.4336702,1825068389.7831807,21.32488329768046,-752136903.7590799,-0.4121143667654198,0.4121143667654198,6,-0.3258288771394129,0.5592848858206944,2023-05-22,0.231188848469723,0.4121143667654198,-0.6186118030149639,-0.2432897673553981,0.5608064008232714,training
2023-05-22,"Infrastructure, Services & Financial Products",429,895873726.8196901,1434669281.1387713,456702329.5286801,439171397.29101,977966951.6100912,2330543007.9584613,21.569367128426972,-538795554.3190812,-0.231188848469723,0.231188848469723,6,-0.07253712335834496,0.41238169209041525,2023-05-29,-0.3855579672420295,0.231188848469723,0.4121143667654198,-0.6186118030149639,-0.2432897673553981,training
2023-05-29,"Infrastructure, Services & Financial Products",433,2099024945.8171885,930837384.6565396,343261692.80914026,1755763253.0080483,587575691.8473992,3029862330.473728,21.83178302027829,1168187561.1606488,0.3855579672420295,-0.3855579672420295,6,0.30285429461624325,0.49813872976343976,2023-06-05,-0.4558537466390031,-0.3855579672420295,0.231188848469723,0.4121143667654198,-0.6186118030149639,training
2023-06-05,"Infrastructure, Services & Financial Products",433,5800131625.179621,2167882522.628641,1637377477.9593914,4162754147.220229,530505044.6692498,7968014147.808262,22.79870113293098,3632249102.55098,0.4558537466390031,-0.4558537466390031,6,0.46283475979009037,0.5491500989739271,2023-06-12,0.2889291343196001,-0.4558537466390031,-0.3855579672420295,0.231188848469723,0.4121143667654198,training
2023-06-12,"Infrastructure, Services & Financial Products",436,508383932.9074006,921526804.3886496,96814611.40947008,411569321.4979305,824712192.9791795,1429910737.29605,21.080877858497978,-413142871.481249,-0.2889291343196001,0.2889291343196001,6,-0.008278006390753986,0.5111983032396545,2023-06-19,0.724755254598966,0.2889291343196001,-0.4558537466390031,-0.3855579672420295,0.231188848469723,training
2023-06-19,"Infrastructure, Services & Financial Products",435,889267801.4866599,5572383629.431587,417936521.29036015,471331280.1962997,5154447108.141227,6461651430.918247,22.58915076168651,-4683115827.944927,-0.724755254598966,0.724755254598966,6,-0.5880437276832714,0.7245191089714876,2023-06-26,0.3931817799313608,0.724755254598966,0.2889291343196001,-0.4558537466390031,-0.3855579672420295,training
2023-06-26,"Infrastructure, Services & Financial Products",438,431546880.74847966,990779827.5684394,129189363.83525991,302357516.9132197,861590463.7331795,1422326708.316919,21.07555989532562,-559232946.8199596,-0.3931817799313608,0.3931817799313608,6,-0.1953420195924098,0.5184856829889966,2023-07-03,-0.3503150569971281,0.3931817799313608,0.724755254598966,0.2889291343196001,-0.4558537466390031,training
2023-07-03,"Infrastructure, Services & Financial Products",442,1110981289.8959615,534532894.5738402,94286633.97168012,1016694655.9242814,440246260.6021601,1645514184.4698017,21.221318747076115,576448395.3221214,0.3503150569971281,-0.3503150569971281,6,0.2956168637849098,0.5618897042671782,2023-07-10,0.2619405496326436,-0.3503150569971281,0.3931817799313608,0.724755254598966,0.2889291343196001,training
2023-07-10,"Infrastructure, Services & Financial Products",444,1052740041.6572866,1799984196.5685186,657197682.4615993,395542359.1956873,1142786514.1069193,2852724238.2258053,21.77154024808346,-747244154.911232,-0.2619405496326436,0.2619405496326436,6,-0.2399021527994108,0.40677327580921013,2023-07-17,-0.3576433090019851,0.2619405496326436,-0.3503150569971281,0.3931817799313608,0.724755254598966,training
2023-07-17,"Infrastructure, Services & Financial Products",447,1307114299.1005914,618449345.5380906,187448623.0795301,1119665676.0210614,431000722.4585605,1925563644.638682,21.37848456475693,688664953.5625008,0.3576433090019851,-0.3576433090019851,6,0.21152049601322218,0.4353282809037994,2023-07-24,-0.3730548906778746,-0.3576433090019851,0.2619405496326436,-0.3503150569971281,0.3931817799313608,training
2023-07-24,"Infrastructure, Services & Financial Products",450,1194419985.968021,545379338.9931799,265446967.85680023,928973018.1112204,279932371.1363797,1739799324.9612007,21.277035613614487,649040646.9748408,0.3730548906778746,-0.3730548906778746,6,0.1665533622742785,0.4461774702271734,2023-07-31,-0.258136286709877,-0.3730548906778746,-0.3576433090019851,0.2619405496326436,-0.3503150569971281,training
2023-07-31,"Infrastructure, Services & Financial Products",453,1224954676.4364312,722298080.4803599,306908102.1152202,918046574.321211,415389978.3651397,1947252756.916791,21.389685374077,502656595.95607126,0.258136286709877,-0.258136286709877,6,0.08033229746327471,0.3607828874768975,2023-08-07,0.3692008264292981,-0.258136286709877,-0.3730548906778746,-0.3576433090019851,0.2619405496326436,training
2023-08-07,"Infrastructure, Services & Financial Products",454,659036333.3413305,1430491874.5375395,174127608.70547998,484908724.63585055,1256364265.83206,2089528207.8788705,21.46020414006208,-771455541.1962092,-0.3692008264292981,0.3692008264292981,6,-0.133197856165683,0.4696727631390288,2023-08-14,-0.6658948521975916,0.3692008264292981,-0.258136286709877,-0.3730548906778746,-0.3576433090019851,training
2023-08-14,"Infrastructure, Services & Financial Products",459,5288487508.6756735,1060637709.76087,595481828.1570494,4693005680.518624,465155881.60382056,6349125218.436543,22.57158287964248,4227849798.914804,0.6658948521975916,-0.6658948521975916,6,0.5878779328797461,0.653539857267321,2023-08-21,-0.491859746581073,-0.6658948521975916,0.3692008264292981,-0.258136286709877,-0.3730548906778746,training
2023-08-21,"Infrastructure, Services & Financial Products",460,1081978192.6508288,368531072.8889399,172897119.21887988,909081073.4319488,195633953.67006004,1450509265.5397687,21.09518055001947,713447119.761889,0.491859746581073,-0.491859746581073,6,0.22669086241733183,0.5272152635841454,2023-08-28,-0.2732649668459637,-0.491859746581073,-0.6658948521975916,0.3692008264292981,-0.258136286709877,training
2023-08-28,"Infrastructure, Services & Financial Products",463,743188524.2619796,424185971.40635,120432571.34455998,622755952.9174196,303753400.06179,1167374495.6683297,20.87802304422869,319002552.8556296,0.2732649668459637,-0.2732649668459637,6,0.07557263388388831,0.4692660059087279,2023-09-04,-0.604537233518516,-0.2732649668459637,-0.491859746581073,-0.6658948521975916,0.3692008264292981,training
2023-09-04,"Infrastructure, Services & Financial Products",458,1038177478.008168,255874733.83311948,73124575.15267989,965052902.8554882,182750158.6804396,1294052211.8412876,20.98104438216571,782302744.1750486,0.604537233518516,-0.604537233518516,6,0.19782159264015126,0.43442585174212417,2023-09-11,0.6811355457415577,-0.604537233518516,-0.2732649668459637,-0.491859746581073,-0.6658948521975916,training
2023-09-11,"Infrastructure, Services & Financial Products",461,230259995.89567977,1213990015.797703,34909499.210739866,195350496.68493992,1179080516.5869632,1444250011.6933827,21.09085600141456,-983730019.9020232,-0.6811355457415577,0.6811355457415577,6,-0.2643793554722695,0.647208281453262,2023-09-18,0.2972908685721049,0.6811355457415577,-0.604537233518516,-0.2732649668459637,-0.491859746581073,training
2023-09-18,"Infrastructure, Services & Financial Products",461,466196509.65599054,860658340.5398104,68216214.3788004,397980295.27719015,792442126.16101,1326854850.195801,21.00607720515025,-394461830.8838199,-0.2972908685721049,0.2972908685721049,6,-0.05405675845959854,0.3773764780158822,2023-09-25,0.6188790272127764,0.2972908685721049,0.6811355457415577,-0.604537233518516,-0.2732649668459637,training
2023-09-25,"Infrastructure, Services & Financial Products",461,467806142.46756953,1987089682.5845013,152383794.65261966,315422347.81494987,1834705887.931882,2454895825.052071,21.621350163912563,-1519283540.116932,-0.6188790272127764,0.6188790272127764,6,-0.3568472532070426,0.5959205699584643,2023-10-02,-0.0940908230078875,0.6188790272127764,0.2972908685721049,0.6811355457415577,-0.604537233518516,training
2023-10-02,"Infrastructure, Services & Financial Products",465,1201441528.406741,994795754.8998196,92378665.63270004,1109062862.774041,902417089.2671196,2196237283.3065605,21.510011407719308,206645773.5069213,0.0940908230078875,-0.0940908230078875,6,0.09667054193338838,0.46576747340895447,2023-10-09,-0.4023390654198712,-0.0940908230078875,0.6188790272127764,0.2972908685721049,0.6811355457415577,training
2023-10-09,"Infrastructure, Services & Financial Products",477,2158308504.1566305,919846497.5517704,233748862.9095204,1924559641.24711,686097634.6422501,3078155001.7084007,21.847596229350007,1238462006.60486,0.4023390654198712,-0.4023390654198712,6,-0.03196365635820227,0.4259769093714047,2023-10-16,0.3647259647117125,-0.4023390654198712,-0.0940908230078875,0.6188790272127764,0.2972908685721049,training
2023-10-16,"Infrastructure, Services & Financial Products",471,1900034850.210453,4081745435.6726832,355693582.76322013,1544341267.447233,3726051852.909463,5981780285.883137,22.51198406743971,-2181710585.46223,-0.3647259647117125,0.3647259647117125,6,-0.25389897690365415,0.4812688953012866,2023-10-23,0.7566997766461799,0.3647259647117125,-0.4023390654198712,-0.0940908230078875,0.6188790272127764,training
2023-10-23,"Infrastructure, Services & Financial Products",476,871088730.74683,6289519005.153573,166112300.3330001,704976430.4138299,6123406704.820573,7160607735.900403,22.691860693772277,-5418430274.406743,-0.7566997766461799,0.7566997766461799,6,-0.5178705534679675,0.7286549522531921,2023-10-30,0.1381972193828469,0.7566997766461799,0.3647259647117125,-0.4023390654198712,-0.0940908230078875,training
2023-10-30,"Infrastructure, Services & Financial Products",478,1478868046.7115903,1953165546.0613303,393088108.3936301,1085779938.3179605,1560077437.6677003,3432033592.7729206,21.956418806919597,-474297499.3497398,-0.1381972193828469,0.1381972193828469,6,-0.06775402534482727,0.3806413264666449,2023-11-06,0.5790696068352522,0.1381972193828469,0.7566997766461799,0.3647259647117125,-0.4023390654198712,training
2023-11-06,"Infrastructure, Services & Financial Products",481,1740694336.9149315,6530004881.678399,858625593.4037702,882068743.5111613,5671379288.274629,8270699218.59333,22.83598489133097,-4789310544.763468,-0.5790696068352522,0.5790696068352522,6,-0.4685392174621406,0.620381321245129,2023-11-13,-0.0942024302223814,0.5790696068352522,0.1381972193828469,0.7566997766461799,0.3647259647117125,training
2023-11-13,"Infrastructure, Services & Financial Products",493,2207093914.114921,1827066225.0950785,522188707.99527925,1684905206.1196418,1304877517.0997992,4034160139.21,22.11806397331321,380027689.0198426,0.0942024302223814,-0.0942024302223814,6,0.0473900143638694,0.3489229739982723,2023-11-20,-0.3558566696140203,-0.0942024302223814,0.5790696068352522,0.1381972193828469,0.7566997766461799,training
2023-11-20,"Infrastructure, Services & Financial Products",496,2889509245.5595603,1372754325.9758203,571430431.7423991,2318078813.817161,801323894.2334212,4262263571.535381,22.173066211163835,1516754919.58374,0.3558566696140203,-0.3558566696140203,6,0.06951424025660974,0.3433549538331139,2023-11-27,0.3355942416229152,-0.3558566696140203,-0.0942024302223814,0.5790696068352522,0.1381972193828469,training
2023-11-27,"Infrastructure, Services & Financial Products",501,1779875934.99396,3577922104.991684,628831181.3571208,1151044753.6368394,2949090923.6345634,5357798039.985644,22.40181891437329,-1798046169.9977238,-0.3355942416229152,0.3355942416229152,6,-0.18328599212994,0.4689129026564422,2023-12-04,0.403561045990809,0.3355942416229152,-0.3558566696140203,-0.0942024302223814,0.5790696068352522,training
2023-12-04,"Infrastructure, Services & Financial Products",507,3500035006.0967126,8236405018.720239,700930812.9751401,2799104193.1215725,7535474205.745098,11736440024.816952,23.18596437076324,-4736370012.623526,-0.403561045990809,0.403561045990809,6,-0.2898510027971068,0.49928247948123206,2023-12-11,-0.2690866337849635,0.403561045990809,0.3355942416229152,-0.3558566696140203,-0.0942024302223814,training
2023-12-11,"Infrastructure, Services & Financial Products",508,4484991898.536542,2583070720.892933,931523598.9702804,3553468299.566262,1651547121.9226527,7068062619.429475,22.6788522510745,1901921177.643609,0.2690866337849635,-0.2690866337849635,6,0.11997151890281418,0.41177578043844165,2023-12-18,0.4182594057767932,-0.2690866337849635,0.403561045990809,0.3355942416229152,-0.3558566696140203,training
2023-12-18,"Infrastructure, Services & Financial Products",514,2766959175.507821,6745731542.603462,1126582292.4301589,1640376883.0776622,5619149250.173304,9512690718.111282,22.97589260924848,-3978772367.095641,-0.4182594057767932,0.4182594057767932,6,-0.33866001910900306,0.426825000577036,2023-12-25,-0.1724615651383091,0.4182594057767932,-0.2690866337849635,0.403561045990809,0.3355942416229152,training
2023-12-25,"Infrastructure, Services & Financial Products",514,3404409823.58477,2402876188.70028,1162257787.036381,2242152036.5483894,1240618401.6638992,5807286012.28505,22.48237917531527,1001533634.88449,0.1724615651383091,-0.1724615651383091,6,0.03253000096959414,0.315383480766122,2024-01-01,0.2712755228327967,-0.1724615651383091,0.4182594057767932,-0.2690866337849635,0.403561045990809,validation
2024-01-01,"Infrastructure, Services & Financial Products",515,3152433107.568472,5499487354.395529,1300591119.07556,1851841988.492912,4198896235.3199687,8651920461.964,22.881047152087437,-2347054246.827057,-0.2712755228327967,0.2712755228327967,6,-0.11965998633687457,0.5284897201569511,2024-01-08,-0.0433938309612653,0.2712755228327967,-0.1724615651383091,0.4182594057767932,-0.2690866337849635,validation
2024-01-08,"Infrastructure, Services & Financial Products",519,4291034475.869424,3934113782.705478,1204271075.0971787,3086763400.7722454,2729842707.6082997,8225148258.574902,22.830462158915623,356920693.1639457,0.0433938309612653,-0.0433938309612653,6,-0.05669490351678173,0.35605170869125563,2024-01-15,0.0102868386079465,-0.0433938309612653,0.2712755228327967,-0.1724615651383091,0.4182594057767932,validation
2024-01-15,"Infrastructure, Services & Financial Products",519,2244683883.1106224,2291345283.063999,886209855.1551902,1358474027.9554322,1405135427.908809,4536029166.174622,22.235317833504325,-46661399.95337677,-0.0102868386079465,0.0102868386079465,6,0.022747585373084633,0.34827570944035435,2024-01-22,0.2648808870017214,0.0102868386079465,-0.0433938309612653,0.2712755228327967,-0.1724615651383091,validation
2024-01-22,"Infrastructure, Services & Financial Products",524,1782950551.4372296,3067829464.7841816,628247650.2395096,1154702901.19772,2439581814.544672,4850780016.221411,22.302405357257395,-1284878913.346952,-0.2648808870017214,0.2648808870017214,6,-0.03156905350576284,0.3652415008751612,2024-01-29,0.2728302931636919,0.2648808870017214,0.0102868386079465,-0.0433938309612653,0.2712755228327967,validation
2024-01-29,"Infrastructure, Services & Financial Products",527,2151125728.729039,3765308106.469972,849327950.1442009,1301797778.5848384,2915980156.325771,5916433835.199011,22.500999711797096,-1614182377.7409325,-0.2728302931636919,0.2728302931636919,6,-0.06063253436050599,0.42404968706889834,2024-02-05,0.4150338917394083,0.2728302931636919,0.2648808870017214,0.0102868386079465,-0.0433938309612653,validation
2024-02-05,"Infrastructure, Services & Financial Products",526,4174729240.307367,10098676283.034857,1450017242.2045906,2724711998.1027765,8648659040.830267,14273405523.342224,23.381663889181056,-5923947042.727489,-0.4150338917394083,0.4150338917394083,6,-0.36683910679280035,0.5517295226072041,2024-02-12,0.1856342621139985,0.4150338917394083,0.2728302931636919,0.2648808870017214,0.0102868386079465,validation
2024-02-12,"Infrastructure, Services & Financial Products",529,4461217448.220579,6495082014.478772,1442252633.6936686,3018964814.526911,5052829380.785104,10956299462.699352,23.11718042127959,-2033864566.258193,-0.1856342621139985,0.1856342621139985,6,-0.27566192921661964,0.43466816266450187,2024-02-19,-0.2395246504334938,0.1856342621139985,0.4150338917394083,0.2728302931636919,0.2648808870017214,validation
2024-02-19,"Infrastructure, Services & Financial Products",533,4310632716.774269,2644666986.65112,1080912478.8769395,3229720237.8973293,1563754507.7741802,6955299703.425388,22.6627697533309,1665965730.1231494,0.2395246504334938,-0.2395246504334938,6,0.07099859157848132,0.34320052744413426,2024-02-26,0.337213723752594,-0.2395246504334938,0.1856342621139985,0.4150338917394083,0.2728302931636919,validation
2024-02-26,"Infrastructure, Services & Financial Products",534,10452527153.20945,21088642384.548798,2489380365.7798395,7963146787.42961,18599262018.768955,31541169537.758244,24.174559498921216,-10636115231.339344,-0.337213723752594,0.337213723752594,6,-0.23851015875565582,0.43115940632638816,2024-03-04,0.2923850517623252,0.337213723752594,-0.2395246504334938,0.1856342621139985,0.4150338917394083,validation
2024-03-04,"Infrastructure, Services & Financial Products",544,6821422941.37898,12458619003.375952,2138803377.9561927,4682619563.422787,10319815625.41976,19280041944.75493,23.68233630173614,-5637196061.996972,-0.2923850517623252,0.2923850517623252,6,-0.25394059336395286,0.42458846236341896,2024-03-11,-0.0966823690882989,0.2923850517623252,0.337213723752594,-0.2395246504334938,0.1856342621139985,validation
2024-03-11,"Infrastructure, Services & Financial Products",548,11490147922.73058,9464229108.574564,2911819047.897011,8578328874.83357,6552410060.677553,20954377031.305145,23.765613389048568,2025918814.1560173,0.0966823690882989,-0.0966823690882989,6,0.12539305885091778,0.3969981180843726,2024-03-18,-0.2775566105243525,-0.0966823690882989,0.2923850517623252,0.337213723752594,-0.2395246504334938,validation
2024-03-18,"Infrastructure, Services & Financial Products",553,10575404074.319218,5980267881.350463,1740028504.9168208,8835375569.402397,4240239376.4336414,16555671955.669682,23.529994596470715,4595136192.968755,0.2775566105243525,-0.2775566105243525,6,0.096006831619098,0.4344453025421181,2024-03-25,0.2385033180669597,-0.2775566105243525,-0.0966823690882989,0.2923850517623252,0.337213723752594,validation
2024-03-25,"Infrastructure, Services & Financial Products",578,4464966283.66967,7261851152.580912,864278354.3212302,3600687929.34844,6397572798.259682,11726817436.250582,23.18514414457589,-2796884868.911241,-0.2385033180669597,0.2385033180669597,6,-0.16745241623756374,0.4438020862361126,2024-04-01,-0.1506040877054761,0.2385033180669597,-0.2775566105243525,-0.0966823690882989,0.2923850517623252,validation
2024-04-01,"Infrastructure, Services & Financial Products",588,11327897644.346834,8362450695.952949,2219652069.2185936,9108245575.12824,6142798626.734355,19690348340.29978,23.703394420720784,2965446948.3938856,0.1506040877054761,-0.1506040877054761,6,0.06844206097274297,0.3834156716287302,2024-04-08,-0.408995454814972,-0.1506040877054761,0.2385033180669597,-0.2775566105243525,-0.0966823690882989,validation
2024-04-08,"Infrastructure, Services & Financial Products",593,25633364259.61729,10751940138.661892,4862630462.391891,20770733797.2254,5889309676.270001,36385304398.27918,24.31743080477558,14881424120.9554,0.408995454814972,-0.408995454814972,6,0.2772041492512987,0.4339852117401831,2024-04-15,0.2652873998014241,-0.408995454814972,-0.1506040877054761,0.2385033180669597,-0.2775566105243525,validation
2024-04-15,"Infrastructure, Services & Financial Products",594,3367480136.205039,5799315520.47728,1041098395.158509,2326381741.04653,4758217125.31877,9166795656.68232,22.938853624598984,-2431835384.2722406,-0.2652873998014241,0.2652873998014241,6,-0.043782928477629164,0.38813661667600213,2024-04-22,-0.0906162026517077,0.2652873998014241,-0.408995454814972,-0.1506040877054761,0.2385033180669597,validation
2024-04-22,"Infrastructure, Services & Financial Products",596,6115414645.511341,5099189778.377492,1006146781.2033798,5109267864.307961,4093042997.174112,11214604423.888832,23.1404827323294,1016224867.1338491,0.0906162026517077,-0.0906162026517077,6,0.07062314042843934,0.38196524821220684,2024-04-29,0.3240838015632972,-0.0906162026517077,0.2652873998014241,-0.408995454814972,-0.1506040877054761,validation
2024-04-29,"Infrastructure, Services & Financial Products",605,3292893691.1161666,6450603206.079544,780904597.1471386,2511989093.969028,5669698608.932405,9743496897.195711,22.999865914622408,-3157709514.963377,-0.3240838015632972,0.3240838015632972,6,-0.1299570442095546,0.36437653313458496,2024-05-06,-0.4332698448849237,0.3240838015632972,-0.0906162026517077,0.2652873998014241,-0.408995454814972,validation
2024-05-06,"Infrastructure, Services & Financial Products",603,10348899345.487894,4092064974.554436,1324851463.7346082,9024047881.753286,2767213510.819828,14440964320.04233,23.393334749416944,6256834370.933458,0.4332698448849237,-0.4332698448849237,6,0.09992121093669719,0.40177739558587644,2024-05-13,0.4716634862798702,-0.4332698448849237,0.3240838015632972,-0.0906162026517077,0.2652873998014241,validation
2024-05-13,"Infrastructure, Services & Financial Products",609,4949548769.720478,13786800663.596754,1375697966.5637,3573850803.1567783,12411102697.033054,18736349433.31723,23.653731294050424,-8837251893.876276,-0.4716634862798702,0.4716634862798702,6,-0.20406832742654857,0.43906078379802604,2024-05-20,0.0262864529803795,0.4716634862798702,-0.4332698448849237,0.3240838015632972,-0.0906162026517077,validation
2024-05-20,"Infrastructure, Services & Financial Products",611,9104938429.65574,9596533800.08674,1397568410.6061275,7707370019.049611,8198965389.480611,18701472229.74248,23.651868086624702,-491595370.43099976,-0.0262864529803795,0.0262864529803795,6,-0.09192469753791223,0.3683521576036086,2024-05-27,0.1428640265569379,0.0262864529803795,0.4716634862798702,-0.4332698448849237,0.3240838015632972,validation
2024-05-27,"Infrastructure, Services & Financial Products",612,2833150585.857684,3777587205.200352,732432912.80372,2100717673.053964,3045154292.396632,6610737791.058036,22.611961102139176,-944436619.3426684,-0.1428640265569379,0.1428640265569379,6,0.03158877223437814,0.33691336780511083,2024-06-03,0.0978920103713536,0.1428640265569379,0.0262864529803795,0.4716634862798702,-0.4332698448849237,validation
2024-06-03,"Infrastructure, Services & Financial Products",617,3919836380.55979,4770556400.848553,1087065396.9743395,2832770983.58545,3683491003.874213,8690392781.408342,22.88548397455879,-850720020.2887626,-0.0978920103713536,0.0978920103713536,6,-0.014973225336962197,0.3754804629956318,2024-06-10,-0.4575683652376763,0.0978920103713536,0.1428640265569379,0.0262864529803795,0.4716634862798702,validation
2024-06-10,"Infrastructure, Services & Financial Products",623,10780712405.057293,4012024130.9052606,1562064869.748281,9218647535.309011,2449959261.15698,14792736535.962551,23.41740212271769,6768688274.152033,0.4575683652376763,-0.4575683652376763,6,0.21256321970466144,0.40515278598891086,2024-06-17,-0.1350174302379988,-0.4575683652376763,0.0978920103713536,0.1428640265569379,0.0262864529803795,validation
2024-06-17,"Infrastructure, Services & Financial Products",623,7371722529.297994,5617897423.502619,1321159265.54187,6050563263.756124,4296738157.960749,12989619952.800611,23.287416410372646,1753825105.7953749,0.1350174302379988,-0.1350174302379988,6,0.17208823946338697,0.40376311778697965,2024-06-24,-0.0871166140564212,-0.1350174302379988,-0.4575683652376763,0.0978920103713536,0.1428640265569379,validation
2024-06-24,"Infrastructure, Services & Financial Products",625,4230129062.138572,3552162197.958072,373240078.8591306,3856888983.279441,3178922119.098942,7782291260.096643,22.775116638345857,677966864.1804996,0.0871166140564212,-0.0871166140564212,6,0.18371032985435518,0.3662273707415091,2024-07-01,-0.2784165781939559,-0.0871166140564212,-0.1350174302379988,-0.4575683652376763,0.0978920103713536,validation
2024-07-01,"Infrastructure, Services & Financial Products",629,10264844154.788853,5793840205.03101,1233121113.0996926,9031723041.68916,4560719091.931317,16058684359.819862,23.49951562186155,4471003949.757843,0.2784165781939559,-0.2784165781939559,6,0.27743228658948543,0.4605312424897493,2024-07-08,0.2930664127709039,-0.2784165781939559,-0.0871166140564212,-0.1350174302379988,-0.4575683652376763,validation
2024-07-08,"Infrastructure, Services & Financial Products",630,3533184616.499224,6462618894.118879,876467470.2686685,2656717146.230555,5586151423.850211,9995803510.618105,23.025431193025053,-2929434277.619656,-0.2930664127709039,0.2930664127709039,6,-0.23991714050544563,0.44601227471057914,2024-07-15,0.3867965430244089,0.2930664127709039,-0.2784165781939559,-0.0871166140564212,-0.1350174302379988,validation
2024-07-15,"Infrastructure, Services & Financial Products",634,5547700012.9787655,12546457643.407686,1159866554.60488,4387833458.373885,11386591088.802809,18094157656.38645,23.61885494175321,-6998757630.428921,-0.3867965430244089,0.3867965430244089,6,-0.3382038065245608,0.4755744914039535,2024-07-22,0.4511425886776236,0.3867965430244089,0.2930664127709039,-0.2784165781939559,-0.0871166140564212,validation
2024-07-22,"Infrastructure, Services & Financial Products",639,3020773889.805101,7986725790.401719,837156303.7293105,2183617586.0757904,7149569486.672409,11007499680.20682,23.12184266663273,-4965951900.596619,-0.4511425886776236,0.4511425886776236,6,-0.17647950924568154,0.3906979404922268,2024-07-29,-0.4156530838621929,0.4511425886776236,0.3867965430244089,0.2930664127709039,-0.2784165781939559,validation
2024-07-29,"Infrastructure, Services & Financial Products",638,22028502283.123318,9092826147.179718,2142876917.7346585,19885625365.388657,6949949229.44506,31121328430.303032,24.161159222726724,12935676135.943596,0.4156530838621929,-0.4156530838621929,6,0.40802303546431695,0.5071670913723657,2024-08-05,0.424893119905333,-0.4156530838621929,0.4511425886776236,0.3867965430244089,0.2930664127709039,validation
2024-08-05,"Infrastructure, Services & Financial Products",637,3000686361.859149,7434543908.261123,587783970.5111595,2412902391.3479896,6846759937.749963,10435230270.120272,23.06845344442139,-4433857546.401974,-0.424893119905333,0.424893119905333,6,-0.23733050230324076,0.48584879092898364,2024-08-12,-0.131236409332849,0.424893119905333,-0.4156530838621929,0.4511425886776236,0.3867965430244089,validation
2024-08-12,"Infrastructure, Services & Financial Products",633,3618153398.325648,2778658741.869641,385106628.0312004,3233046770.294448,2393552113.8384404,6396812140.19529,22.579065600279325,839494656.4560075,0.131236409332849,-0.131236409332849,6,0.11365843997563191,0.4006684321109208,2024-08-19,0.566650840477766,-0.131236409332849,0.424893119905333,-0.4156530838621929,0.4511425886776236,validation
2024-08-19,"Infrastructure, Services & Financial Products",637,4336940924.844723,15678978476.619844,1923279894.242672,2413661030.602051,13755698582.37717,20015919401.464565,23.719793764007413,-11342037551.77512,-0.566650840477766,0.566650840477766,6,-0.32101324092420536,0.4475662236907604,2024-08-26,-0.3832348643434474,0.566650840477766,-0.131236409332849,0.424893119905333,-0.4156530838621929,validation
2024-08-26,"Infrastructure, Services & Financial Products",637,14460747035.36954,6447845435.994077,1718588970.6954298,12742158064.67411,4729256465.298647,20908592471.363617,23.76342603450884,8012901599.375463,0.3832348643434474,-0.3832348643434474,6,0.350949627231418,0.4673260637939313,2024-09-02,-0.2029607050362613,-0.3832348643434474,0.566650840477766,-0.131236409332849,0.424893119905333,validation
2024-09-02,"Infrastructure, Services & Financial Products",635,8065334464.994761,5343805885.523413,2391857322.349831,5673477142.64493,2951948563.1735816,13409140350.518171,23.31920242715298,2721528579.471349,0.2029607050362613,-0.2029607050362613,6,0.22735635771473867,0.44888815973272517,2024-09-09,0.2769930152188729,-0.2029607050362613,-0.3832348643434474,0.566650840477766,-0.131236409332849,validation
2024-09-09,"Infrastructure, Services & Financial Products",636,4638500916.359732,8192636303.604819,448741712.10698,4189759204.252752,7743894591.497839,12831137219.96455,23.27514064928925,-3554135387.245088,-0.2769930152188729,0.2769930152188729,6,-0.20464723927077735,0.43566595909714356,2024-09-16,0.531984935770694,0.2769930152188729,-0.2029607050362613,-0.3832348643434474,0.566650840477766,validation
2024-09-16,"Infrastructure, Services & Financial Products",637,3250879302.823389,10641320121.04219,637222867.6083192,2613656435.2150702,10004097253.433872,13892199423.86558,23.35459332709992,-7390440818.2188015,-0.531984935770694,0.531984935770694,6,-0.4070572876140102,0.48950698581478136,2024-09-23,0.3748381673007903,0.531984935770694,0.2769930152188729,-0.2029607050362613,-0.3832348643434474,validation
2024-09-23,"Infrastructure, Services & Financial Products",638,3797782045.851362,8351974536.229128,944819522.4987702,2852962523.352592,7407155013.730358,12149756582.08049,23.22057497221792,-4554192490.377766,-0.3748381673007903,0.3748381673007903,6,-0.2608500388643577,0.3867636697122845,2024-09-30,-0.1837300230313,0.3748381673007903,0.531984935770694,0.2769930152188729,-0.2029607050362613,validation
2024-09-30,"Infrastructure, Services & Financial Products",639,8309052372.648474,5729710201.558477,655728490.7844679,7653323881.864006,5073981710.77401,14038762574.206951,23.36508809599088,2579342171.0899963,0.1837300230313,-0.1837300230313,6,0.23414208602720482,0.3826839141588339,2024-10-07,0.1293403861254024,-0.1837300230313,0.3748381673007903,0.531984935770694,0.2769930152188729,validation
2024-10-07,"Infrastructure, Services & Financial Products",639,2507910798.661216,3253033567.4166937,326258024.3862999,2181652774.274915,2926775543.0303936,5760944366.077909,22.474367250833144,-745122768.7554784,-0.1293403861254024,0.1293403861254024,6,-0.16774653206168236,0.28839327131636855,2024-10-14,0.5454734085492604,0.1293403861254024,-0.1837300230313,0.3748381673007903,0.531984935770694,validation
2024-10-14,"Infrastructure, Services & Financial Products",636,3797980947.278551,12913828740.934889,1067366948.262649,2730613999.0159016,11846461792.67224,16711809688.21344,23.539381473463116,-9115847793.656338,-0.5454734085492604,0.5454734085492604,6,-0.38086975044165705,0.5115150181925955,2024-10-21,0.126569170084329,0.5454734085492604,0.1293403861254024,-0.1837300230313,0.3748381673007903,validation
2024-10-21,"Infrastructure, Services & Financial Products",634,4156280070.405787,5360856096.649531,695062854.3448195,3461217216.0609674,4665793242.304712,9517136167.05532,22.9763598178102,-1204576026.2437444,-0.126569170084329,0.126569170084329,6,-0.0032935034376235517,0.3100088868237736,2024-10-28,0.1355400428395607,0.126569170084329,0.5454734085492604,0.1293403861254024,-0.1837300230313,validation
2024-10-28,"Infrastructure, Services & Financial Products",635,3465221001.062089,4551855955.155935,540616260.7467903,2924604740.3152986,4011239694.409145,8017076956.218024,22.804839723214997,-1086634954.0938463,-0.1355400428395607,0.1355400428395607,6,0.028157878255826267,0.34588998345813204,2024-11-04,0.4769964300524587,0.1355400428395607,0.126569170084329,0.5454734085492604,0.1293403861254024,validation
2024-11-04,"Infrastructure, Services & Financial Products",635,10208449979.654112,28829333187.59291,1965950905.2948475,8242499074.359264,26863382282.298065,39037783167.24703,24.387795813278824,-18620883207.9388,-0.4769964300524587,0.4769964300524587,6,-0.3998898299503171,0.4564996934507507,2024-11-11,0.648024276437583,0.4769964300524587,0.1355400428395607,0.126569170084329,0.5454734085492604,validation
2024-11-11,"Infrastructure, Services & Financial Products",634,4326026814.914889,20255366305.782776,851934843.4795598,3474091971.4353294,19403431462.30321,24581393120.697662,23.925255616520435,-15929339490.867886,-0.648024276437583,0.648024276437583,6,-0.44927644386496673,0.5181066250692105,2024-11-18,0.4070651350187608,0.648024276437583,0.4769964300524587,0.1355400428395607,0.126569170084329,validation
2024-11-18,"Infrastructure, Services & Financial Products",635,7384028600.552579,17522682192.330933,1443080726.970991,5940947873.581588,16079601465.35994,24906710792.88351,23.93840311390035,-10138653591.778357,-0.4070651350187608,0.4070651350187608,6,-0.33000280289231987,0.41758980838102966,2024-11-25,-0.4626577065088359,0.4070651350187608,0.648024276437583,0.4769964300524587,0.1355400428395607,validation
2024-11-25,"Infrastructure, Services & Financial Products",634,11633356523.973608,4273791774.91423,997980040.0724398,10635376483.901169,3275811734.84179,15907148298.887838,23.490034423751712,7359564749.059378,0.4626577065088359,-0.4626577065088359,6,0.09777304297525805,0.3452386706858477,2024-12-02,0.3908236021219802,-0.4626577065088359,0.4070651350187608,0.648024276437583,0.4769964300524587,validation
2024-12-02,"Infrastructure, Services & Financial Products",633,5861151624.757973,13381720046.483622,1450346016.0502307,4410805608.707742,11931374030.433392,19242871671.241592,23.68040652636052,-7520568421.725649,-0.3908236021219802,0.3908236021219802,6,-0.29235037182708407,0.36811126765697233,2024-12-09,0.1949238229100622,0.3908236021219802,-0.4626577065088359,0.4070651350187608,0.648024276437583,validation
2024-12-09,"Infrastructure, Services & Financial Products",634,7583404432.843981,11255569191.37944,1548345827.7995598,6035058605.044421,9707223363.57988,18838973624.22342,23.659193626119297,-3672164758.53546,-0.1949238229100622,0.1949238229100622,6,-0.059861135690154874,0.25629398246585583,2024-12-16,-0.2883747540984651,0.1949238229100622,0.3908236021219802,-0.4626577065088359,0.4070651350187608,validation
2024-12-16,"Infrastructure, Services & Financial Products",635,23794767154.36941,13142881738.044195,2672504079.047333,21122263075.322083,10470377658.996864,36937648892.41361,24.33249716305997,10651885416.325218,0.2883747540984651,-0.2883747540984651,6,0.215096880474598,0.3617942785388084,2024-12-23,-0.0981269116406157,-0.2883747540984651,0.1949238229100622,0.3908236021219802,-0.4626577065088359,validation
2024-12-23,"Infrastructure, Services & Financial Products",634,5639761662.113145,4631841013.915017,436358234.4966305,5203403427.616514,4195482779.4183865,10271602676.028162,23.05264890295006,1007920648.1981276,0.0981269116406157,-0.0981269116406157,6,0.03515456730173158,0.3042785748089478,2024-12-30,0.5069477083828708,-0.0981269116406157,-0.2883747540984651,0.1949238229100622,0.3908236021219802,validation
2024-12-30,"Infrastructure, Services & Financial Products",632,4891098222.334777,14948980834.159588,1023827706.24842,3867270516.086357,13925153127.911167,19840079056.49437,23.71096992354794,-10057882611.82481,-0.5069477083828708,0.5069477083828708,6,-0.3059500085025534,0.38166892447768,2025-01-06,-0.3535728043941138,0.5069477083828708,-0.0981269116406157,-0.2883747540984651,0.1949238229100622,test
2025-01-06,"Infrastructure, Services & Financial Products",630,15595796975.739136,7448101254.352929,1353160054.23773,14242636921.501406,6094941200.115199,23043898230.092064,23.860666852520215,8147695721.386207,0.3535728043941138,-0.3535728043941138,6,0.21512823494231878,0.3986558563923799,2025-01-13,0.7325502540434019,-0.3535728043941138,0.5069477083828708,-0.0981269116406157,-0.2883747540984651,test
2025-01-13,"Infrastructure, Services & Financial Products",631,4314697088.677084,27950781969.787064,1352411214.1021206,2962285874.574964,26598370755.684944,32265479058.46415,24.197263735875133,-23636084881.109978,-0.7325502540434019,0.7325502540434019,6,-0.5551892340002514,0.495718924013505,2025-01-20,0.487705524041463,0.7325502540434019,-0.3535728043941138,0.5069477083828708,-0.0981269116406157,test
2025-01-20,"Infrastructure, Services & Financial Products",632,3828111976.1281433,11116854857.509842,590386060.1546212,3237725915.973522,10526468797.35522,14944966833.637983,23.42764041351879,-7288742881.381699,-0.487705524041463,0.487705524041463,6,-0.20957514320500858,0.3509482790980862,2025-01-27,-0.0412995567338349,0.487705524041463,0.7325502540434019,-0.3535728043941138,0.5069477083828708,test
2025-01-27,"Infrastructure, Services & Financial Products",631,4969084300.131322,4574921107.337534,683067439.9899008,4286016860.141421,3891853667.3476334,9544005407.468857,22.97917908842972,394163192.793788,0.0412995567338349,-0.0412995567338349,6,0.038647196688928756,0.26731127577785696,2025-02-03,0.3180117661077478,-0.0412995567338349,0.487705524041463,0.7325502540434019,-0.3535728043941138,test
2025-02-03,"Infrastructure, Services & Financial Products",632,3674925898.1684575,7102168824.404312,404295907.0931898,3270629991.075268,6697872917.311122,10777094722.57277,23.10068885994187,-3427242926.2358546,-0.3180117661077478,0.3180117661077478,6,-0.11358371035184447,0.39299614989814813,2025-02-10,0.1134144299610724,0.3180117661077478,-0.0412995567338349,0.487705524041463,0.7325502540434019,test
2025-02-10,"Infrastructure, Services & Financial Products",630,3420956908.122242,4296193074.303114,453125625.9061196,2967831282.2161226,3843067448.3969946,7717149982.425356,22.76671095969049,-875236166.180872,-0.1134144299610724,0.1134144299610724,6,-0.05276155917339698,0.27869731226105465,2025-02-17,-0.2273471032616582,0.1134144299610724,0.3180117661077478,-0.0412995567338349,0.487705524041463,test
2025-02-17,"Infrastructure, Services & Financial Products",629,5706205450.781638,3592232514.51355,428889343.70302016,5277316107.078618,3163343170.8105297,9298437965.295189,22.95311226238524,2113972936.2680883,0.2273471032616582,-0.2273471032616582,6,0.0675548349386658,0.3263283048658161,2025-02-24,-0.4957382706421243,-0.2273471032616582,0.1134144299610724,0.3180117661077478,-0.0412995567338349,test
2025-02-24,"Infrastructure, Services & Financial Products",628,21892297652.151253,7380601332.713036,1263486614.8691506,20628811037.2821,6117114717.843885,29272898984.86429,24.099927975651976,14511696319.438215,0.4957382706421243,-0.4957382706421243,6,0.4033015304038755,0.4156543408613562,2025-03-03,-0.4980254694631991,-0.4957382706421243,-0.2273471032616582,0.1134144299610724,0.3180117661077478,test
2025-03-03,"Infrastructure, Services & Financial Products",625,19977974420.039875,6694435131.446272,1180796329.588789,18797178090.451088,5513638801.857483,26672409551.486145,24.00689551798416,13283539288.593603,0.4980254694631991,-0.4980254694631991,6,0.4192412308393873,0.40032632865745865,2025-03-10,0.3294362994554208,-0.4980254694631991,-0.4957382706421243,-0.2273471032616582,0.1134144299610724,test
2025-03-10,"Infrastructure, Services & Financial Products",623,4138374252.882024,8204597039.841281,595146452.7053007,3543227800.176723,7609450587.135981,12342971292.723305,23.236352611992405,-4066222786.959257,-0.3294362994554208,0.3294362994554208,6,-0.17676275703789773,0.3584494458728459,2025-03-17,0.1927641875915771,0.3294362994554208,-0.4980254694631991,-0.4957382706421243,-0.2273471032616582,test
2025-03-17,"Infrastructure, Services & Financial Products",623,3916534055.7846255,5787034580.744216,535267945.4948802,3381266110.2897453,5251766635.249336,9703568636.52884,22.99575955557302,-1870500524.9595904,-0.1927641875915771,0.1927641875915771,6,-0.1510976453344475,0.36963661328167724,2025-03-24,-0.4544521451061405,0.1927641875915771,0.3294362994554208,-0.4980254694631991,-0.4957382706421243,test
2025-03-24,"Infrastructure, Services & Financial Products",622,10778325311.847956,4042822772.142657,534225273.18693024,10244100038.661026,3508597498.955727,14821148083.990612,23.41932092243666,6735502539.705298,0.4544521451061405,-0.4544521451061405,6,0.39407669339662227,0.4444045014346841,2025-03-31,0.4895017152246713,-0.4544521451061405,0.1927641875915771,0.3294362994554208,-0.4980254694631991,test
2025-03-31,"Infrastructure, Services & Financial Products",624,2524834517.302199,7366812889.166103,558208176.635369,1966626340.66683,6808604712.530734,9891647406.468302,23.014956541759663,-4841978371.863905,-0.4895017152246713,0.4895017152246713,6,-0.12442770895098411,0.3900097499553592,2025-04-07,0.7849212014111766,0.4895017152246713,-0.4544521451061405,0.1927641875915771,0.3294362994554208,test
2025-04-07,"Infrastructure, Services & Financial Products",621,2018577891.062901,16752011346.995045,720303596.3995501,1298274294.663351,16031707750.595495,18770589238.057945,23.655557079649743,-14733433455.932144,-0.7849212014111766,0.7849212014111766,6,-0.5747638286374092,0.5281096183195364,2025-04-14,-0.2112719160756118,0.7849212014111766,0.4895017152246713,-0.4544521451061405,0.1927641875915771,test
2025-04-14,"Infrastructure, Services & Financial Products",616,3686262690.520191,2400335440.910574,253162412.06790984,3433100278.452281,2147173028.842664,6086598131.430765,22.529355163649655,1285927249.6096168,0.2112719160756118,-0.2112719160756118,6,0.05058503432979124,0.2834743368533884,2025-04-21,0.517398229060283,-0.2112719160756118,0.7849212014111766,0.4895017152246713,-0.4544521451061405,test
2025-04-21,"Infrastructure, Services & Financial Products",617,4078981271.146157,12825147626.696917,762695517.6211696,3316285753.524988,12062452109.075745,16904128897.843073,23.55082374257676,-8746166355.550758,-0.517398229060283,0.517398229060283,6,-0.34481138228565306,0.3910267340963016,2025-04-28,0.4687262535955257,0.517398229060283,-0.2112719160756118,0.7849212014111766,0.4895017152246713,test
2025-04-28,"Infrastructure, Services & Financial Products",614,2426164263.0917306,6707222355.431747,289332240.9586398,2136832022.1330907,6417890114.473107,9133386618.523478,22.935202395909705,-4281058092.340017,-0.4687262535955257,0.4687262535955257,6,-0.17542816485839177,0.4780473374624091,2025-05-05,0.475586783712284,0.4687262535955257,0.517398229060283,-0.2112719160756118,0.7849212014111766,test
2025-05-05,"Infrastructure, Services & Financial Products",616,9012256960.079222,25358566200.6197,1370801511.9091396,7641455448.170082,23987764688.710564,34370823160.69892,24.260473877527144,-16346309240.54048,-0.475586783712284,0.475586783712284,6,-0.38199359156261004,0.4232079749125468,2025-05-12,-0.3559035434710148,0.475586783712284,0.4687262535955257,0.517398229060283,-0.2112719160756118,test
2025-05-12,"Infrastructure, Services & Financial Products",613,6617412531.611489,3143477265.418457,612764913.7037488,6004647617.907741,2530712351.7147083,9760889797.029943,23.001649401046816,3473935266.1930323,0.3559035434710148,-0.3559035434710148,6,0.15201774318279898,0.3299807347205662,2025-05-19,-0.070411802045093,-0.3559035434710148,0.475586783712284,0.4687262535955257,0.517398229060283,test
2025-05-19,"Infrastructure, Services & Financial Products",613,4203631006.632913,3650600418.322597,393977879.4299504,3809653127.202963,3256622538.892647,7854231424.95551,22.784318258667035,553030588.3103161,0.070411802045093,-0.070411802045093,6,0.021759450297931405,0.3983158457377247,2025-05-26,-0.5188276480408784,-0.070411802045093,-0.3559035434710148,0.475586783712284,0.4687262535955257,test
2025-05-26,"Infrastructure, Services & Financial Products",615,11763275284.120926,3726665657.228495,752854302.5268716,11010420981.594055,2973811354.701623,15489940941.34942,23.463456678737156,8036609626.892431,0.5188276480408784,-0.5188276480408784,6,0.3847738036634426,0.4768680578060918,2025-06-02,-0.3624500791251933,-0.5188276480408784,-0.070411802045093,-0.3559035434710148,0.475586783712284,test
2025-06-02,"Infrastructure, Services & Financial Products",615,5199412179.441785,2433032134.085272,142059057.54377016,5057353121.898015,2290973076.541501,7632444313.527057,22.75567398671008,2766380045.356513,0.3624500791251933,-0.3624500791251933,6,0.07393957292351809,0.3340129544790024,2025-06-09,0.446092134109316,-0.3624500791251933,-0.5188276480408784,-0.070411802045093,-0.3559035434710148,test
2025-06-09,"Infrastructure, Services & Financial Products",617,2825237519.281216,7375872424.294807,297937513.4957804,2527300005.785435,7077934910.799027,10201109943.576023,23.045762369412067,-4550634905.013592,-0.446092134109316,0.446092134109316,6,-0.16613353451180252,0.30052131169217167,2025-06-16,-0.3900226089667494,0.446092134109316,-0.3624500791251933,-0.5188276480408784,-0.070411802045093,test
2025-06-16,"Infrastructure, Services & Financial Products",611,9040509353.287071,3967206197.4796696,578998157.97519,8461511195.311881,3388208039.5044794,13007715550.76674,23.28880852233617,5073303155.807402,0.3900226089667494,-0.3900226089667494,6,0.3147247619750737,0.3511339696692354,2025-06-23,0.720934069513521,-0.3900226089667494,0.446092134109316,-0.3624500791251933,-0.5188276480408784,test
2025-06-23,"Infrastructure, Services & Financial Products",615,2160272689.211031,13321894449.179216,564848393.3054001,1595424295.9056308,12757046055.873816,15482167138.390247,23.462954691394096,-11161621759.968184,-0.720934069513521,0.720934069513521,6,-0.4613041197948787,0.442382104458548,2025-06-30,-0.0437009084398605,0.720934069513521,-0.3900226089667494,0.446092134109316,-0.3624500791251933,test
2025-06-30,"Infrastructure, Services & Financial Products",612,3317895473.114084,3040047585.6377234,247683682.5148906,3070211790.5991926,2792363903.122833,6357943058.751806,22.57297074370945,277847887.47635984,0.0437009084398605,-0.0437009084398605,6,0.04672875652530005,0.27289180676365943,2025-07-07,0.685045333719706,-0.0437009084398605,0.720934069513521,-0.3900226089667494,0.446092134109316,test
2025-07-07,"Infrastructure, Services & Financial Products",611,3509897298.421194,18778372565.1379,680607382.4516013,2829289915.969593,18097765182.6863,22288269863.559097,23.82732636197585,-15268475266.716707,-0.685045333719706,0.685045333719706,6,-0.5641377948644691,0.47163423120553183,2025-07-14,0.2342256327994326,0.685045333719706,-0.0437009084398605,0.720934069513521,-0.3900226089667494,test
2025-07-14,"Infrastructure, Services & Financial Products",611,5487370791.659334,8844189591.380001,795452219.6222609,4691918572.037073,8048737371.75774,14331560383.039335,23.38572996218432,-3356818799.720667,-0.2342256327994326,0.2342256327994326,6,-0.2170563355744924,0.26901295957679666,2025-07-21,0.1962890323490178,0.2342256327994326,0.685045333719706,-0.0437009084398605,0.720934069513521,test
2025-07-21,"Infrastructure, Services & Financial Products",608,3462844903.2330923,5154294945.819857,352820763.8076907,3110024139.4254017,4801474182.012166,8617139849.052948,22.877019062624733,-1691450042.5867643,-0.1962890323490178,0.1962890323490178,6,0.0074276480509419575,0.3193501579690697,2025-07-28,-0.605599944120369,0.1962890323490178,0.2342256327994326,0.685045333719706,-0.0437009084398605,test
2025-07-28,"Infrastructure, Services & Financial Products",609,17723238253.389793,4353541604.869984,1132542044.84726,16590696208.542534,3220999560.022724,22076779858.259777,23.817792208012225,13369696648.51981,0.605599944120369,-0.605599944120369,6,0.43971593278487936,0.39775161063251074,2025-08-04,0.5044732433045928,-0.605599944120369,0.1962890323490178,0.2342256327994326,0.685045333719706,test
2025-08-04,"Infrastructure, Services & Financial Products",609,4638024546.082804,14081548043.753054,972598470.9152008,3665426075.167603,13108949572.837852,18719572589.835857,23.65283547604909,-9443523497.67025,-0.5044732433045928,0.5044732433045928,6,-0.4186997045538654,0.36380849483106653,2025-08-11,-0.0089226011093945,0.5044732433045928,-0.605599944120369,0.1962890323490178,0.2342256327994326,test
2025-08-11,"Infrastructure, Services & Financial Products",611,4616949390.8384495,4535287630.637189,436193107.9334697,4180756282.90498,4099094522.703719,9152237021.47564,22.93726416968333,81661760.20126057,0.0089226011093945,-0.0089226011093945,6,-0.07588753147954144,0.34240889346783837,2025-08-18,-0.5598862228082442,-0.0089226011093945,0.5044732433045928,-0.605599944120369,0.1962890323490178,test
2025-08-18,"Infrastructure, Services & Financial Products",604,4807683983.815827,1356463007.829002,240388387.50041997,4567295596.315408,1116074620.3285823,6164146991.64483,22.542015601077253,3451220975.986825,0.5598862228082442,-0.5598862228082442,6,0.4806988140710364,0.4119753310567147,,,-0.5598862228082442,-0.0089226011093945,0.5044732433045928,-0.605599944120369,unavailable
2020-03-23,"Lending, Borrowing & Real World Assets",2,0.0,0.0,0.0,0.0,0.0,0.0,0.0,0.0,,,0,,,2020-03-30,-0.1074840923872976,,,,,training
2020-03-30,"Lending, Borrowing & Real World Assets",5,5691259.289260002,4586557.481889999,3121547.02107,2569712.268190002,1465010.4608199988,10277816.77115,16.145498516385892,1104701.8073700033,0.1074840923872976,-0.1074840923872976,4,0.6681368663550084,0.9006647025757476,2020-04-06,-0.2823651061756829,-0.1074840923872976,,,,training
2020-04-06,"Lending, Borrowing & Real World Assets",5,18513191.45086,10360319.47314,9639322.38428,8873869.066580001,720997.0888599996,28873510.924,17.178435190378686,8152871.977720002,0.2823651061756829,-0.2823651061756829,4,0.8876265237524875,0.951579024007652,2020-04-13,-0.4834117947299572,-0.2823651061756829,-0.1074840923872976,,,training
2020-04-13,"Lending, Borrowing & Real World Assets",5,12428175.5358,4328028.749419999,1059360.3233700008,11368815.212429998,3268668.4260499985,16756204.285219995,16.634279212419468,8100146.786379999,0.4834117947299572,-0.4834117947299572,4,0.6236854023584713,0.9290739398780973,2020-04-20,0.0768673152974059,-0.4834117947299572,-0.2823651061756829,-0.1074840923872976,,training
2020-04-20,"Lending, Borrowing & Real World Assets",5,9406457.225030003,10972969.006770002,5102780.377880001,4303676.847150004,5870188.62889,20379426.231800005,16.83003648093801,-1566511.7817399967,-0.0768673152974059,0.0768673152974059,3,0.4118431938658049,0.9112704845760774,2020-04-27,-0.1666888772659549,0.0768673152974059,-0.4834117947299572,-0.2823651061756829,-0.1074840923872976,training
2020-04-27,"Lending, Borrowing & Real World Assets",5,17307830.25897,12362171.05197,4650600.590849999,12657229.66812,7711570.46112,29670001.31094,17.205647070155106,4945659.207,0.1666888772659549,-0.1666888772659549,3,0.49388791473457566,0.9887125817804576,2020-05-04,-0.3721428743096285,-0.1666888772659549,0.0768673152974059,-0.4834117947299572,-0.2823651061756829,training
2020-05-04,"Lending, Borrowing & Real World Assets",5,16289382.28357,7453600.44593,6647045.16735,9642337.11622,806555.2785800006,23742982.7295,16.982797622883485,8835781.837639999,0.3721428743096285,-0.3721428743096285,3,0.6539243263544133,0.5829524986836799,2020-05-11,-0.8709497921484382,-0.3721428743096285,-0.1666888772659549,0.0768673152974059,-0.4834117947299572,training
2020-05-11,"Lending, Borrowing & Real World Assets",5,8022693.861399996,553371.5093199986,177169.85289999843,7845524.008499998,376201.6564200001,8576065.370719995,15.964485901385908,7469322.352079998,0.8709497921484382,-0.8709497921484382,3,0.7922924617051759,0.8209881945893908,2020-05-18,0.2081124301687088,-0.8709497921484382,-0.3721428743096285,-0.1666888772659549,0.0768673152974059,training
2020-05-18,"Lending, Borrowing & Real World Assets",7,7973627.037119992,12164653.549399998,4424781.579689998,3548845.457429994,7739871.96971,20138280.58651999,16.81813311820431,-4191026.512280006,-0.2081124301687088,0.2081124301687088,4,0.10578065037049182,0.6130482250217233,2020-05-25,-0.5892215695964397,0.2081124301687088,-0.8709497921484382,-0.3721428743096285,-0.1666888772659549,training
2020-05-25,"Lending, Borrowing & Real World Assets",8,23761536.66776,6141828.756349999,4495206.516489999,19266330.151269995,1646622.23986,29903365.424109995,17.213481621458318,17619707.911409996,0.5892215695964397,-0.5892215695964397,4,0.7433852756802644,0.6732952537210845,2020-06-01,-0.145469413864636,-0.5892215695964397,0.2081124301687088,-0.8709497921484382,-0.3721428743096285,training
2020-06-01,"Lending, Borrowing & Real World Assets",8,20890771.47192,15584705.252399998,13714906.351069998,7175865.120850004,1869798.90133,36475476.72432,17.412150749595646,5306066.2195200045,0.145469413864636,-0.145469413864636,4,0.6315122612217454,0.5239870683273729,2020-06-08,0.1262167625026397,-0.145469413864636,-0.5892215695964397,0.2081124301687088,-0.8709497921484382,training
2020-06-08,"Lending, Borrowing & Real World Assets",9,34393598.43435,44329812.49502,24343823.422369994,10049775.011980005,19985989.072650008,78723410.92937,18.181451152367718,-9936214.060670003,-0.1262167625026397,0.1262167625026397,4,-0.20717770583834702,0.7434647670780905,2020-06-15,-0.8906596140646105,0.1262167625026397,-0.145469413864636,-0.5892215695964397,0.2081124301687088,training
2020-06-15,"Lending, Borrowing & Real World Assets",9,860704194.25026,49776135.310370006,45184882.40894,815519311.84132,4591252.901430003,910480329.56063,20.62948285399977,810928058.93989,0.8906596140646105,-0.8906596140646105,4,0.9390396971592007,0.7400714368716783,2020-06-22,-0.0729198490836935,-0.8906596140646105,0.1262167625026397,-0.145469413864636,-0.5892215695964397,training
2020-06-22,"Lending, Borrowing & Real World Assets",9,319047573.10533005,275680119.51366,27348229.75772001,291699343.34761006,248331889.75594,594727692.6189901,20.203614200969408,43367453.59167004,0.0729198490836935,-0.0729198490836935,4,0.2968917687848297,0.40485200401579313,2020-06-29,0.0705991817699489,-0.0729198490836935,-0.8906596140646105,0.1262167625026397,-0.145469413864636,training
2020-06-29,"Lending, Borrowing & Real World Assets",9,1440175033.92112,1658972299.87139,1020360433.08612,419814600.8349999,638611866.7852699,3099147333.79251,21.85439285731068,-218797265.95026997,-0.0705991817699489,0.0705991817699489,4,-0.23149551706632143,0.4796160936923032,2020-07-06,0.0456179016174142,0.0705991817699489,-0.0729198490836935,-0.8906596140646105,0.1262167625026397,training
2020-07-06,"Lending, Borrowing & Real World Assets",8,577256687.40258,632440536.34223,534176745.0323,43079942.37028003,98263791.30992997,1209697223.74481,20.913635937759317,-55183848.93964994,-0.0456179016174142,0.0456179016174142,4,-0.05492671810530633,0.6429454122011554,2020-07-13,0.2233082825594587,0.0456179016174142,0.0705991817699489,-0.0729198490836935,-0.8906596140646105,training
2020-07-13,"Lending, Borrowing & Real World Assets",8,99463457.98234998,156657357.39113003,46842120.00309998,52621337.97925,109815237.38803004,256120815.37348,19.361159830074577,-57193899.40878005,-0.2233082825594587,0.2233082825594587,4,-0.04520318107228916,0.6442326712562991,2020-07-20,-0.1759647305423575,0.2233082825594587,0.0456179016174142,0.0705991817699489,-0.0729198490836935,training
2020-07-20,"Lending, Borrowing & Real World Assets",9,854526284.2026201,598793295.8982401,394878507.9114701,459647776.29115,203914787.98677,1453319580.10086,21.097116143049195,255732988.3043801,0.1759647305423575,-0.1759647305423575,4,0.4812472910900921,0.7930245671737779,2020-07-27,0.0068637160114274,-0.1759647305423575,0.2233082825594587,0.0456179016174142,0.0705991817699489,training
2020-07-27,"Lending, Borrowing & Real World Assets",10,357082343.89563006,362018044.7469801,167849611.0245801,189232732.87105,194168433.7224,719100388.6426101,20.393511529920172,-4935700.851350009,-0.0068637160114274,0.0068637160114274,4,0.11137900718915741,0.6029684349535084,2020-08-03,-0.0230020960649162,0.0068637160114274,-0.1759647305423575,0.2233082825594587,0.0456179016174142,training
2020-08-03,"Lending, Borrowing & Real World Assets",10,373236702.04919,356452324.95258,254904328.39141,118332373.65778,101547996.56116998,729689027.00177,20.408129012308933,16784377.09661001,0.0230020960649162,-0.0230020960649162,4,0.060276601239989805,0.5124399325904193,2020-08-10,-0.3587702045239488,-0.0230020960649162,0.0068637160114274,-0.1759647305423575,0.2233082825594587,training
2020-08-10,"Lending, Borrowing & Real World Assets",11,982909899.60432,463854087.907,421446411.34644,561463488.2578801,42407676.56055999,1446763987.51132,21.092595167292384,519055811.6973201,0.3587702045239488,-0.3587702045239488,4,0.7357688849488638,0.7701036726365293,2020-08-17,-0.2981996247769963,-0.3587702045239488,-0.0230020960649162,0.0068637160114274,-0.1759647305423575,training
2020-08-17,"Lending, Borrowing & Real World Assets",12,532426595.5879402,287827216.5781202,178154947.32728016,354271648.26066005,109672269.25084,820253812.1660604,20.52512437857988,244599379.00982004,0.2981996247769963,-0.2981996247769963,4,0.4350140236837409,0.7624582737690411,2020-08-24,-0.4113847295751989,-0.2981996247769963,-0.3587702045239488,-0.0230020960649162,0.0068637160114274,training
2020-08-24,"Lending, Borrowing & Real World Assets",13,491182093.28692,204846541.56271005,181630957.48313004,309551135.8037899,23215584.07958001,696028634.84963,20.36090136091444,286335551.7242099,0.4113847295751989,-0.4113847295751989,4,0.7074126892170488,0.5677206772139957,2020-08-31,0.1810338384063933,-0.4113847295751989,-0.2981996247769963,-0.3587702045239488,-0.0230020960649162,training
2020-08-31,"Lending, Borrowing & Real World Assets",13,713739692.6858,1029286395.95491,549856673.56022,163883019.12557995,479429722.3946901,1743026088.64071,21.278888571611347,-315546703.2691101,-0.1810338384063933,0.1810338384063933,4,-0.08615074469832758,0.5788277953356545,2020-09-07,-0.3927236729933961,0.1810338384063933,-0.4113847295751989,-0.2981996247769963,-0.3587702045239488,training
2020-09-07,"Lending, Borrowing & Real World Assets",13,456448390.8264001,199027493.8411601,124589682.28669012,331858708.53971,74437811.55447,655475884.6675602,20.300872072798835,257420896.98524,0.3927236729933961,-0.3927236729933961,4,0.32201628011712774,0.48328669618529124,2020-09-14,0.2886565425320231,-0.3927236729933961,0.1810338384063933,-0.4113847295751989,-0.2981996247769963,training
2020-09-14,"Lending, Borrowing & Real World Assets",15,381509909.41291016,691136237.5577601,333362842.9059801,48147066.50693005,357773394.65178,1072646146.9706702,20.793394467986857,-309626328.14485,-0.2886565425320231,0.2886565425320231,4,0.1723021050380361,0.5200156165380856,2020-09-21,-0.1470887838733513,0.2886565425320231,-0.3927236729933961,0.1810338384063933,-0.4113847295751989,training
2020-09-21,"Lending, Borrowing & Real World Assets",15,801784615.35624,596162303.18806,482738328.49176,319046286.8644801,113423974.69630007,1397946918.5443,21.05827051118476,205622312.16818,0.1470887838733513,-0.1470887838733513,4,0.4346908327550372,0.6463792188090967,2020-09-28,0.2256732677238162,-0.1470887838733513,0.2886565425320231,-0.3927236729933961,0.1810338384063933,training
2020-09-28,"Lending, Borrowing & Real World Assets",16,324909383.09829,514295488.83787,131436588.76126,193472794.33703,382858900.07661,839204871.9361601,20.54796542167412,-189386105.73958,-0.2256732677238162,0.2256732677238162,4,-0.2776449665122371,0.48552690753149663,2020-10-05,0.0064785646913448,0.2256732677238162,-0.1470887838733513,0.2886565425320231,-0.3927236729933961,training
2020-10-05,"Lending, Borrowing & Real World Assets",17,473962032.14605,480143265.0362,215921735.11989,258040297.02616,264221529.91631,954105297.18225,20.67628459877473,-6181232.890150011,-0.0064785646913448,0.0064785646913448,4,-0.07233902084225896,0.6565696526812351,2020-10-12,-0.0568098212692285,0.0064785646913448,0.2256732677238162,-0.1470887838733513,0.2886565425320231,training
2020-10-12,"Lending, Borrowing & Real World Assets",20,146876730.02334008,131085732.22354013,43366585.6006501,103510144.42268996,87719146.62289001,277962462.2468802,19.442996638246512,15790997.799799964,0.0568098212692285,-0.0568098212692285,4,-0.0773932934037399,0.6436663964726989,2020-10-19,-0.2708023667102442,-0.0568098212692285,0.0064785646913448,0.2256732677238162,-0.1470887838733513,training
2020-10-19,"Lending, Borrowing & Real World Assets",19,926835149.34892,531826202.9245099,459857824.9416999,466977324.4072201,71968377.98281002,1458661352.27343,21.1007849707543,395008946.4244101,0.2708023667102442,-0.2708023667102442,4,0.35681686431642734,0.7829970070239827,2020-10-26,0.1174480600353415,-0.2708023667102442,-0.0568098212692285,0.0064785646913448,0.2256732677238162,training
2020-10-26,"Lending, Borrowing & Real World Assets",19,294391171.4881998,372745023.35147977,177497115.0078898,116894056.48030996,195247908.34359,667136194.8396795,20.318504774699303,-78353851.86328,-0.1174480600353415,0.1174480600353415,4,-0.12457391017694408,0.6413255646071295,2020-11-02,-0.54845996353864,0.1174480600353415,-0.2708023667102442,-0.0568098212692285,0.0064785646913448,training
2020-11-02,"Lending, Borrowing & Real World Assets",19,624946345.6181297,182238031.54840973,136971506.16249973,487974839.45563,45266525.38591,807184377.1665394,20.5090626737026,442708314.06972,0.54845996353864,-0.54845996353864,4,0.689107393755136,0.6352863895894375,2020-11-09,-0.1623114204980276,-0.54845996353864,0.1174480600353415,-0.2708023667102442,-0.0568098212692285,training
2020-11-09,"Lending, Borrowing & Real World Assets",19,655179488.1265402,472193910.38280016,454438190.29147017,200741297.83507,17755720.09132999,1127373398.5093403,20.84315633878784,182985577.74374,0.1623114204980276,-0.1623114204980276,4,0.6568713032134191,0.6577035344389296,2020-11-16,-0.5948570051998542,-0.1623114204980276,-0.54845996353864,0.1174480600353415,-0.2708023667102442,training
2020-11-16,"Lending, Borrowing & Real World Assets",21,814149817.8919301,206819228.5335301,185311631.8110301,628838186.0809001,21507596.7225,1020969046.42546,20.7440180597296,607330589.3584001,0.5948570051998542,-0.5948570051998542,4,0.23057656249085332,0.6050450750602083,2020-11-23,-0.0433727852118376,-0.5948570051998542,-0.1623114204980276,-0.54845996353864,0.1174480600353415,training
2020-11-23,"Lending, Borrowing & Real World Assets",24,640272168.4267398,587040212.1558999,361250974.9063199,279021193.52042,225789237.24958003,1227312380.5826397,20.928092559989626,53231956.27083993,0.0433727852118376,-0.0433727852118376,4,-0.170639891093365,0.7638794998608814,2020-11-30,-0.2678766190987716,-0.0433727852118376,-0.5948570051998542,-0.1623114204980276,-0.54845996353864,training
2020-11-30,"Lending, Borrowing & Real World Assets",25,592640025.9131002,342214386.5523002,269086290.6435802,323553735.26952004,73128095.90872002,934854412.4654005,20.65590136760565,250425639.36080003,0.2678766190987716,-0.2678766190987716,4,0.6419324755241553,0.7118271794159821,2020-12-07,-0.2781389397931947,-0.2678766190987716,-0.0433727852118376,-0.5948570051998542,-0.1623114204980276,training
2020-12-07,"Lending, Borrowing & Real World Assets",26,893585584.1333201,504674896.4962801,269252772.22568005,624332811.90764,235422124.27060008,1398260480.6296003,21.05849478788647,388910687.63704,0.2781389397931947,-0.2781389397931947,4,0.18896491649065145,0.7591584463091292,2020-12-14,-0.590631436060697,-0.2781389397931947,-0.2678766190987716,-0.0433727852118376,-0.5948570051998542,training
2020-12-14,"Lending, Borrowing & Real World Assets",29,1060038089.70825,272813840.2567504,240206165.7935304,819831923.9147197,32607674.46322003,1332851929.9650004,21.010586792427056,787224249.4514997,0.590631436060697,-0.590631436060697,4,0.8608143170877885,0.7784267629971697,2020-12-21,-0.1356469300054012,-0.590631436060697,-0.2781389397931947,-0.2678766190987716,-0.0433727852118376,training
2020-12-21,"Lending, Borrowing & Real World Assets",29,539945801.0613601,410958545.6950602,181179799.45758015,358766001.6037799,229778746.23748,950904346.7564204,20.672924034753315,128987255.36629993,0.1356469300054012,-0.1356469300054012,4,0.4091032744981568,0.6172536145553937,2020-12-28,-0.4264977697216423,-0.1356469300054012,-0.590631436060697,-0.2781389397931947,-0.2678766190987716,training
2020-12-28,"Lending, Borrowing & Real World Assets",30,3115706703.2889705,1252623580.04116,1137847268.6443002,1977859434.6446705,114776311.39685988,4368330283.330131,22.197646687074823,1863083123.2478104,0.4264977697216423,-0.4264977697216423,4,0.8701733023541436,0.8555630304136185,2021-01-04,-0.1491332354535374,-0.4264977697216423,-0.1356469300054012,-0.590631436060697,-0.2781389397931947,training
2021-01-04,"Lending, Borrowing & Real World Assets",30,2486127635.07793,1840833866.64334,1271491418.18973,1214636216.8882,569342448.45361,4326961501.72127,22.188131401158888,645293768.4345901,0.1491332354535374,-0.1491332354535374,4,0.6434051263564472,0.7113824640269616,2021-01-11,-0.2973127644385731,-0.1491332354535374,-0.4264977697216423,-0.1356469300054012,-0.590631436060697,training
2021-01-11,"Lending, Borrowing & Real World Assets",30,3350353566.701601,1814713267.66583,1328493264.3226702,2021860302.3789303,486220003.3431599,5165066834.367431,22.365183879486068,1535640299.0357704,0.2973127644385731,-0.2973127644385731,4,0.11132721627143219,0.7820478921342008,2021-01-18,0.2754989994571842,-0.2973127644385731,-0.1491332354535374,-0.4264977697216423,-0.1356469300054012,training
2021-01-18,"Lending, Borrowing & Real World Assets",31,1355756815.5982003,2386837920.8685,962347697.1920302,393409118.4061701,1424490223.67647,3742594736.466701,22.043044987890024,-1031081105.2703,-0.2754989994571842,0.2754989994571842,4,-0.16600834226130873,0.6875282714068817,2021-01-25,-0.2274284372792914,0.2754989994571842,-0.2973127644385731,-0.1491332354535374,-0.4264977697216423,training
2021-01-25,"Lending, Borrowing & Real World Assets",30,1409124482.27443,886935213.7154799,536187043.9869299,872937438.2875001,350748169.72855,2296059695.98991,21.554460315496872,522189268.5589502,0.2274284372792914,-0.2274284372792914,4,0.3302945492887024,0.5164708768077727,2021-02-01,-0.3160462958907029,-0.2274284372792914,0.2754989994571842,-0.2973127644385731,-0.1491332354535374,training
2021-02-01,"Lending, Borrowing & Real World Assets",30,4261892777.90852,2214920068.59406,1937377114.84246,2324515663.06606,277542953.7516,6476812846.502581,22.591494381794195,2046972709.3144605,0.3160462958907029,-0.3160462958907029,4,0.7050924745310186,0.6597508070679494,2021-02-08,-0.3838497921938364,-0.3160462958907029,-0.2274284372792914,0.2754989994571842,-0.2973127644385731,training
2021-02-08,"Lending, Borrowing & Real World Assets",31,5356156775.23379,2384794309.84402,2055546764.65593,3300610010.5778604,329247545.18808985,7740951085.07781,22.769790396337218,2971362465.3897705,0.3838497921938364,-0.3838497921938364,4,0.6897891462912631,0.5630094817940614,2021-02-15,-0.622137714959145,-0.3838497921938364,-0.3160462958907029,-0.2274284372792914,0.2754989994571842,training
2021-02-15,"Lending, Borrowing & Real World Assets",31,6664448516.45496,1552422905.7384508,1302024856.120571,5362423660.334389,250398049.6178801,8216871422.193411,22.82945536811494,5112025610.716509,0.622137714959145,-0.622137714959145,4,0.790759952063081,0.6079754955880012,2021-02-22,0.2765219631619317,-0.622137714959145,-0.3838497921938364,-0.3160462958907029,-0.2274284372792914,training
2021-02-22,"Lending, Borrowing & Real World Assets",32,3211750011.7894106,5666888587.458841,1646285508.8209205,1565464502.96849,4020603078.637921,8878638599.248253,22.90691407141433,-2455138575.6694307,-0.2765219631619317,0.2765219631619317,4,-0.5030073777263739,0.608175572973165,2021-03-01,-0.4176761711467457,0.2765219631619317,-0.622137714959145,-0.3838497921938364,-0.3160462958907029,training
2021-03-01,"Lending, Borrowing & Real World Assets",32,3406917443.28201,1399423401.8578,765033204.4836901,2641884238.79832,634390197.3741099,4806340845.139811,22.29320189270717,2007494041.42421,0.4176761711467457,-0.4176761711467457,4,0.5788051822330619,0.6725735954864601,2021-03-08,-0.6195387781465815,-0.4176761711467457,0.2765219631619317,-0.622137714959145,-0.3838497921938364,training
2021-03-08,"Lending, Borrowing & Real World Assets",32,6992246889.64774,1642615064.8770494,912808630.1730194,6079438259.474721,729806434.70403,8634861954.52479,22.87907356179593,5349631824.770691,0.6195387781465815,-0.6195387781465815,4,0.7824665706730857,0.7252616593429019,2021-03-15,-0.477616977827574,-0.6195387781465815,-0.4176761711467457,0.2765219631619317,-0.622137714959145,training
2021-03-15,"Lending, Borrowing & Real World Assets",32,2643763545.86414,934651680.1859304,241561663.88713044,2402201881.97701,693090016.2988,3578415226.0500703,21.9981858653416,1709111865.6782098,0.477616977827574,-0.477616977827574,4,0.4758122278918839,0.7001100428868834,2021-03-22,0.1751815937109512,-0.477616977827574,-0.6195387781465815,-0.4176761711467457,0.2765219631619317,training
2021-03-22,"Lending, Borrowing & Real World Assets",32,1275870351.6034698,1817829647.99706,297881569.66856,977988781.9349098,1519948078.3284998,3093699999.6005297,21.852633622728625,-541959296.39359,-0.1751815937109512,0.1751815937109512,4,-0.24021278092431078,0.6225656790576576,2021-03-29,-0.589976450049316,0.1751815937109512,-0.477616977827574,-0.6195387781465815,-0.4176761711467457,training
2021-03-29,"Lending, Borrowing & Real World Assets",35,8567072632.84321,2209278969.820449,1787812992.687339,6779259640.155871,421465977.1331098,10776351602.663658,23.100619903924525,6357793663.022761,0.589976450049316,-0.589976450049316,4,0.8564271161441944,0.8361766246392554,2021-04-05,-0.3333585357405276,-0.589976450049316,0.1751815937109512,-0.477616977827574,-0.6195387781465815,training
2021-04-05,"Lending, Borrowing & Real World Assets",36,3888387846.1297407,1944083678.8231297,1169410070.8470993,2718977775.2826414,774673607.9760303,5832471524.95287,22.486706679885295,1944304167.306611,0.3333585357405276,-0.3333585357405276,4,0.4899029891870724,0.789487045764851,2021-04-12,-0.6524578840890188,-0.3333585357405276,-0.589976450049316,0.1751815937109512,-0.477616977827574,training
2021-04-12,"Lending, Borrowing & Real World Assets",36,10364961622.873362,2179941000.87786,1670777131.99202,8694184490.881342,509163868.8858397,12544902623.75122,23.252580254658245,8185020621.995502,0.6524578840890188,-0.6524578840890188,4,0.8449358179560535,0.819165319608149,2021-04-19,0.2249092166432643,-0.6524578840890188,-0.3333585357405276,-0.589976450049316,0.1751815937109512,training
2021-04-19,"Lending, Borrowing & Real World Assets",38,5716593432.69728,9034177845.83621,1986048859.2021809,3730544573.495099,7048128986.634029,14750771278.53349,23.414561208503024,-3317584413.1389303,-0.2249092166432643,0.2249092166432643,4,-0.051003423386086794,0.8498043124061598,2021-04-26,-0.6573298440306404,0.2249092166432643,-0.6524578840890188,-0.3333585357405276,-0.589976450049316,training
2021-04-26,"Lending, Borrowing & Real World Assets",41,19508881221.84941,4033663784.645669,3332829420.280049,16176051801.569366,700834364.3656197,23542545006.495083,23.882075047101797,15475217437.203749,0.6573298440306404,-0.6573298440306404,4,0.851090981465723,0.7622371968302243,2021-05-03,-0.6852884427944611,-0.6573298440306404,0.2249092166432643,-0.6524578840890188,-0.3333585357405276,training
2021-05-03,"Lending, Borrowing & Real World Assets",48,16540137961.935797,3088713149.75849,2634807886.46781,13905330075.467983,453905263.29067993,19628851111.694286,23.70026631640505,13451424812.177303,0.6852884427944611,-0.6852884427944611,4,0.833867521665718,0.7034357457231905,2021-05-10,0.3612209476509212,-0.6852884427944611,-0.6573298440306404,0.2249092166432643,-0.6524578840890188,training
2021-05-10,"Lending, Borrowing & Real World Assets",51,7131700692.387468,15197462000.599997,2704070174.121199,4427630518.26627,12493391826.478798,22329162692.987465,23.829159405184903,-8065761308.212528,-0.3612209476509212,0.3612209476509212,4,-0.5075896021273043,0.6872048168113121,2021-05-17,0.6395135626272213,0.3612209476509212,-0.6852884427944611,-0.6573298440306404,0.2249092166432643,training
2021-05-17,"Lending, Borrowing & Real World Assets",43,5677911337.52045,25823475393.703102,4608156838.61901,1069754498.9014395,21215318555.08409,31501386731.223557,24.1732974050542,-20145564056.18265,-0.6395135626272213,0.6395135626272213,4,-0.8195725963596874,0.6881695549264149,2021-05-24,-0.3557581541438616,0.6395135626272213,0.3612209476509212,-0.6852884427944611,-0.6573298440306404,training
2021-05-24,"Lending, Borrowing & Real World Assets",55,9953506772.68406,4729800485.710461,2023700726.64834,7929806046.035721,2706099759.0621204,14683307258.394522,23.409977124908256,5223706286.9736,0.3557581541438616,-0.3557581541438616,5,0.4718906548071278,0.8841377877369003,2021-05-31,-0.5350635428880063,-0.3557581541438616,0.6395135626272213,0.3612209476509212,-0.6852884427944611,training
2021-05-31,"Lending, Borrowing & Real World Assets",59,5001135213.882979,1514732141.645569,877817994.1219696,4123317219.7610097,636914147.5235997,6515867355.528549,22.5975061708996,3486403072.23741,0.5350635428880063,-0.5350635428880063,5,0.609318862495365,0.7621270905147851,2021-06-07,0.4990607745680196,-0.5350635428880063,-0.3557581541438616,0.6395135626272213,0.3612209476509212,training
2021-06-07,"Lending, Borrowing & Real World Assets",60,2199239682.1609697,6581225374.3116,1436182332.0892696,763057350.0717001,5145043042.22233,8780465056.472569,22.895795211012167,-4381985692.15063,-0.4990607745680196,0.4990607745680196,6,-0.4777093117820923,0.6994436518342625,2021-06-14,0.3598600392529208,0.4990607745680196,-0.5350635428880063,-0.3557581541438616,0.6395135626272213,training
2021-06-14,"Lending, Borrowing & Real World Assets",65,3592340999.97917,7631270148.391279,2589278643.48522,1003062356.49395,5041991504.906059,11223611148.37045,23.141285534578586,-4038929148.412109,-0.3598600392529208,0.3598600392529208,6,-0.8189522012176683,0.8268307050934216,2021-06-21,0.3633763506451881,0.3598600392529208,0.4990607745680196,-0.5350635428880063,-0.3557581541438616,training
2021-06-21,"Lending, Borrowing & Real World Assets",70,2913668901.86437,6239836170.77073,1835440658.07232,1078228243.7920496,4404395512.69841,9153505072.6351,22.937402711038807,-3326167268.90636,-0.3633763506451881,0.3633763506451881,6,-0.5808725876923491,0.7871737582958591,2021-06-28,-0.0938323710782688,0.3633763506451881,0.3598600392529208,0.4990607745680196,-0.5350635428880063,training
2021-06-28,"Lending, Borrowing & Real World Assets",71,4146159090.918001,3434818032.3515096,1298200590.8320706,2847958500.085931,2136617441.519439,7580977123.26951,22.74890793650772,711341058.5664916,0.0938323710782688,-0.0938323710782688,6,0.30329633601409056,0.7790255712977253,2021-07-05,-0.2657738641296409,-0.0938323710782688,0.3633763506451881,0.3598600392529208,0.4990607745680196,training
2021-07-05,"Lending, Borrowing & Real World Assets",74,6100684499.88935,3538769549.17058,2016335912.8369403,4084348587.0524096,1522433636.3336396,9639454049.059929,22.9891303101539,2561914950.71877,0.2657738641296409,-0.2657738641296409,6,0.23519812601462337,0.8950595138224838,2021-07-12,-0.1490335591140876,-0.2657738641296409,-0.0938323710782688,0.3633763506451881,0.3598600392529208,training
2021-07-12,"Lending, Borrowing & Real World Assets",80,6479921846.125321,4798986058.220629,2135110506.89508,4344811339.230242,2663875551.325549,11278907904.345951,23.14620026142731,1680935787.9046926,0.1490335591140876,-0.1490335591140876,6,-0.05989182940598039,0.8201194042104649,2021-07-19,-0.346836465188792,-0.1490335591140876,-0.2657738641296409,-0.0938323710782688,0.3633763506451881,training
2021-07-19,"Lending, Borrowing & Real World Assets",79,4331056722.362039,2100394807.657139,1263753539.1888492,3067303183.173189,836641268.4682899,6431451530.019177,22.58446609326856,2230661914.7049,0.346836465188792,-0.346836465188792,6,0.6311611681195013,0.7999510915215644,2021-07-26,-0.4673334341249898,-0.346836465188792,-0.1490335591140876,-0.2657738641296409,-0.0938323710782688,training
2021-07-26,"Lending, Borrowing & Real World Assets",78,6175417800.326318,2241779895.45015,1676932294.0955002,4498485506.230818,564847601.3546498,8417197695.776468,22.853542794695723,3933637904.876168,0.4673334341249898,-0.4673334341249898,6,0.5560604210240832,0.7219125221784544,2021-08-02,-0.5615987994873664,-0.4673334341249898,-0.346836465188792,-0.1490335591140876,-0.2657738641296409,training
2021-08-02,"Lending, Borrowing & Real World Assets",79,7986454725.743259,2242106833.5573897,1793644792.8216896,6192809932.92157,448462040.7357001,10228561559.30065,23.04844979708216,5744347892.185869,0.5615987994873664,-0.5615987994873664,6,0.728176856522069,0.7679720336576094,2021-08-09,-0.5635400089064356,-0.5615987994873664,-0.4673334341249898,-0.346836465188792,-0.1490335591140876,training
2021-08-09,"Lending, Borrowing & Real World Assets",80,6518893586.829881,1819739962.29087,1119431047.02461,5399462539.805271,700308915.2662599,8338633549.12075,22.844165196982168,4699153624.539011,0.5635400089064356,-0.5635400089064356,6,0.6724922996779061,0.7687829260995656,2021-08-16,-0.3311055096837957,-0.5635400089064356,-0.5615987994873664,-0.4673334341249898,-0.346836465188792,training
2021-08-16,"Lending, Borrowing & Real World Assets",85,3629564900.126328,1823894459.3628104,768604299.3132197,2860960600.8131084,1055290160.049591,5453459359.489139,22.419515989300013,1805670440.7635171,0.3311055096837957,-0.3311055096837957,6,0.3795959176304502,0.6188340634953163,2021-08-23,-0.3218998939172019,-0.3311055096837957,-0.5635400089064356,-0.5615987994873664,-0.4673334341249898,training
2021-08-23,"Lending, Borrowing & Real World Assets",87,4101374253.54482,2103897828.5811088,985508670.2289993,3115865583.3158207,1118389158.3521094,6205272082.125929,22.548665103654685,1997476424.963711,0.3218998939172019,-0.3218998939172019,5,0.30441722957019,0.6307800483333568,2021-08-30,-0.5780366169175464,-0.3218998939172019,-0.3311055096837957,-0.5635400089064356,-0.5615987994873664,training
2021-08-30,"Lending, Borrowing & Real World Assets",89,10050693422.81805,2687532439.71047,1991673856.49445,8059019566.323601,695858583.2160201,12738225862.52852,23.26787322021338,7363160983.10758,0.5780366169175464,-0.5780366169175464,6,0.7222456704511835,0.7987172408699411,2021-09-06,0.5849602904782967,-0.5780366169175464,-0.3218998939172019,-0.3311055096837957,-0.5635400089064356,training
2021-09-06,"Lending, Borrowing & Real World Assets",91,2652203770.2329693,10128278238.533855,1458251092.3763993,1193952677.85657,8670027146.157457,12780482008.766829,23.271185001128767,-7476074468.300888,-0.5849602904782967,0.5849602904782967,6,-0.661759351647432,0.7468548358383511,2021-09-13,-0.0569781835360474,0.5849602904782967,-0.5780366169175464,-0.3218998939172019,-0.3311055096837957,training
2021-09-13,"Lending, Borrowing & Real World Assets",97,2991134632.6269994,2668650364.2976584,727044461.6395488,2264090170.9874506,1941605902.6581097,5659784996.924658,22.45665174220761,322484268.32934093,0.0569781835360474,-0.0569781835360474,6,0.2788218974716852,0.7790550292478592,2021-09-20,0.1694884496621206,-0.0569781835360474,0.5849602904782967,-0.5780366169175464,-0.3218998939172019,training
2021-09-20,"Lending, Borrowing & Real World Assets",100,4386106238.691629,6176314565.467488,2690905492.30787,1695200746.3837595,3485409073.1596184,10562420804.15912,23.08056833186518,-1790208326.7758589,-0.1694884496621206,0.1694884496621206,6,-0.2993279707021697,0.6951047932104045,2021-09-27,0.0517243948848538,0.1694884496621206,-0.0569781835360474,0.5849602904782967,-0.5780366169175464,training
2021-09-27,"Lending, Borrowing & Real World Assets",102,8394612998.748951,9310393759.76535,3389974133.583141,5004638865.16581,5920419626.182209,17705006758.5143,23.59711330429582,-915780761.0163994,-0.0517243948848538,0.0517243948848538,6,0.18068391974299639,0.8489032691976999,2021-10-04,-0.5702551511336961,0.0517243948848538,0.1694884496621206,-0.0569781835360474,0.5849602904782967,training
2021-10-04,"Lending, Borrowing & Real World Assets",105,23126076112.77376,6329106500.1629305,2731853777.2902102,20394222335.483547,3597252722.87272,29455182612.936687,24.106135711661043,16796969612.610828,0.5702551511336961,-0.5702551511336961,6,0.6804759533154001,0.8484116523382358,2021-10-11,0.1143772435313972,-0.5702551511336961,0.0517243948848538,0.1694884496621206,-0.0569781835360474,training
2021-10-11,"Lending, Borrowing & Real World Assets",112,11781632740.284262,14824803587.66921,4140553455.933029,7641079284.351233,10684250131.73618,26606436327.953472,24.0044189907186,-3043170847.3849487,-0.1143772435313972,0.1143772435313972,6,0.03948630843773426,0.87868013461937,2021-10-18,-0.2389013655765411,0.1143772435313972,-0.5702551511336961,0.0517243948848538,0.1694884496621206,training
2021-10-18,"Lending, Borrowing & Real World Assets",118,9091591596.775204,5585269450.26109,2401739632.681091,6689851964.094112,3183529817.5799994,14676861047.036291,23.409538012203296,3506322146.5141134,0.2389013655765411,-0.2389013655765411,6,0.48346795310434526,0.6995849505076327,2021-10-25,0.5574597504976326,-0.2389013655765411,0.1143772435313972,-0.5702551511336961,0.0517243948848538,training
2021-10-25,"Lending, Borrowing & Real World Assets",122,3664819618.500541,12897830321.800253,967271894.21399,2697547724.2865515,11930558427.586264,16562649940.300797,23.530415993711543,-9233010703.299711,-0.5574597504976326,0.5574597504976326,6,-0.3981546653651331,0.8561934545772827,2021-11-01,-0.4044090889431411,0.5574597504976326,-0.2389013655765411,0.1143772435313972,-0.5702551511336961,training
2021-11-01,"Lending, Borrowing & Real World Assets",130,8769539541.005161,3719043180.436062,1365339753.829691,7404199787.17547,2353703426.606371,12488582721.441223,23.248080681662262,5050496360.569099,0.4044090889431411,-0.4044090889431411,5,0.5148369585557415,0.7310245358724313,2021-11-08,0.0144768054509914,-0.4044090889431411,0.5574597504976326,-0.2389013655765411,0.1143772435313972,training
2021-11-08,"Lending, Borrowing & Real World Assets",133,4145050475.742438,4266827598.094841,1074861468.7051694,3070189007.0372686,3191966129.389672,8411878073.837278,22.85291060048749,-121777122.35240269,-0.0144768054509914,0.0144768054509914,6,0.023594301117580832,0.6197451274669564,2021-11-15,0.258516964836042,0.0144768054509914,-0.4044090889431411,0.5574597504976326,-0.2389013655765411,training
2021-11-15,"Lending, Borrowing & Real World Assets",142,4327856041.040118,7345657271.595917,1680152879.4185195,2647703161.6215982,5665504392.177397,11673513312.636036,23.18058829308991,-3017801230.5557985,-0.258516964836042,0.258516964836042,5,-0.14532956758495597,0.4812155890824575,2021-11-22,0.0779289637341076,0.258516964836042,0.0144768054509914,-0.4044090889431411,0.5574597504976326,training
2021-11-22,"Lending, Borrowing & Real World Assets",145,5605509433.865649,6553010275.345172,1495109818.28939,4110399615.576259,5057900457.055782,12158519709.21082,23.22129597171654,-947500841.4795228,-0.0779289637341076,0.0779289637341076,6,-0.08973313034325292,0.47799547374624457,2021-11-29,0.2996314000527406,0.0779289637341076,0.258516964836042,0.0144768054509914,-0.4044090889431411,training
2021-11-29,"Lending, Borrowing & Real World Assets",145,5385265031.875969,9993108676.715485,2138504532.382969,3246760499.493,7854604144.332514,15378373708.591452,23.45622805483424,-4607843644.839514,-0.2996314000527406,0.2996314000527406,6,-0.31868807087908657,0.5865085911513167,2021-12-06,0.2031688422817497,0.2996314000527406,0.0779289637341076,0.258516964836042,0.0144768054509914,training
2021-12-06,"Lending, Borrowing & Real World Assets",154,4232841408.700861,6391345077.233571,1164730192.7566905,3068111215.944171,5226614884.476881,10624186485.934431,23.08639898288999,-2158503668.53271,-0.2031688422817497,0.2031688422817497,6,-0.32230572317025,0.767298118115506,2021-12-13,0.040251179763208,0.2031688422817497,0.2996314000527406,0.0779289637341076,0.258516964836042,training
2021-12-13,"Lending, Borrowing & Real World Assets",157,5833739279.64274,6323064993.799187,1532650579.0827494,4301088700.559991,4790414414.716437,12156804273.441929,23.22115487256665,-489325714.15644646,-0.040251179763208,0.040251179763208,6,-0.025998604565690784,0.5918638440192603,2021-12-20,-0.2832048070180599,0.040251179763208,0.2031688422817497,0.2996314000527406,0.0779289637341076,training
2021-12-20,"Lending, Borrowing & Real World Assets",161,7689236607.498232,4295189519.094377,1651025596.7960498,6038211010.702182,2644163922.2983265,11984426126.59261,23.206873821132543,3394047088.403856,0.2832048070180599,-0.2832048070180599,6,0.4182463886262927,0.493917455638079,2021-12-27,0.4239068285572865,-0.2832048070180599,0.040251179763208,0.2031688422817497,0.2996314000527406,training
2021-12-27,"Lending, Borrowing & Real World Assets",167,2957324307.15718,7309502149.928348,1655386322.0309205,1301937985.1262596,5654115827.897428,10266826457.085527,23.05218380223595,-4352177842.771168,-0.4239068285572865,0.4239068285572865,6,-0.4273363439119553,0.6165346431371996,2022-01-03,0.3659106512592924,0.4239068285572865,-0.2832048070180599,0.040251179763208,0.2031688422817497,training
2022-01-03,"Lending, Borrowing & Real World Assets",171,4815388645.106091,10372971338.134075,1511769026.1736605,3303619618.9324303,8861202311.960415,15188359983.240166,23.44379518092079,-5557582693.027985,-0.3659106512592924,0.3659106512592924,6,-0.48223420918595483,0.5408593418225783,2022-01-10,-0.3029121980431138,0.3659106512592924,0.4239068285572865,-0.2832048070180599,0.040251179763208,training
2022-01-10,"Lending, Borrowing & Real World Assets",171,7219778018.437987,3862746236.5066,1636313699.6591704,5583464318.778817,2226432536.8474293,11082524254.944588,23.128635313251927,3357031781.9313874,0.3029121980431138,-0.3029121980431138,6,0.45104292754827546,0.5226161775470913,2022-01-17,0.5054205930132699,-0.3029121980431138,0.3659106512592924,0.4239068285572865,-0.2832048070180599,training
2022-01-17,"Lending, Borrowing & Real World Assets",174,8208578196.194468,24985598836.79596,4286321440.457479,3922256755.7369895,20699277396.33848,33194177032.990425,24.22564030694368,-16777020640.601486,-0.5054205930132699,0.5054205930132699,6,-0.5453979835115484,0.5530579996400697,2022-01-24,0.0370605592213372,0.5054205930132699,-0.3029121980431138,0.3659106512592924,0.4239068285572865,training
2022-01-24,"Lending, Borrowing & Real World Assets",178,6264280976.581837,6746466556.02799,1346996253.6151297,4917284722.966707,5399470302.412861,13010747532.609829,23.289041586206768,-482185579.4461536,-0.0370605592213372,0.0370605592213372,6,-0.17373324599196893,0.5803918999688185,2022-01-31,-0.4095747899382255,0.0370605592213372,0.5054205930132699,-0.3029121980431138,0.3659106512592924,training
2022-01-31,"Lending, Borrowing & Real World Assets",180,7265386982.300022,3043235212.3668203,994303202.27117,6271083780.028852,2048932010.0956504,10308622194.666843,23.05624648837929,4222151769.933202,0.4095747899382255,-0.4095747899382255,6,0.45261297621796726,0.5148239552548342,2022-02-07,0.1312918851504084,-0.4095747899382255,0.0370605592213372,0.5054205930132699,-0.3029121980431138,training
2022-02-07,"Lending, Borrowing & Real World Assets",182,4188683614.087732,5454793964.829469,1403788165.96575,2784895448.1219826,4051005798.863719,9643477578.917202,22.989547625320792,-1266110350.7417364,-0.1312918851504084,0.1312918851504084,6,-0.10289635446415187,0.5978606953980633,2022-02-14,0.1828930457832687,0.1312918851504084,-0.4095747899382255,0.0370605592213372,0.5054205930132699,training
2022-02-14,"Lending, Borrowing & Real World Assets",184,4394023191.972851,6361051573.44732,2062749211.2649,2331273980.7079506,4298302362.18242,10755074765.42017,23.098643551424384,-1967028381.4744687,-0.1828930457832687,0.1828930457832687,6,-0.30156837084695337,0.7697105803558209,2022-02-21,0.016065924098765,0.1828930457832687,0.1312918851504084,-0.4095747899382255,0.0370605592213372,training
2022-02-21,"Lending, Borrowing & Real World Assets",185,8326273990.624644,8598180999.91563,3418670685.34598,4907603305.278664,5179510314.569651,16924454990.540276,23.552025453840177,-271907009.29098606,-0.016065924098765,0.016065924098765,6,0.04836552710848378,0.5444464745032028,2022-02-28,-0.5161408184007386,0.016065924098765,0.1828930457832687,0.1312918851504084,-0.4095747899382255,training
2022-02-28,"Lending, Borrowing & Real World Assets",190,5982385141.009163,1909210505.5212505,515587390.7179205,5466797750.291243,1393623114.8033297,7891595646.530413,22.78906418805298,4073174635.4879127,0.5161408184007386,-0.5161408184007386,6,0.3442123941634695,0.6868347408954084,2022-03-07,-0.1800311283747253,-0.5161408184007386,0.016065924098765,0.1828930457832687,0.1312918851504084,training
2022-03-07,"Lending, Borrowing & Real World Assets",193,3890647867.299788,2703496598.46263,402588044.85207945,3488059822.4477086,2300908553.6105504,6594144465.762418,22.60944789017646,1187151268.8371582,0.1800311283747253,-0.1800311283747253,6,0.2505931464021868,0.6449644794062246,2022-03-14,-0.493585591715373,-0.1800311283747253,-0.5161408184007386,0.016065924098765,0.1828930457832687,training
2022-03-14,"Lending, Borrowing & Real World Assets",198,9002210678.49873,3052285198.31239,961808136.1077096,8040402542.39102,2090477062.20468,12054495876.81112,23.21270352919091,5949925480.18634,0.493585591715373,-0.493585591715373,6,0.43501889053715825,0.49544832762164154,2022-03-21,-0.3226593945497091,-0.493585591715373,-0.1800311283747253,-0.5161408184007386,0.016065924098765,training
2022-03-21,"Lending, Borrowing & Real World Assets",196,5235496466.542849,2681124377.9720607,662257241.6452699,4573239224.897579,2018867136.3267908,7916620844.51491,22.792230290807243,2554372088.570788,0.3226593945497091,-0.3226593945497091,6,0.29507485908808423,0.5554802601841843,2022-03-28,-0.2224401752246728,-0.3226593945497091,-0.493585591715373,-0.1800311283747253,-0.5161408184007386,training
2022-03-28,"Lending, Borrowing & Real World Assets",202,7310909507.764028,4650263981.025069,1803647686.1554096,5507261821.608618,2846616294.8696594,11961173488.789097,23.204931698530995,2660645526.7389584,0.2224401752246728,-0.2224401752246728,6,0.3491218719246034,0.6378113010628097,2022-04-04,0.2820697411343693,-0.2224401752246728,-0.3226593945497091,-0.493585591715373,-0.1800311283747253,training
2022-04-04,"Lending, Borrowing & Real World Assets",204,3932656511.644741,7022882590.046153,1848738222.806049,2083918288.838692,5174144367.240104,10955539101.690895,23.11711101943488,-3090226078.401412,-0.2820697411343693,0.2820697411343693,6,-0.3480067713618443,0.4843471923862074,2022-04-11,0.0742885902136033,0.2820697411343693,-0.2224401752246728,-0.3226593945497091,-0.493585591715373,training
2022-04-11,"Lending, Borrowing & Real World Assets",210,3034905305.9744105,3522009244.0465293,677027038.709961,2357878267.2644496,2844982205.3365684,6556914550.02094,22.60378598642435,-487103938.0721188,-0.0742885902136033,0.0742885902136033,6,-0.3080970271932932,0.6268535092200372,2022-04-18,-0.1366886846337026,0.0742885902136033,0.2820697411343693,-0.2224401752246728,-0.3226593945497091,training
2022-04-18,"Lending, Borrowing & Real World Assets",214,13242918615.40628,10057953108.62923,4630319752.375694,8612598863.030586,5427633356.253536,23300871724.03551,23.871756609909863,3184965506.77705,0.1366886846337026,-0.1366886846337026,6,0.18117689277918086,0.6579258229927616,2022-04-25,0.2064737103197918,-0.1366886846337026,0.0742885902136033,0.2820697411343693,-0.2224401752246728,training
2022-04-25,"Lending, Borrowing & Real World Assets",220,5162739252.49452,7849404943.950714,1902904015.07992,3259835237.4146004,5946500928.870794,13012144196.445234,23.289148927377852,-2686665691.456194,-0.2064737103197918,0.2064737103197918,6,-0.3531817231218926,0.5540455319937064,2022-05-02,0.287308007682224,0.2064737103197918,-0.1366886846337026,0.0742885902136033,0.2820697411343693,training
2022-05-02,"Lending, Borrowing & Real World Assets",222,5380004500.181459,9717694248.151373,3424846471.704218,1955158028.4772413,6292847776.447155,15097698748.332832,23.437808168446686,-4337689747.9699135,-0.287308007682224,0.287308007682224,6,-0.4970715193555329,0.7046191781680019,2022-05-09,0.7601829220394907,0.287308007682224,0.2064737103197918,-0.1366886846337026,0.0742885902136033,training
2022-05-09,"Lending, Borrowing & Real World Assets",225,4613044054.849179,33858311647.42328,2257903997.7857494,2355140057.06343,31600407649.637527,38471355702.27246,24.373179793621848,-29245267592.5741,-0.7601829220394907,0.7601829220394907,6,-0.7633622484457279,0.7283292951159753,2022-05-16,0.5140805419331618,0.7601829220394907,0.287308007682224,0.2064737103197918,-0.1366886846337026,training
2022-05-16,"Lending, Borrowing & Real World Assets",229,1890550217.2379904,5890781383.514433,531848581.98188,1358701635.256111,5358932801.532553,7781331600.752423,22.774993317528605,-4000231166.2764425,-0.5140805419331618,0.5140805419331618,6,-0.4012640255556367,0.5823194939867581,2022-05-23,0.2516048624012202,0.5140805419331618,0.7601829220394907,0.287308007682224,0.2064737103197918,training
2022-05-23,"Lending, Borrowing & Real World Assets",232,3121955129.0380177,5221111179.636268,1471472301.549818,1650482827.4881997,3749638878.0864496,8343066308.674286,22.844696648776065,-2099156050.59825,-0.2516048624012202,0.2516048624012202,6,-0.3985096036004004,0.6207365029231274,2022-05-30,-0.304245829495291,0.2516048624012202,0.5140805419331618,0.7601829220394907,0.287308007682224,training
2022-05-30,"Lending, Borrowing & Real World Assets",234,5997788386.78503,3199539679.9737,1589059038.7004402,4408729348.08459,1610480641.2732594,9197328066.75873,22.942178851401668,2798248706.811331,0.304245829495291,-0.304245829495291,6,0.26169283378794095,0.7514070765366141,2022-06-06,0.3869882691343193,-0.304245829495291,0.2516048624012202,0.5140805419331618,0.7601829220394907,training
2022-06-06,"Lending, Borrowing & Real World Assets",235,2505255604.205629,5668341989.65368,993523844.4131696,1511731759.792459,4674818145.24051,8173597593.859308,22.82417499098424,-3163086385.448051,-0.3869882691343193,0.3869882691343193,6,-0.4731773712022549,0.5662816943208255,2022-06-13,0.6697921031883292,0.3869882691343193,-0.304245829495291,0.2516048624012202,0.5140805419331618,training
2022-06-13,"Lending, Borrowing & Real World Assets",237,3041177178.1072183,15378595380.159052,1461795227.7484984,1579381950.3587198,13916800152.410551,18419772558.26627,23.636690520209083,-12337418202.051834,-0.6697921031883292,0.6697921031883292,6,-0.7326753407072729,0.7595939855235583,2022-06-20,-0.17130862730928,0.6697921031883292,0.3869882691343193,-0.304245829495291,0.2516048624012202,training
2022-06-20,"Lending, Borrowing & Real World Assets",241,3214862944.2873983,2274489510.44958,482499563.4213002,2732363380.8660984,1791989947.0282795,5489352454.736979,22.426076135736544,940373433.8378186,0.17130862730928,-0.17130862730928,6,0.32410453887124885,0.5083899806135387,2022-06-27,0.1703769485164945,-0.17130862730928,0.6697921031883292,0.3869882691343193,-0.304245829495291,training
2022-06-27,"Lending, Borrowing & Real World Assets",248,1996662762.5609307,2816758848.592622,563789793.9245005,1432872968.6364305,2252969054.6681213,4813421611.153553,22.29467402204991,-820096086.0316911,-0.1703769485164945,0.1703769485164945,6,-0.3531390124266115,0.6049029103352068,2022-07-04,-0.1864603350025295,0.1703769485164945,-0.17130862730928,0.6697921031883292,0.3869882691343193,training
2022-07-04,"Lending, Borrowing & Real World Assets",248,3809830152.0354567,2612348558.26645,754316290.1845803,3055513861.8508763,1858032268.0818696,6422178710.301907,22.583023260208776,1197481593.7690067,0.1864603350025295,-0.1864603350025295,6,0.37291797111236746,0.6781841267648095,2022-07-11,-0.029071613640252,-0.1864603350025295,0.1703769485164945,-0.17130862730928,0.6697921031883292,training
2022-07-11,"Lending, Borrowing & Real World Assets",250,2479693946.547342,2339589597.3367195,499583424.6707599,1980110521.876582,1840006172.66596,4819283543.884062,22.295891111820342,140104349.2106223,0.029071613640252,-0.029071613640252,6,0.17449111430043038,0.5472084881325951,2022-07-18,-0.0226118305766533,-0.029071613640252,-0.1864603350025295,0.1703769485164945,-0.17130862730928,training
2022-07-18,"Lending, Borrowing & Real World Assets",255,2758841378.5740404,2636835252.740352,632839251.8382304,2126002126.73581,2003996000.9021213,5395676631.314392,22.40886384620088,122006125.83368874,0.0226118305766533,-0.0226118305766533,6,0.23669391160737882,0.4880840046589973,2022-07-25,0.0425097545081443,-0.0226118305766533,-0.029071613640252,-0.1864603350025295,0.1703769485164945,training
2022-07-25,"Lending, Borrowing & Real World Assets",259,2287191168.222031,2490280307.83905,293940283.7182401,1993250884.503791,2196340024.1208096,4777471476.061081,22.287177263796323,-203089139.6170187,-0.0425097545081443,0.0425097545081443,6,0.2933193535506987,0.6414255561283891,2022-08-01,-0.2398799289159717,0.0425097545081443,-0.0226118305766533,-0.029071613640252,-0.1864603350025295,training
2022-08-01,"Lending, Borrowing & Real World Assets",261,4066906903.43352,2493255590.6705995,1185047751.8718204,2881859151.561699,1308207838.798779,6560162494.104118,22.604281210190763,1573651312.76292,0.2398799289159717,-0.2398799289159717,6,0.22120639827201538,0.7835028876100103,2022-08-08,-0.5845352959882363,-0.2398799289159717,0.0425097545081443,-0.0226118305766533,-0.029071613640252,training
2022-08-08,"Lending, Borrowing & Real World Assets",262,4187356786.6693206,1097923758.70063,626017190.2596897,3561339596.409631,471906568.44094026,5285280545.36995,22.38819153837344,3089433027.968691,0.5845352959882363,-0.5845352959882363,6,0.42835198974289507,0.5560083889796246,2022-08-15,0.4715996133932826,-0.5845352959882363,-0.2398799289159717,0.0425097545081443,-0.0226118305766533,training
2022-08-15,"Lending, Borrowing & Real World Assets",266,2369170085.33153,6598159028.660498,1059743379.8377703,1309426705.4937596,5538415648.822727,8967329113.992027,22.91685371115257,-4228988943.328968,-0.4715996133932826,0.4715996133932826,6,-0.39127531726547204,0.5403237562969216,2022-08-22,0.4314159559764342,0.4715996133932826,-0.5845352959882363,-0.2398799289159717,0.0425097545081443,training
2022-08-22,"Lending, Borrowing & Real World Assets",270,969013706.9993,2439501594.0707307,369956269.27702,599057437.72228,2069545324.7937107,3408515301.0700307,21.949542638142407,-1470487887.0714307,-0.4314159559764342,0.4314159559764342,6,-0.4311746682216886,0.6235497723918026,2022-08-29,-0.1373612757762402,0.4314159559764342,0.4715996133932826,-0.5845352959882363,-0.2398799289159717,training
2022-08-29,"Lending, Borrowing & Real World Assets",273,2562750848.94877,1943734299.66808,568090859.10578,1994659989.84299,1375643440.5623002,4506485148.61685,22.22878334063008,619016549.28069,0.1373612757762402,-0.1373612757762402,6,0.18261071554709407,0.5534867474820917,2022-09-05,-0.3178698358457146,-0.1373612757762402,0.4314159559764342,0.4715996133932826,-0.5845352959882363,training
2022-09-05,"Lending, Borrowing & Real World Assets",277,3224342144.876673,1668921297.65067,375522978.4785797,2848819166.3980937,1293398319.1720903,4893263442.527344,22.311125288704773,1555420847.2260032,0.3178698358457146,-0.3178698358457146,6,0.29090171717363444,0.5826614123120626,2022-09-12,0.6539460290246949,-0.3178698358457146,-0.1373612757762402,0.4314159559764342,0.4715996133932826,training
2022-09-12,"Lending, Borrowing & Real World Assets",278,1174013157.8146496,5611131682.487899,508197958.09793967,665815199.7167099,5102933724.389959,6785144840.302548,22.638001477286537,-4437118524.673249,-0.6539460290246949,0.6539460290246949,6,-0.6196113777553625,0.6748782569518827,2022-09-19,-0.0702308035070793,0.6539460290246949,-0.3178698358457146,-0.1373612757762402,0.4314159559764342,training
2022-09-19,"Lending, Borrowing & Real World Assets",282,1679475118.3483007,1459053716.4502602,546801134.8452504,1132673983.5030503,912252581.6050098,3138528834.798561,21.86702000344405,220421401.89804053,0.0702308035070793,-0.0702308035070793,6,-0.0066148897221603355,0.6866281914589145,2022-09-26,-0.0821016943190805,-0.0702308035070793,0.6539460290246949,-0.3178698358457146,-0.1373612757762402,training
2022-09-26,"Lending, Borrowing & Real World Assets",287,1771622961.2914617,1502788252.7234404,530550501.8529598,1241072459.4385016,972237750.8704804,3274411214.014902,21.90940390819613,268834708.56802106,0.0821016943190805,-0.0821016943190805,6,0.18212679326823458,0.7368028794890054,2022-10-03,-0.2233093822690829,-0.0821016943190805,-0.0702308035070793,0.6539460290246949,-0.3178698358457146,training
2022-10-03,"Lending, Borrowing & Real World Assets",289,1450341945.3551304,920835724.6222404,229209541.61953,1221132403.7356005,691626183.0027103,2371177669.9773707,21.586652576261148,529506220.7328901,0.2233093822690829,-0.2233093822690829,6,0.17325102126741754,0.6670175802983597,2022-10-10,0.103468049213905,-0.2233093822690829,-0.0821016943190805,-0.0702308035070793,0.6539460290246949,training
2022-10-10,"Lending, Borrowing & Real World Assets",297,1632217212.1307795,2008963028.461032,370132059.8080699,1262085152.3227098,1638830968.652962,3641180240.591812,22.015573708235472,-376745816.3302522,-0.103468049213905,0.103468049213905,6,-0.29138595751924257,0.5150317866642452,2022-10-17,0.1109567098745132,0.103468049213905,-0.2233093822690829,-0.0821016943190805,-0.0702308035070793,training
2022-10-17,"Lending, Borrowing & Real World Assets",308,1338408093.440191,1672487120.1129696,285855285.1594602,1052552808.2807308,1386631834.953509,3010895213.5531607,21.825503284961385,-334079026.6727786,-0.1109567098745132,0.1109567098745132,6,-0.24270836665892695,0.5491156012756462,2022-10-24,-0.5564996683243278,0.1109567098745132,0.103468049213905,-0.2233093822690829,-0.0821016943190805,training
2022-10-24,"Lending, Borrowing & Real World Assets",313,3903303037.01508,1112185390.5760894,665058000.7242901,3238245036.2907896,447127389.8517993,5015488427.591169,22.335796647155487,2791117646.43899,0.5564996683243278,-0.5564996683243278,6,0.4920449035117588,0.6408109697475352,2022-10-31,-0.016990585511265,-0.5564996683243278,0.1109567098745132,0.103468049213905,-0.2233093822690829,training
2022-10-31,"Lending, Borrowing & Real World Assets",317,2979985809.061971,2880414181.88556,758525655.6994699,2221460153.362501,2121888526.18609,5860399990.947531,22.491483696217383,99571627.17641117,0.016990585511265,-0.016990585511265,6,0.18896855862089024,0.6890252388980498,2022-11-07,0.5178930764042822,-0.016990585511265,-0.5564996683243278,0.1109567098745132,0.103468049213905,training
2022-11-07,"Lending, Borrowing & Real World Assets",315,2696197483.28441,8488862723.589408,993443845.747539,1702753637.536871,7495418877.841869,11185060206.873816,23.13784481478629,-5792665240.304998,-0.5178930764042822,0.5178930764042822,6,-0.4369482653380073,0.5465666508798841,2022-11-14,0.0128653181994915,0.5178930764042822,-0.016990585511265,-0.5564996683243278,0.1109567098745132,training
2022-11-14,"Lending, Borrowing & Real World Assets",316,1372045816.67652,1407809540.3937907,197260488.48752,1174785328.189,1210549051.9062707,2779855357.0703106,21.745664733824267,-35763723.71727085,-0.0128653181994915,0.0128653181994915,6,-0.1724381775088826,0.6081398590877937,2022-11-21,-0.0664443946543896,0.0128653181994915,0.5178930764042822,-0.016990585511265,-0.5564996683243278,training
2022-11-21,"Lending, Borrowing & Real World Assets",321,2556624266.5947905,2238045346.5796204,437374280.3848201,2119249986.2099705,1800671066.1948004,4794669613.174411,22.29077064075454,318578920.0151701,0.0664443946543896,-0.0664443946543896,6,0.15239654180021858,0.5541469198683712,2022-11-28,0.0807527237216811,-0.0664443946543896,0.0128653181994915,0.5178930764042822,-0.016990585511265,training
2022-11-28,"Lending, Borrowing & Real World Assets",323,1450285927.4232695,1705091227.0131807,301892004.95072013,1148393922.4725497,1403199222.062461,3155377154.4364505,21.87237386793016,-254805299.58991095,-0.0807527237216811,0.0807527237216811,6,-0.04562999982326808,0.5716023344923298,2022-12-05,0.0122532345842078,0.0807527237216811,-0.0664443946543896,0.0128653181994915,0.5178930764042822,training
2022-12-05,"Lending, Borrowing & Real World Assets",322,1127675986.23486,1155654166.2261598,400382962.79767984,727293023.43718,755271203.4284799,2283330152.4610195,21.54890080790665,-27978179.991299868,-0.0122532345842078,0.0122532345842078,6,-0.1124640891525591,0.5173729449798186,2022-12-12,0.4796914839587267,0.0122532345842078,0.0807527237216811,-0.0664443946543896,0.0128653181994915,training
2022-12-12,"Lending, Borrowing & Real World Assets",325,741055045.3176299,2107466639.3009088,253662465.82096013,487392579.49666977,1853804173.4799483,2848521684.6185384,21.770065989851545,-1366411593.9832788,-0.4796914839587267,0.4796914839587267,6,-0.4955096329692743,0.5800501679249866,2022-12-19,0.0371157617187904,0.4796914839587267,0.0122532345842078,0.0807527237216811,-0.0664443946543896,training
2022-12-19,"Lending, Borrowing & Real World Assets",329,705524976.7379903,759915932.3319997,145760730.38624012,559764246.3517501,614155201.9457595,1465440909.06999,21.105421996640423,-54390955.5940094,-0.0371157617187904,0.0371157617187904,6,-0.18706391895159258,0.5552496365978508,2022-12-26,0.4235733159563293,0.0371157617187904,0.4796914839587267,0.0122532345842078,0.0807527237216811,training
2022-12-26,"Lending, Borrowing & Real World Assets",329,399791910.4002098,987346893.0835,148662543.32492995,251129367.0752799,838684349.75857,1387138803.4837098,21.050509048602624,-587554982.68329,-0.4235733159563293,0.4235733159563293,6,-0.2936155013874152,0.46754868574768865,2023-01-02,-0.3117294582687238,0.4235733159563293,0.0371157617187904,0.4796914839587267,0.0122532345842078,training
2023-01-02,"Lending, Borrowing & Real World Assets",330,1269653128.0097196,666192895.7358501,337013861.19897014,932639266.8107497,329179034.53688,1935846023.7455697,21.38381028996516,603460232.2738695,0.3117294582687238,-0.3117294582687238,6,0.3753017040292346,0.5624931340968677,2023-01-09,-0.5139337487867279,-0.3117294582687238,0.4235733159563293,0.0371157617187904,0.4796914839587267,training
2023-01-09,"Lending, Borrowing & Real World Assets",333,3443474822.8113,1105568126.48673,409352767.83808017,3034122054.97322,696215358.6486497,4549042949.29803,22.238182707190745,2337906696.3245697,0.5139337487867279,-0.5139337487867279,6,0.47404572260539163,0.47150097705434063,2023-01-16,-0.3515360102121513,-0.5139337487867279,-0.3117294582687238,0.4235733159563293,0.0371157617187904,training
2023-01-16,"Lending, Borrowing & Real World Assets",338,1857396189.6073596,891174585.5298903,343353282.95720005,1514042906.6501594,547821302.5726902,2748570775.13725,21.734346895756527,966221604.0774692,0.3515360102121513,-0.3515360102121513,6,0.2658139567600568,0.501847516424744,2023-01-23,-0.160290535590725,-0.3515360102121513,-0.5139337487867279,-0.3117294582687238,0.4235733159563293,training
2023-01-23,"Lending, Borrowing & Real World Assets",339,1322418058.7884705,957042159.5355604,336540241.05930007,985877817.7291704,620501918.4762604,2279460218.324031,21.54720450597351,365375899.25291,0.160290535590725,-0.160290535590725,6,0.005202739353591793,0.6036128526334184,2023-01-30,-0.0525390358001059,-0.160290535590725,-0.3515360102121513,-0.5139337487867279,-0.3117294582687238,training
2023-01-30,"Lending, Borrowing & Real World Assets",342,1098170933.99949,988537295.619179,220759445.7698699,877411488.2296201,767777849.8493091,2086708229.618669,21.45885365201877,109633638.380311,0.0525390358001059,-0.0525390358001059,6,0.08273318638398312,0.5545047650879739,2023-02-06,0.2241048482714719,-0.0525390358001059,-0.160290535590725,-0.3515360102121513,-0.5139337487867279,training
2023-02-06,"Lending, Borrowing & Real World Assets",346,1189728139.5752995,1876995855.0903208,317673853.5456196,872054286.0296799,1559322001.544701,3066723994.6656203,21.84387572639735,-687267715.5150213,-0.2241048482714719,0.2241048482714719,6,-0.31409530905680244,0.5202763330404047,2023-02-13,-0.4134614360738871,0.2241048482714719,-0.0525390358001059,-0.160290535590725,-0.3515360102121513,training
2023-02-13,"Lending, Borrowing & Real World Assets",351,3624663065.257053,1504112255.7380898,527597042.5240099,3097066022.733043,976515213.21408,5128775320.995143,22.35813273897295,2120550809.518963,0.4134614360738871,-0.4134614360738871,6,0.22096530896741134,0.45809062643605825,2023-02-20,0.1978979387695176,-0.4134614360738871,0.2241048482714719,-0.0525390358001059,-0.160290535590725,training
2023-02-20,"Lending, Borrowing & Real World Assets",356,1410446302.8349304,2106428596.2800376,321761641.7133699,1088684661.1215606,1784666954.566668,3516874899.1149683,21.980838619750173,-695982293.4451075,-0.1978979387695176,0.1978979387695176,6,-0.15324910423281896,0.4116620922130434,2023-02-27,0.2528595736913153,0.1978979387695176,-0.4134614360738871,0.2241048482714719,-0.0525390358001059,training
2023-02-27,"Lending, Borrowing & Real World Assets",360,1253353433.9647007,2101714475.175238,365853509.9340502,887499924.0306505,1735860965.241188,3355067909.139939,21.93373784863761,-848361041.2105374,-0.2528595736913153,0.2528595736913153,6,-0.3247556736193647,0.5357069485039285,2023-03-06,0.2218343990500537,0.2528595736913153,0.1978979387695176,-0.4134614360738871,0.2241048482714719,training
2023-03-06,"Lending, Borrowing & Real World Assets",359,3803433328.522491,5971949504.847288,910203119.7169812,2893230208.8055096,5061746385.130307,9775382833.36978,23.00313310669233,-2168516176.324797,-0.2218343990500537,0.2218343990500537,6,-0.31664055776275596,0.6461125537214881,2023-03-13,-0.2681168164263483,0.2218343990500537,0.2528595736913153,0.1978979387695176,-0.4134614360738871,training
2023-03-13,"Lending, Borrowing & Real World Assets",361,4965081195.460052,2865555747.6758904,484962310.05546,4480118885.404592,2380593437.6204305,7830636943.135942,22.78130969027361,2099525447.784161,0.2681168164263483,-0.2681168164263483,6,0.26954876126009053,0.614936943964068,2023-03-20,0.1952536361067195,-0.2681168164263483,0.2218343990500537,0.2528595736913153,0.1978979387695176,training
2023-03-20,"Lending, Borrowing & Real World Assets",363,1591851210.8297105,2364305119.292733,377064604.3170397,1214786606.5126708,1987240514.9756932,3956156330.122444,22.09853876739889,-772453908.4630227,-0.1952536361067195,0.1952536361067195,6,-0.14626604788528957,0.534023642638799,2023-03-27,-0.2956842943433065,0.1952536361067195,-0.2681168164263483,0.2218343990500537,0.2528595736913153,training
2023-03-27,"Lending, Borrowing & Real World Assets",374,1870812218.6367311,1016947132.6254796,294173802.91374016,1576638415.722991,722773329.7117395,2887759351.262211,21.783746727726108,853865086.0112514,0.2956842943433065,-0.2956842943433065,6,-0.030928191430417702,0.625627101859085,2023-04-03,-0.0568329008690292,-0.2956842943433065,0.1952536361067195,-0.2681168164263483,0.2218343990500537,training
2023-04-03,"Lending, Borrowing & Real World Assets",378,1269729782.4619,1133166231.50172,178890169.54847017,1090839612.9134295,954276061.9532498,2402896013.96362,21.599940519757208,136563550.96018004,0.0568329008690292,-0.0568329008690292,6,0.04575272855024821,0.48540607664578744,2023-04-10,-0.5117635874447681,-0.0568329008690292,-0.2956842943433065,0.1952536361067195,-0.2681168164263483,training
2023-04-10,"Lending, Borrowing & Real World Assets",385,3350425243.1666617,1082047229.37074,328006080.29612017,3022419162.8705416,754041149.0746198,4432472472.537401,22.212223385749507,2268378013.795922,0.5117635874447681,-0.5117635874447681,6,0.15225372596013909,0.5119405680916024,2023-04-17,0.3467688749389281,-0.5117635874447681,-0.0568329008690292,-0.2956842943433065,0.1952536361067195,training
2023-04-17,"Lending, Borrowing & Real World Assets",387,1818398284.3894205,3748998046.333231,516364000.3627901,1302034284.0266304,3232634045.9704404,5567396330.722651,22.440193336666063,-1930599761.94381,-0.3467688749389281,0.3467688749389281,6,-0.3577204002788623,0.5668146446291197,2023-04-24,-0.1574489643821842,0.3467688749389281,-0.5117635874447681,-0.0568329008690292,-0.2956842943433065,training
2023-04-24,"Lending, Borrowing & Real World Assets",392,1729713529.0337193,1259124134.244151,239200849.0012701,1490512680.0324492,1019923285.2428812,2988837663.27787,21.81815040772543,470589394.7895682,0.1574489643821842,-0.1574489643821842,6,0.02658461466733801,0.6497326007685246,2023-05-01,0.0932966949196511,-0.1574489643821842,0.3467688749389281,-0.5117635874447681,-0.0568329008690292,training
2023-05-01,"Lending, Borrowing & Real World Assets",395,1385484126.8375192,1670607362.1302917,231668256.54921004,1153815870.288309,1438939105.5810814,3056091488.9678106,21.84040264561925,-285123235.2927723,-0.0932966949196511,0.0932966949196511,6,-0.1844801070563951,0.584932255952934,2023-05-08,0.3643816939812916,0.0932966949196511,-0.1574489643821842,0.3467688749389281,-0.5117635874447681,training
2023-05-08,"Lending, Borrowing & Real World Assets",399,1105539419.0115108,2373087324.564283,397046569.39567006,708492849.6158408,1976040755.168613,3478626743.5757937,21.9699034392247,-1267547905.552772,-0.3643816939812916,0.3643816939812916,6,-0.2824535668537614,0.5504499317113934,2023-05-15,-0.214471907776823,0.3643816939812916,0.0932966949196511,-0.1574489643821842,0.3467688749389281,training
2023-05-15,"Lending, Borrowing & Real World Assets",407,1293037285.0347683,836344673.9135697,305274826.47852004,987762458.5562484,531069847.43504965,2129381958.948338,21.47909761491462,456692611.12119865,0.214471907776823,-0.214471907776823,6,0.28044728662946394,0.46348914702658894,2023-05-22,0.5214345242227552,-0.214471907776823,0.3643816939812916,0.0932966949196511,-0.1574489643821842,training
2023-05-22,"Lending, Borrowing & Real World Assets",408,1433047049.03391,4555880784.53569,325808784.0303702,1107238265.0035398,4230072000.50532,5988927833.5696,22.51317824049336,-3122833735.5017805,-0.5214345242227552,0.5214345242227552,6,-0.2709298271131258,0.7576575352553228,2023-05-29,0.1453450026060273,0.5214345242227552,-0.214471907776823,0.3643816939812916,0.0932966949196511,training
2023-05-29,"Lending, Borrowing & Real World Assets",413,1552296846.3410397,2080272672.5275736,688864001.8193898,863432844.5216498,1391408670.708184,3632569518.868613,22.013206091523887,-527975826.18653417,-0.1453450026060273,0.1453450026060273,6,-0.2808993126058739,0.4887856376528305,2023-06-05,0.4780202296745064,0.1453450026060273,0.5214345242227552,-0.214471907776823,0.3643816939812916,training
2023-06-05,"Lending, Borrowing & Real World Assets",418,1144088025.86223,3239560885.0861974,409056101.0101304,735031924.8520997,2830504784.076067,4383648910.948427,22.201147299431867,-2095472859.2239676,-0.4780202296745064,0.4780202296745064,6,-0.40200748131987196,0.41826021595546176,2023-06-12,-0.0863616544073407,0.4780202296745064,0.1453450026060273,0.5214345242227552,-0.214471907776823,training
2023-06-12,"Lending, Borrowing & Real World Assets",423,1354713238.5167503,1139324051.9577694,180499267.02950987,1174213971.4872406,958824784.9282596,2494037290.47452,21.63716863656822,215389186.5589809,0.0863616544073407,-0.0863616544073407,6,-0.010094789818892124,0.49186631663384855,2023-06-19,-0.5224632732775174,-0.0863616544073407,0.4780202296745064,0.1453450026060273,0.5214345242227552,training
2023-06-19,"Lending, Borrowing & Real World Assets",425,2676240538.778168,839431183.1633804,191029983.79841003,2485210554.979758,648401199.3649703,3515671721.9415483,21.980496445784,1836809355.6147876,0.5224632732775174,-0.5224632732775174,6,0.34218349649762964,0.3883940777707341,2023-06-26,-0.1245936508594418,-0.5224632732775174,-0.0863616544073407,0.4780202296745064,0.1453450026060273,training
2023-06-26,"Lending, Borrowing & Real World Assets",428,1402453764.506689,1091698258.1992898,204946104.38439983,1197507660.1222892,886752153.8148899,2494152022.705979,21.63721463812278,310755506.3073993,0.1245936508594418,-0.1245936508594418,6,0.12812709541186146,0.4174988108414618,2023-07-03,0.1297141449804369,-0.1245936508594418,-0.5224632732775174,-0.0863616544073407,0.4780202296745064,training
2023-07-03,"Lending, Borrowing & Real World Assets",436,1455274846.1159904,1889085717.0768409,406052742.0273702,1049222104.0886202,1483032975.049471,3344360563.192831,21.9305413505766,-433810870.9608505,-0.1297141449804369,0.1297141449804369,6,-0.27057959505125406,0.5898373187975869,2023-07-10,-0.3485834164727633,0.1297141449804369,-0.1245936508594418,-0.5224632732775174,-0.0863616544073407,training
2023-07-10,"Lending, Borrowing & Real World Assets",439,2739891777.504792,1323470924.4792097,410810808.6284396,2329080968.876353,912660115.85077,4063362701.984002,22.12527671971517,1416420853.0255826,0.3485834164727633,-0.3485834164727633,6,0.2844404702315602,0.5398493850765667,2023-07-17,0.1915639579131872,-0.3485834164727633,0.1297141449804369,-0.1245936508594418,-0.5224632732775174,training
2023-07-17,"Lending, Borrowing & Real World Assets",446,1526314250.37695,2249653595.977552,481921906.5309306,1044392343.8460196,1767731689.4466214,3775967846.3545017,22.051922570191955,-723339345.6006019,-0.1915639579131872,0.1915639579131872,6,-0.2179625854822054,0.47587129689506974,2023-07-24,-0.0111970499613066,0.1915639579131872,-0.3485834164727633,0.1297141449804369,-0.1245936508594418,training
2023-07-24,"Lending, Borrowing & Real World Assets",449,1006708286.47464,984413595.2855204,221601440.83613,785106845.6385099,762812154.4493904,1991121881.7601604,21.41196407701073,22294691.18911946,0.0111970499613066,-0.0111970499613066,6,-0.08861024311184175,0.5685625662588695,2023-07-31,0.1078837203325962,-0.0111970499613066,0.1915639579131872,-0.3485834164727633,0.1297141449804369,training
2023-07-31,"Lending, Borrowing & Real World Assets",456,1936514224.458221,2404879982.9878907,448065643.83869016,1488448580.619531,1956814339.1492004,4341394207.446112,22.19146137965596,-468365758.52966976,-0.1078837203325962,0.1078837203325962,6,-0.10154190512219706,0.5742963707204815,2023-08-07,-0.3406614127274026,0.1078837203325962,-0.0111970499613066,0.1915639579131872,-0.3485834164727633,training
2023-08-07,"Lending, Borrowing & Real World Assets",464,2693312874.407491,1324573892.286709,646287916.5295395,2047024957.877952,678285975.7571696,4017886766.694201,22.11402192168128,1368738982.120782,0.3406614127274026,-0.3406614127274026,6,0.22906932400357383,0.41021697527318013,2023-08-14,0.5527182651540186,-0.3406614127274026,0.1078837203325962,-0.0111970499613066,0.1915639579131872,training
2023-08-14,"Lending, Borrowing & Real World Assets",470,1106339271.1202605,3840606624.18316,267803844.58919004,838535426.5310705,3572802779.59397,4946945895.30342,22.322036232464185,-2734267353.0629,-0.5527182651540186,0.5527182651540186,6,-0.5150855399862274,0.5173848812447225,2023-08-21,0.020221361415156,0.5527182651540186,-0.3406614127274026,0.1078837203325962,-0.0111970499613066,training
2023-08-21,"Lending, Borrowing & Real World Assets",473,1369381608.3665705,1425906132.024371,323233643.91665,1046147964.4499204,1102672488.1077206,2795287740.390941,21.751200886873928,-56524523.6578002,-0.020221361415156,0.020221361415156,6,-0.09191622405659963,0.4114263886861088,2023-08-28,0.129544469555485,0.020221361415156,0.5527182651540186,-0.3406614127274026,0.1078837203325962,training
2023-08-28,"Lending, Borrowing & Real World Assets",480,1019967155.8477094,1323557861.05199,213961431.27229965,806005724.5754098,1109596429.7796905,2343525016.899699,21.57492205071264,-303590705.2042806,-0.129544469555485,0.129544469555485,6,-0.0729135360533849,0.483961451383003,2023-09-04,-0.210629952009427,0.129544469555485,0.020221361415156,0.5527182651540186,-0.3406614127274026,training
2023-09-04,"Lending, Borrowing & Real World Assets",480,1199799003.7389803,782307917.9467598,128361881.68620008,1071437122.0527804,653946036.2605598,1982106921.6857405,21.40742621826378,417491085.7922207,0.210629952009427,-0.210629952009427,6,-0.014185776902535297,0.465564127605303,2023-09-11,-0.5513943854534294,-0.210629952009427,0.129544469555485,0.020221361415156,0.5527182651540186,training
2023-09-11,"Lending, Borrowing & Real World Assets",483,2746447535.4920444,794170583.5935602,322169042.27048993,2424278493.2215548,472001541.3230703,3540618119.0856047,21.98756715904318,1952276951.898484,0.5513943854534294,-0.5513943854534294,6,0.4184266521099349,0.769992037359058,2023-09-18,0.0957003729416187,-0.5513943854534294,-0.210629952009427,0.129544469555485,0.020221361415156,training
2023-09-18,"Lending, Borrowing & Real World Assets",485,1073865370.19619,1301155780.0157,469022801.9084499,604842568.28774,832132978.1072502,2375021150.21189,21.588272180166783,-227290409.81951025,-0.0957003729416187,0.0957003729416187,6,-0.05167376469469128,0.45746062482617916,2023-09-25,-0.2812280656030446,0.0957003729416187,-0.5513943854534294,-0.210629952009427,0.129544469555485,training
2023-09-25,"Lending, Borrowing & Real World Assets",488,2188256332.7027607,1227616908.68272,538326546.4063499,1649929786.2964108,689290362.27637,3415873241.385481,21.95169900515424,960639424.0200408,0.2812280656030446,-0.2812280656030446,6,0.25375585241136095,0.46126631877861096,2023-10-02,0.1714141917072001,-0.2812280656030446,0.0957003729416187,-0.5513943854534294,-0.210629952009427,training
2023-10-02,"Lending, Borrowing & Real World Assets",489,909252688.8943604,1285457092.02203,250706743.5334502,658545945.3609102,1034750348.4885798,2194709780.9163904,21.50931565692626,-376204403.1276695,-0.1714141917072001,0.1714141917072001,6,-0.1829247128319928,0.4490639322692886,2023-10-09,0.4719229015126997,0.1714141917072001,-0.2812280656030446,0.0957003729416187,-0.5513943854534294,training
2023-10-09,"Lending, Borrowing & Real World Assets",495,641399257.9847497,1787788676.2091994,134260551.18749997,507138706.7972497,1653528125.0216994,2429187934.193949,21.610822855399512,-1146389418.2244496,-0.4719229015126997,0.4719229015126997,6,-0.19185031757954488,0.47064367030688276,2023-10-16,-0.3950901194723109,0.4719229015126997,0.1714141917072001,-0.2812280656030446,0.0957003729416187,training
2023-10-16,"Lending, Borrowing & Real World Assets",498,2528132664.272695,1096196157.1929097,278132309.3047398,2250000354.967955,818063847.8881698,3624328821.465605,22.010934955686945,1431936507.0797856,0.3950901194723109,-0.3950901194723109,6,0.39321963479742045,0.5386484510276797,2023-10-23,-0.5690623753121392,-0.3950901194723109,0.4719229015126997,0.1714141917072001,-0.2812280656030446,training
2023-10-23,"Lending, Borrowing & Real World Assets",504,3304016712.195484,907436910.2753298,197163478.8827999,3106853233.312684,710273431.39253,4211453622.4708138,22.16107370377988,2396579801.9201546,0.5690623753121392,-0.5690623753121392,6,0.44476488203709186,0.6235006448693335,2023-10-30,-0.2720623638004613,-0.5690623753121392,-0.3950901194723109,0.4719229015126997,0.1714141917072001,training
2023-10-30,"Lending, Borrowing & Real World Assets",508,2682512619.92135,1535067738.1783495,754265819.9742903,1928246799.94706,780801918.2040592,4217580358.0997,22.16252742593132,1147444881.7430005,0.2720623638004613,-0.2720623638004613,6,0.28974986849024287,0.4597189813090601,2023-11-06,-0.5607324068589691,-0.2720623638004613,-0.5690623753121392,-0.3950901194723109,0.4719229015126997,training
2023-11-06,"Lending, Borrowing & Real World Assets",510,3387338589.2912784,953365267.9553598,324375294.62819993,3062963294.6630783,628989973.3271599,4340703857.246638,22.191302351228583,2433973321.3359184,0.5607324068589691,-0.5607324068589691,6,0.3840689012022248,0.4259880079067597,2023-11-13,0.0323459720049725,-0.5607324068589691,-0.2720623638004613,-0.5690623753121392,-0.3950901194723109,training
2023-11-13,"Lending, Borrowing & Real World Assets",516,2134886579.193241,2277613172.6379204,521450130.8383103,1613436448.3549309,1756163041.79961,4412499751.8311615,22.207707203190225,-142726593.44467926,-0.0323459720049725,0.0323459720049725,6,-0.11040212546606495,0.3924200166455043,2023-11-20,-0.1510889435399706,0.0323459720049725,-0.5607324068589691,-0.2720623638004613,-0.5690623753121392,training
2023-11-20,"Lending, Borrowing & Real World Assets",524,1916240784.5502496,1413199212.7747002,350851014.5659098,1565389769.9843397,1062348198.2087904,3329439997.3249497,21.92606995812564,503041571.7755494,0.1510889435399706,-0.1510889435399706,6,0.0995493783959946,0.46923256589533247,2023-11-27,-0.378710434739166,-0.1510889435399706,0.0323459720049725,-0.5607324068589691,-0.2720623638004613,training
2023-11-27,"Lending, Borrowing & Real World Assets",527,2416193482.674041,1088811515.9008095,283211601.8725,2132981880.8015409,805599914.0283096,3505004998.57485,21.977457783844173,1327381966.7732313,0.378710434739166,-0.378710434739166,6,0.23918269992200591,0.4926338150582115,2023-12-04,-0.6056005834734608,-0.378710434739166,-0.1510889435399706,0.0323459720049725,-0.5607324068589691,training
2023-12-04,"Lending, Borrowing & Real World Assets",532,3773135538.071574,926832283.20188,253077583.47218987,3520057954.5993843,673754699.7296902,4699967821.273455,22.27082149931419,2846303254.869694,0.6056005834734608,-0.6056005834734608,6,0.34888369803142766,0.4395819009906,2023-12-11,-0.0149520527950371,-0.6056005834734608,-0.378710434739166,-0.1510889435399706,0.0323459720049725,training
2023-12-11,"Lending, Borrowing & Real World Assets",537,2626652550.884809,2549262003.209392,516957196.9366098,2109695353.9482,2032304806.2727823,5175914554.094202,22.36728188610578,77390547.67541742,0.0149520527950371,-0.0149520527950371,6,-0.08407423588413093,0.4992469990346789,2023-12-18,-0.6189278792593483,-0.0149520527950371,-0.6056005834734608,-0.378710434739166,-0.1510889435399706,training
2023-12-18,"Lending, Borrowing & Real World Assets",541,4267919888.666367,1004606384.238291,323828294.2283704,3944091594.437996,680778090.0099206,5272526272.904657,22.3857754535015,3263313504.428076,0.6189278792593483,-0.6189278792593483,6,0.3701098669708184,0.4227558620750675,2023-12-25,-0.0622471150667943,-0.6189278792593483,-0.0149520527950371,-0.6056005834734608,-0.378710434739166,training
2023-12-25,"Lending, Borrowing & Real World Assets",546,2167655221.5012603,1913608339.0309,420018757.7021198,1747636463.7991405,1493589581.3287802,4081263560.53216,22.129672473870396,254046882.47036028,0.0622471150667943,-0.0622471150667943,6,0.1766612847585511,0.43129514266045893,2024-01-01,-0.0744251350460664,-0.0622471150667943,-0.6189278792593483,-0.0149520527950371,-0.6056005834734608,validation
2024-01-01,"Lending, Borrowing & Real World Assets",548,2278086586.384021,1962481717.6818492,481193114.6005002,1796893471.7835207,1481288603.0813494,4240568304.0658703,22.167963131422145,315604868.7021713,0.0744251350460664,-0.0744251350460664,6,0.030189314707980495,0.4628439983668725,2024-01-08,-0.4252578393415621,-0.0744251350460664,-0.0622471150667943,-0.6189278792593483,-0.0149520527950371,validation
2024-01-08,"Lending, Borrowing & Real World Assets",553,5448661200.806574,2197199148.677609,477514126.9799398,4971147073.826634,1719685021.6976695,7645860349.484183,22.75743020766516,3251462052.1289644,0.4252578393415621,-0.4252578393415621,6,0.30129139886871786,0.4606061870991956,2024-01-15,-0.0303846064973682,-0.4252578393415621,-0.0744251350460664,-0.0622471150667943,-0.6189278792593483,validation
2024-01-15,"Lending, Borrowing & Real World Assets",558,2427297159.4000688,2284141936.4367504,619842207.5316696,1807454951.8683991,1664299728.9050808,4711439095.836819,22.27325923903636,143155222.96331835,0.0303846064973682,-0.0303846064973682,6,-0.0652196146218731,0.5581057295609373,2024-01-22,0.3296911948021133,-0.0303846064973682,-0.4252578393415621,-0.0744251350460664,-0.0622471150667943,validation
2024-01-22,"Lending, Borrowing & Real World Assets",566,2437209128.864439,4834690359.744943,422399490.1063498,2014809638.758089,4412290869.638593,7271899488.609382,22.707283372165204,-2397481230.880504,-0.3296911948021133,0.3296911948021133,6,-0.25587429885753976,0.5750657075392683,2024-01-29,-0.2577964370784537,0.3296911948021133,-0.0303846064973682,-0.4252578393415621,-0.0744251350460664,validation
2024-01-29,"Lending, Borrowing & Real World Assets",570,2387117676.519621,1408596170.57045,357669104.16225004,2029448572.3573709,1050927066.4082,3795713847.090071,22.05713833236852,978521505.9491708,0.2577964370784537,-0.2577964370784537,6,0.043765342076249415,0.3989219516060625,2024-02-05,-0.724449623262006,-0.2577964370784537,0.3296911948021133,-0.0303846064973682,-0.4252578393415621,validation
2024-02-05,"Lending, Borrowing & Real World Assets",575,8679295432.731953,1386867493.2850003,365253898.5799601,8314041534.151993,1021613594.7050402,10066162926.016953,23.03244543104451,7292427939.446953,0.724449623262006,-0.724449623262006,6,0.33912182395299606,0.4182773802348304,2024-02-12,-0.4922824660827276,-0.724449623262006,-0.2577964370784537,0.3296911948021133,-0.0303846064973682,validation
2024-02-12,"Lending, Borrowing & Real World Assets",578,5887437003.939619,2003075868.458142,750658174.9064702,5136778829.033149,1252417693.551672,7890512872.397761,22.788926972657087,3884361135.481477,0.4922824660827276,-0.4922824660827276,6,0.3439739008988789,0.41646785358497723,2024-02-19,-0.2639376766328389,-0.4922824660827276,-0.724449623262006,-0.2577964370784537,0.3296911948021133,validation
2024-02-19,"Lending, Borrowing & Real World Assets",583,3060897706.6706305,1782533679.6378102,335702376.99420995,2725195329.6764207,1446831302.6436002,4843431386.308441,22.300889270798397,1278364027.0328202,0.2639376766328389,-0.2639376766328389,6,0.20109474697936752,0.49119724999796477,2024-02-26,-0.5816107946406467,-0.2639376766328389,-0.4922824660827276,-0.724449623262006,-0.2577964370784537,validation
2024-02-26,"Lending, Borrowing & Real World Assets",594,9880523897.78789,2613730606.88349,770601677.9338104,9109922219.854078,1843128928.94968,12494254504.67138,23.24853473604174,7266793290.9044,0.5816107946406467,-0.5816107946406467,6,0.4849238170896625,0.501102178131537,2024-03-04,-0.5820665060974994,-0.5816107946406467,-0.2639376766328389,-0.4922824660827276,-0.724449623262006,validation
2024-03-04,"Lending, Borrowing & Real World Assets",600,11991296465.862122,3167733094.078671,1504196270.81329,10487100195.048832,1663536823.2653809,15159029559.940792,23.44186220198116,8823563371.783451,0.5820665060974994,-0.5820665060974994,6,0.4729251240619026,0.4630502561406626,2024-03-11,0.299157745897599,-0.5820665060974994,-0.5816107946406467,-0.2639376766328389,-0.4922824660827276,validation
2024-03-11,"Lending, Borrowing & Real World Assets",606,4545904531.386073,8426785128.167088,997126193.9960104,3548778337.390063,7429658934.171078,12972689659.553162,23.286112189299963,-3880880596.781016,-0.299157745897599,0.299157745897599,6,-0.16509075886881727,0.3882592141981098,2024-03-18,0.435656685004813,0.299157745897599,-0.5820665060974994,-0.5816107946406467,-0.2639376766328389,validation
2024-03-18,"Lending, Borrowing & Real World Assets",612,3003362620.405908,7640380436.713576,1024235462.6163892,1979127157.7895184,6616144974.097187,10643743057.119484,23.088238050172546,-4637017816.307669,-0.435656685004813,0.435656685004813,6,-0.09136210902545899,0.4143201535819029,2024-03-25,-0.3842916943738156,0.435656685004813,0.299157745897599,-0.5820665060974994,-0.5816107946406467,validation
2024-03-25,"Lending, Borrowing & Real World Assets",620,6803304805.78763,3025988880.5623484,679245913.5217501,6124058892.26588,2346742967.0405984,9829293686.34998,23.008632915762,3777315925.2252817,0.3842916943738156,-0.3842916943738156,6,0.37950646979661035,0.6268066512657195,2024-04-01,0.3595490520264278,-0.3842916943738156,0.435656685004813,0.299157745897599,-0.5820665060974994,validation
2024-04-01,"Lending, Borrowing & Real World Assets",627,3234206521.7398105,6865572491.697666,599491080.2751899,2634715441.4646206,6266081411.422476,10099779013.437475,23.035779380795592,-3631365969.957856,-0.3595490520264278,0.3595490520264278,6,-0.2030523630370778,0.42938305239467167,2024-04-08,0.4882497155373758,0.3595490520264278,-0.3842916943738156,0.435656685004813,0.299157745897599,validation
2024-04-08,"Lending, Borrowing & Real World Assets",635,4178671998.8057337,12152230496.70983,1243269423.4271812,2935402575.3785524,10908961073.282648,16330902495.515564,23.516325008569183,-7973558497.904096,-0.4882497155373758,0.4882497155373758,6,-0.2878591027641454,0.38604365786137784,2024-04-15,-0.0713100350540377,0.4882497155373758,0.3595490520264278,-0.3842916943738156,0.435656685004813,validation
2024-04-15,"Lending, Borrowing & Real World Assets",643,4168465948.9852967,3613531442.227483,642475345.8041699,3525990603.1811266,2971056096.423313,7781997391.21278,22.775078876403704,554934506.7578139,0.0713100350540377,-0.0713100350540377,6,0.08338569130257029,0.587446768542072,2024-04-22,-0.3603761743863292,-0.0713100350540377,0.4882497155373758,0.3595490520264278,-0.3842916943738156,validation
2024-04-22,"Lending, Borrowing & Real World Assets",648,4376511727.07556,2057755219.7854,204644593.6069498,4171867133.46861,1853110626.17845,6434266946.86096,22.58490375508921,2318756507.29016,0.3603761743863292,-0.3603761743863292,6,0.053125220934527845,0.546073380443217,2024-04-29,0.3617998391271175,-0.3603761743863292,-0.0713100350540377,0.4882497155373758,0.3595490520264278,validation
2024-04-29,"Lending, Borrowing & Real World Assets",652,2161684161.616672,4612629898.912808,516781543.4467701,1644902618.1699018,4095848355.466038,6774314060.52948,22.6364039530558,-2450945737.2961364,-0.3617998391271175,0.3617998391271175,6,-0.16418543035428537,0.4682895429699952,2024-05-06,0.4574661441523884,0.3617998391271175,-0.3603761743863292,-0.0713100350540377,0.4882497155373758,validation
2024-05-06,"Lending, Borrowing & Real World Assets",653,2109201412.434689,5666171090.86998,644828810.6043099,1464372601.830379,5021342280.26567,7775372503.304668,22.774227204385536,-3556969678.435291,-0.4574661441523884,0.4574661441523884,6,-0.3574086458009911,0.5127104048203355,2024-05-13,-0.5150604374184655,0.4574661441523884,0.3617998391271175,-0.3603761743863292,-0.0713100350540377,validation
2024-05-13,"Lending, Borrowing & Real World Assets",661,6648290947.978163,2127980656.4817705,203677370.57064965,6444613577.407513,1924303285.911121,8776271604.459934,22.895317508102693,4520310291.496392,0.5150604374184655,-0.5150604374184655,6,0.20792850937180107,0.5260598416432373,2024-05-20,-0.7003500545171796,-0.5150604374184655,0.4574661441523884,0.3617998391271175,-0.3603761743863292,validation
2024-05-20,"Lending, Borrowing & Real World Assets",668,13568089321.70718,2391082480.195561,798025298.6587898,12770064023.04839,1593057181.5367713,15959171801.90274,23.49329953557293,11177006841.51162,0.7003500545171796,-0.7003500545171796,6,0.43085454566176407,0.4855048114652305,2024-05-27,-0.1651710998066843,-0.7003500545171796,-0.5150604374184655,0.4574661441523884,0.3617998391271175,validation
2024-05-27,"Lending, Borrowing & Real World Assets",669,3790944086.907621,2716158754.10274,673692301.459361,3117251785.4482603,2042466452.6433787,6507102841.010361,22.596160162161528,1074785332.8048816,0.1651710998066843,-0.1651710998066843,6,-0.07068818356912247,0.4353613099293074,2024-06-03,-0.1727505213300726,-0.1651710998066843,-0.7003500545171796,-0.5150604374184655,0.4574661441523884,validation
2024-06-03,"Lending, Borrowing & Real World Assets",676,4123042707.4020815,2908363601.803292,650398717.2766305,3472643990.125452,2257964884.5266614,7031406309.205374,22.67365256688877,1214679105.5987906,0.1727505213300726,-0.1727505213300726,6,0.06706172863454683,0.5748977158215529,2024-06-10,0.3586109096326995,-0.1727505213300726,-0.1651710998066843,-0.7003500545171796,-0.5150604374184655,validation
2024-06-10,"Lending, Borrowing & Real World Assets",681,2424328384.1293697,5135290014.559152,535069530.8345501,1889258853.29482,4600220483.724602,7559618398.688521,22.746086549632206,-2710961630.429782,-0.3586109096326995,0.3586109096326995,6,-0.24648917688595912,0.4521441783209045,2024-06-17,0.359310698820852,0.3586109096326995,-0.1727505213300726,-0.1651710998066843,-0.7003500545171796,validation
2024-06-17,"Lending, Borrowing & Real World Assets",689,2426454269.7891684,5148057323.656932,340041261.62859046,2086413008.1605775,4808016062.028341,7574511593.4461,22.748054710282467,-2721603053.8677635,-0.359310698820852,0.359310698820852,6,-0.4243848486866017,0.5529131886536387,2024-06-24,0.1491824914629546,0.359310698820852,0.3586109096326995,-0.1727505213300726,-0.1651710998066843,validation
2024-06-24,"Lending, Borrowing & Real World Assets",694,3140679585.245699,4242054206.036997,348269281.6718598,2792410303.573839,3893784924.3651366,7382733791.282696,22.72240983952422,-1101374620.7912974,-0.1491824914629546,0.1491824914629546,6,-0.27251318008217656,0.5479102899970983,2024-07-01,0.5436159031600795,0.1491824914629546,0.359310698820852,0.3586109096326995,-0.1727505213300726,validation
2024-07-01,"Lending, Borrowing & Real World Assets",696,2586106794.168521,8746920855.458864,561062475.4868499,2025044318.6816711,8185858379.972014,11333027649.627384,23.15098710052725,-6160814061.290343,-0.5436159031600795,0.5436159031600795,6,-0.42835706545317254,0.5054470470765479,2024-07-08,-0.6891189192975127,0.5436159031600795,0.1491824914629546,0.359310698820852,0.3586109096326995,validation
2024-07-08,"Lending, Borrowing & Real World Assets",701,6386660481.0689,1175460111.0384305,325022663.6220396,6061637817.44686,850437447.4163909,7562120592.10733,22.74641748953837,5211200370.03047,0.6891189192975127,-0.6891189192975127,6,0.47516699652177863,0.5559748983107583,2024-07-15,-0.7423092218444408,-0.6891189192975127,0.5436159031600795,0.1491824914629546,0.359310698820852,validation
2024-07-15,"Lending, Borrowing & Real World Assets",706,7280584859.028847,1076812057.3709702,254274809.2515501,7026310049.777297,822537248.11942,8357396916.399816,22.846412842039456,6203772801.657877,0.7423092218444408,-0.7423092218444408,6,0.5347907796838965,0.5644512606089335,2024-07-22,0.3697669661727527,-0.7423092218444408,-0.6891189192975127,0.5436159031600795,0.1491824914629546,validation
2024-07-22,"Lending, Borrowing & Real World Assets",706,1776895270.7717311,3861956313.9542913,306370737.66232985,1470524533.1094012,3555585576.2919617,5638851584.726023,22.45294626217098,-2085061043.18256,-0.3697669661727527,0.3697669661727527,6,-0.21232866111460677,0.43222371982229846,2024-07-29,0.7598949018829696,0.3697669661727527,-0.7423092218444408,-0.6891189192975127,0.5436159031600795,validation
2024-07-29,"Lending, Borrowing & Real World Assets",706,1650843699.2283008,12100165439.475262,503409025.78387016,1147434673.4444306,11596756413.691393,13751009138.703562,23.34437805034437,-10449321740.246962,-0.7598949018829696,0.7598949018829696,6,-0.5652279208648298,0.5332467687467248,2024-08-05,0.3716256697792571,0.7598949018829696,0.3697669661727527,-0.7423092218444408,-0.6891189192975127,validation
2024-08-05,"Lending, Borrowing & Real World Assets",707,1897653178.1325624,4142228105.579114,286525731.80775976,1611127446.3248026,3855702373.771354,6039881283.711677,22.52165019385092,-2244574927.446552,-0.3716256697792571,0.3716256697792571,6,-0.026952506627966135,0.6004204477459196,2024-08-12,-0.3664667869516172,0.3716256697792571,0.7598949018829696,0.3697669661727527,-0.7423092218444408,validation
2024-08-12,"Lending, Borrowing & Real World Assets",707,4269836194.059561,1979618582.0567703,710017771.9186002,3559818422.140961,1269600810.1381702,6249454776.116332,22.55576006122808,2290217612.0027905,0.3664667869516172,-0.3664667869516172,6,0.31461390356559926,0.4547367144964711,2024-08-19,-0.6537278379080885,-0.3664667869516172,0.3716256697792571,0.7598949018829696,0.3697669661727527,validation
2024-08-19,"Lending, Borrowing & Real World Assets",704,6863136949.997772,1437064319.7340298,512003993.7393497,6351132956.258423,925060325.99468,8300201269.731802,22.83954560094071,5426072630.263742,0.6537278379080885,-0.6537278379080885,6,0.3507524626622634,0.5706128550762853,2024-08-26,0.765334269935149,-0.6537278379080885,-0.3664667869516172,0.3716256697792571,0.7598949018829696,validation
2024-08-26,"Lending, Borrowing & Real World Assets",703,1115253423.3543005,8389785280.389059,285472318.68583006,829781104.6684701,8104312961.703229,9505038703.74336,22.97508788491885,-7274531857.034759,-0.765334269935149,0.765334269935149,6,-0.5332798274383426,0.5737437261098008,2024-09-02,0.4874673465513189,0.765334269935149,-0.6537278379080885,-0.3664667869516172,0.3716256697792571,validation
2024-09-02,"Lending, Borrowing & Real World Assets",702,1823870506.9108903,5293219476.092549,1001062255.91521,822808250.9956803,4292157220.17734,7117089983.00344,22.68576476871368,-3469348969.1816587,-0.4874673465513189,0.4874673465513189,6,-0.3844350404851246,0.5022043914253989,2024-09-09,-0.5765520055735278,0.4874673465513189,0.765334269935149,-0.6537278379080885,-0.3664667869516172,validation
2024-09-09,"Lending, Borrowing & Real World Assets",701,5448424172.228785,1463398784.4097097,519195532.7146896,4929228639.514095,944203251.69502,6911822956.638495,22.65649925435255,3985025387.8190746,0.5765520055735278,-0.5765520055735278,6,0.44392952087283044,0.6134529192877931,2024-09-16,-0.5144155513906362,-0.5765520055735278,0.4874673465513189,0.765334269935149,-0.6537278379080885,validation
2024-09-16,"Lending, Borrowing & Real World Assets",672,8146035898.100081,2611957032.7303686,521094193.31321,7624941704.786871,2090862839.4171584,10757992930.83045,23.098914843782044,5534078865.369713,0.5144155513906362,-0.5144155513906362,6,0.35136594862164877,0.46688819567202827,2024-09-23,-0.3954913933943548,-0.5144155513906362,-0.5765520055735278,0.4874673465513189,0.765334269935149,validation
2024-09-23,"Lending, Borrowing & Real World Assets",668,6211178129.976647,2690601070.3504124,351440210.53018034,5859737919.446467,2339160859.820232,8901779200.32706,22.909517003966577,3520577059.626235,0.3954913933943548,-0.3954913933943548,6,0.3412462297304564,0.48697902843545443,2024-09-30,0.4772814681322251,-0.3954913933943548,-0.5144155513906362,-0.5765520055735278,0.4874673465513189,validation
2024-09-30,"Lending, Borrowing & Real World Assets",668,3054728588.318411,8633124059.274824,606881511.4039099,2447847076.914501,8026242547.870914,11687852647.593237,23.181815904247685,-5578395470.956413,-0.4772814681322251,0.4772814681322251,6,-0.45927357995834983,0.4671738844181792,2024-10-07,0.4943231266398708,0.4772814681322251,-0.3954913933943548,-0.5144155513906362,-0.5765520055735278,validation
2024-10-07,"Lending, Borrowing & Real World Assets",668,2713459500.7693405,8018530209.335076,336464832.27323,2376994668.4961104,7682065377.061847,10731989710.104416,23.09649481079748,-5305070708.565736,-0.4943231266398708,0.4943231266398708,6,-0.19213936934372844,0.8092617111374728,2024-10-14,-0.416575703881613,0.4943231266398708,0.4772814681322251,-0.3954913933943548,-0.5144155513906362,validation
2024-10-14,"Lending, Borrowing & Real World Assets",665,4482123004.228606,1845986382.2969007,350951250.1884701,4131171754.040136,1495035132.1084306,6328109386.525507,22.568267353533773,2636136621.931705,0.416575703881613,-0.416575703881613,6,0.2602735200508626,0.5019706429936823,2024-10-21,0.2920688196642397,-0.416575703881613,0.4943231266398708,0.4772814681322251,-0.3954913933943548,validation
2024-10-21,"Lending, Borrowing & Real World Assets",663,3045111312.1720905,5557734265.91883,823924465.6417298,2221186846.5303607,4733809800.2771,8602845578.09092,22.875358866766373,-2512622953.7467394,-0.2920688196642397,0.2920688196642397,6,-0.2799566788543217,0.40271860395026515,2024-10-28,0.0294778681056231,0.2920688196642397,-0.416575703881613,0.4943231266398708,0.4772814681322251,validation
2024-10-28,"Lending, Borrowing & Real World Assets",665,2485926741.7716923,2636937869.093748,461621955.2100199,2024304786.5616724,2175315913.883728,5122864610.86544,22.3569796140441,-151011127.32205582,-0.0294778681056231,0.0294778681056231,6,-0.18792663556564967,0.45413103617794887,2024-11-04,-0.7429836755730761,0.0294778681056231,0.2920688196642397,-0.416575703881613,0.4943231266398708,validation
2024-11-04,"Lending, Borrowing & Real World Assets",664,19084178522.51229,2814108638.7115216,1156382366.159941,17927796156.352352,1657726272.551581,21898287161.223816,23.80967425893957,16270069883.800774,0.7429836755730761,-0.7429836755730761,6,0.4465314496028532,0.42390697162694174,2024-11-11,-0.1749626230281369,-0.7429836755730761,0.0294778681056231,0.2920688196642397,-0.416575703881613,validation
2024-11-11,"Lending, Borrowing & Real World Assets",668,7473691394.985381,5247890123.453113,813033949.7053095,6660657445.280071,4434856173.747803,12721581518.438494,23.26656572041884,2225801271.5322685,0.1749626230281369,-0.1749626230281369,6,0.2748415134726159,0.4728211241149739,2024-11-18,-0.5714018988011427,-0.1749626230281369,-0.7429836755730761,0.0294778681056231,0.2920688196642397,validation
2024-11-18,"Lending, Borrowing & Real World Assets",668,14472540400.49286,3947369123.01514,1304451477.4359798,13168088923.05688,2642917645.57916,18419909523.508,23.636697955954126,10525171277.477722,0.5714018988011427,-0.5714018988011427,6,0.3851545242573777,0.42474402272274114,2024-11-25,-0.5690956643859482,-0.5714018988011427,-0.1749626230281369,-0.7429836755730761,0.0294778681056231,validation
2024-11-25,"Lending, Borrowing & Real World Assets",666,12651686631.848866,3474400411.7986507,835254770.7107992,11816431861.138063,2639145641.0878515,16126087043.647516,23.5037041109776,9177286220.050217,0.5690956643859482,-0.5690956643859482,6,0.34236681629151966,0.39925367902468617,2024-12-02,-0.428171843770629,-0.5690956643859482,-0.5714018988011427,-0.1749626230281369,-0.7429836755730761,validation
2024-12-02,"Lending, Borrowing & Real World Assets",666,15401804629.963726,6166754779.94623,1701920247.0958304,13699884382.867895,4464834532.850399,21568559409.90996,23.79450250841849,9235049850.017496,0.428171843770629,-0.428171843770629,6,0.33738543406254456,0.331365438665893,2024-12-09,-0.0615330756641224,-0.428171843770629,-0.5690956643859482,-0.5714018988011427,-0.1749626230281369,validation
2024-12-09,"Lending, Borrowing & Real World Assets",667,6751616460.597751,5968884888.592458,1485114473.229891,5266501987.36786,4483770415.362567,12720501349.190208,23.266480808404797,782731572.0052929,0.0615330756641224,-0.0615330756641224,6,-0.05861432659701839,0.3882718121846816,2024-12-16,0.5460887688969166,-0.0615330756641224,-0.428171843770629,-0.5690956643859482,-0.5714018988011427,validation
2024-12-16,"Lending, Borrowing & Real World Assets",665,6326372746.114436,21548560996.944744,1585039142.8513002,4741333603.263136,19963521854.093445,27874933743.05918,24.05099368982913,-15222188250.830309,-0.5460887688969166,0.5460887688969166,6,-0.3371622389840433,0.37043763409527336,2024-12-23,-0.3317135110137154,0.5460887688969166,-0.0615330756641224,-0.428171843770629,-0.5690956643859482,validation
2024-12-23,"Lending, Borrowing & Real World Assets",666,7518433441.416347,3772934227.7353015,691792098.6438504,6826641342.772496,3081142129.091451,11291367669.151648,23.147304347731417,3745499213.681045,0.3317135110137154,-0.3317135110137154,6,0.2409957168753908,0.44633373931648895,2024-12-30,-0.5345243293090828,-0.3317135110137154,0.5460887688969166,-0.0615330756641224,-0.428171843770629,validation
2024-12-30,"Lending, Borrowing & Real World Assets",664,8704838773.216057,2640486428.809769,699786014.5827292,8005052758.633327,1940700414.22704,11345325202.025826,23.152071619644055,6064352344.406288,0.5345243293090828,-0.5345243293090828,6,0.3520765196873052,0.4412125853781619,2025-01-06,0.5543505334183864,-0.5345243293090828,-0.3317135110137154,0.5460887688969166,-0.0615330756641224,test
2025-01-06,"Lending, Borrowing & Real World Assets",662,3769376331.0515904,13146951921.1277,1213179540.7021308,2556196790.34946,11933772380.425568,16916328252.179289,23.55154516126193,-9377575590.076109,-0.5543505334183864,0.5543505334183864,6,-0.33879542128001655,0.3982839752129562,2025-01-13,-0.4879735350001922,0.5543505334183864,-0.5345243293090828,-0.3317135110137154,0.5460887688969166,test
2025-01-13,"Lending, Borrowing & Real World Assets",661,8136906996.032366,2799990475.106212,917806031.00851,7219100965.023856,1882184444.0977013,10936897471.138577,23.115407998851115,5336916520.926154,0.4879735350001922,-0.4879735350001922,6,0.31604920139892534,0.40001943469708406,2025-01-20,-0.3778035418249389,-0.4879735350001922,0.5543505334183864,-0.5345243293090828,-0.3317135110137154,test
2025-01-20,"Lending, Borrowing & Real World Assets",661,6244958907.522186,2820134508.119009,843209164.067589,5401749743.454597,1976925344.05142,9065093415.641195,22.92769698630048,3424824399.4031773,0.3778035418249389,-0.3778035418249389,6,0.23219223682099788,0.42945954564961447,2025-01-27,0.1841864105396122,-0.3778035418249389,-0.4879735350001922,0.5543505334183864,-0.5345243293090828,test
2025-01-27,"Lending, Borrowing & Real World Assets",663,3171296936.007329,4603265726.2914295,771913618.8940803,2399383317.1132493,3831352107.397349,7774562662.298759,22.774123044336264,-1431968790.2841,-0.1841864105396122,0.1841864105396122,6,-0.14691681282553531,0.40088623329000006,2025-02-03,0.0226433964598196,0.1841864105396122,-0.3778035418249389,-0.4879735350001922,0.5543505334183864,test
2025-02-03,"Lending, Borrowing & Real World Assets",658,4633833630.451765,4848546932.931336,570893383.078969,4062940247.372796,4277653549.852368,9482380563.383102,22.972701236075803,-214713302.4795713,-0.0226433964598196,0.0226433964598196,6,0.04242267733224764,0.4668977135009104,2025-02-10,-0.3714869979568329,0.0226433964598196,0.1841864105396122,-0.3778035418249389,-0.4879735350001922,test
2025-02-10,"Lending, Borrowing & Real World Assets",657,4966369014.403226,2275943923.01704,551461801.0558301,4414907213.347396,1724482121.9612093,7242312937.420265,22.70320645895807,2690425091.3861866,0.3714869979568329,-0.3714869979568329,6,0.1595410094581896,0.419317847703938,2025-02-17,-0.1982307804581066,-0.3714869979568329,0.0226433964598196,0.1841864105396122,-0.3778035418249389,test
2025-02-17,"Lending, Borrowing & Real World Assets",658,4994914073.779551,3342234587.7994804,417101706.7288002,4577812367.050751,2925132881.07068,8337148661.579031,22.843987107879457,1652679485.98007,0.1982307804581066,-0.1982307804581066,6,0.015767030775754295,0.4230045537694428,2025-02-24,0.7411599564518107,-0.1982307804581066,-0.3714869979568329,0.0226433964598196,0.1841864105396122,test
2025-02-24,"Lending, Borrowing & Real World Assets",659,2522364785.9668093,16967392296.362,833623346.4743599,1688741439.4924493,16133768949.887642,19489757082.32881,23.6931548867314,-14445027510.395191,-0.7411599564518107,0.7411599564518107,6,-0.4575729494393222,0.48291811205156404,2025-03-03,0.6010749691317395,0.7411599564518107,-0.1982307804581066,-0.3714869979568329,0.0226433964598196,test
2025-03-03,"Lending, Borrowing & Real World Assets",657,2841910916.596249,11405933649.139969,685298286.5128102,2156612630.083439,10720635362.627155,14247844565.736216,23.379871473745705,-8564022732.543718,-0.6010749691317395,0.6010749691317395,6,-0.46254266761978985,0.46552734632032555,2025-03-10,0.1978830629639705,0.6010749691317395,0.7411599564518107,-0.1982307804581066,-0.3714869979568329,test
2025-03-10,"Lending, Borrowing & Real World Assets",657,3357845305.48654,5014612999.394541,671664633.0675902,2686180672.4189496,4342948366.32695,8372458304.881081,22.84821338273144,-1656767693.908001,-0.1978830629639705,0.1978830629639705,6,0.015286540518782272,0.5362765119389896,2025-03-17,-0.4747804978660251,0.1978830629639705,0.6010749691317395,0.7411599564518107,-0.1982307804581066,test
2025-03-17,"Lending, Borrowing & Real World Assets",657,5902047317.029551,2101919816.47904,420001565.8393196,5482045751.190231,1681918250.6397204,8003967133.508591,22.80320314752611,3800127500.5505104,0.4747804978660251,-0.4747804978660251,6,0.2670735155294392,0.49091671997690134,2025-03-24,-0.1116237355907756,-0.4747804978660251,0.1978830629639705,0.6010749691317395,0.7411599564518107,test
2025-03-24,"Lending, Borrowing & Real World Assets",656,7316416140.396507,5847059784.32037,918093675.8155698,6398322464.580937,4928966108.5048,13163475924.716875,23.300711856061884,1469356356.0761375,0.1116237355907756,-0.1116237355907756,6,-0.2032458081826889,0.6368573085183148,2025-03-31,-0.1676002116663621,-0.1116237355907756,-0.4747804978660251,0.1978830629639705,0.6010749691317395,test
2025-03-31,"Lending, Borrowing & Real World Assets",655,4704119018.827364,3353637346.450772,721175000.1718806,3982944018.6554832,2632462346.278891,8057756365.278135,22.80990098824708,1350481672.3765922,0.1676002116663621,-0.1676002116663621,6,0.0010087694717487248,0.5864855046060069,2025-04-07,-0.1423793756435356,-0.1676002116663621,-0.1116237355907756,-0.4747804978660251,0.1978830629639705,test
2025-04-07,"Lending, Borrowing & Real World Assets",653,6780293819.408665,5090182773.516741,715147342.4811499,6065146476.927515,4375035431.035591,11870476592.925406,23.19732019589299,1690111045.891924,0.1423793756435356,-0.1423793756435356,6,0.23721791782979637,0.4307159427312664,2025-04-14,-0.0027170367971708,-0.1423793756435356,-0.1676002116663621,-0.1116237355907756,-0.4747804978660251,test
2025-04-14,"Lending, Borrowing & Real World Assets",652,2735653005.050333,2720827546.6084294,270633384.3873098,2465019620.663024,2450194162.22112,5456480551.658763,22.420069831442294,14825458.441904068,0.0027170367971708,-0.0027170367971708,6,-0.0037191484260788964,0.5011013415973268,2025-04-21,-0.5916984672003253,-0.0027170367971708,-0.1423793756435356,-0.1676002116663621,-0.1116237355907756,test
2025-04-21,"Lending, Borrowing & Real World Assets",651,10063242612.738476,2581416938.1863203,742212249.0463098,9321030363.692163,1839204689.1400104,12644659550.924795,23.260500793172863,7481825674.5521555,0.5916984672003253,-0.5916984672003253,6,0.4550052353288727,0.5398638155092634,2025-04-28,-0.372459246568068,-0.5916984672003253,-0.0027170367971708,-0.1423793756435356,-0.1676002116663621,test
2025-04-28,"Lending, Borrowing & Real World Assets",651,4275448718.290755,1954898345.1747992,324695966.18542993,3950752752.1053247,1630202378.9893694,6230347063.465554,22.552697876776055,2320550373.115956,0.372459246568068,-0.372459246568068,6,0.11454051685057919,0.4736373119197911,2025-05-05,-0.7419411426766227,-0.372459246568068,-0.5916984672003253,-0.0027170367971708,-0.1423793756435356,test
2025-05-05,"Lending, Borrowing & Real World Assets",650,24171080149.83695,3580810608.878675,1095118091.539001,23075962058.297947,2485692517.339674,27751890758.715626,24.046569810302987,20590269540.958275,0.7419411426766227,-0.7419411426766227,6,0.45188246668114024,0.4868177726536147,2025-05-12,0.1196868562430405,-0.7419411426766227,-0.372459246568068,-0.5916984672003253,-0.0027170367971708,test
2025-05-12,"Lending, Borrowing & Real World Assets",651,3908064039.465287,4970740206.911481,320798860.5841201,3587265178.8811665,4649941346.327361,8878804246.376768,22.906932728056503,-1062676167.4461942,-0.1196868562430405,0.1196868562430405,6,-0.11039874608808725,0.49759257268739554,2025-05-19,-0.2459234831169199,0.1196868562430405,-0.7419411426766227,-0.372459246568068,-0.5916984672003253,test
2025-05-19,"Lending, Borrowing & Real World Assets",665,6048253345.916549,3660614699.150981,602837351.9690003,5445415993.947548,3057777347.1819806,9708868045.06753,22.99630553635397,2387638646.765568,0.2459234831169199,-0.2459234831169199,6,0.11629629561854249,0.5213005097397675,2025-05-26,0.0254756445324627,-0.2459234831169199,0.1196868562430405,-0.7419411426766227,-0.372459246568068,test
2025-05-26,"Lending, Borrowing & Real World Assets",637,3901274134.1037455,4105245379.166033,651996339.5827994,3249277794.520946,3453249039.5832334,8006519513.269778,22.80352198602725,-203971245.06228733,-0.0254756445324627,0.0254756445324627,6,-0.20543772949704178,0.5034344420669948,2025-06-02,0.0987853266482075,0.0254756445324627,-0.2459234831169199,0.1196868562430405,-0.7419411426766227,test
2025-06-02,"Lending, Borrowing & Real World Assets",682,3869782259.846528,4718143290.575451,325056179.71997017,3544726080.126558,4393087110.855481,8587925550.421979,22.873623048017823,-848361030.7289228,-0.0987853266482075,0.0987853266482075,6,-0.018395570839502388,0.3921852261584044,2025-06-09,-0.1303594382747878,0.0987853266482075,0.0254756445324627,-0.2459234831169199,0.1196868562430405,test
2025-06-09,"Lending, Borrowing & Real World Assets",679,3929507924.719107,3023161804.3301272,570364506.46663,3359143418.252477,2452797297.8634973,6952669729.049234,22.66239155658264,906346120.38898,0.1303594382747878,-0.1303594382747878,6,-0.08899939769810364,0.48487158387691764,2025-06-16,0.4226534510279509,-0.1303594382747878,0.0987853266482075,0.0254756445324627,-0.2459234831169199,test
2025-06-16,"Lending, Borrowing & Real World Assets",633,3535516115.21268,8711949887.684807,634179351.7599101,2901336763.4527698,8077770535.924896,12247466002.897488,23.22858489571463,-5176433772.472127,-0.4226534510279509,0.4226534510279509,6,-0.4025977410515155,0.5072639121970604,2025-06-23,-0.7400477508349069,0.4226534510279509,-0.1303594382747878,0.0987853266482075,0.0254756445324627,test
2025-06-23,"Lending, Borrowing & Real World Assets",631,10016538047.23319,1496408126.142881,545475545.0122002,9471062502.220991,950932581.1306804,11512946173.376072,23.166737993422984,8520129921.09031,0.7400477508349069,-0.7400477508349069,6,0.4414085237161575,0.5207075016495427,2025-06-30,-0.6263865808417245,-0.7400477508349069,0.4226534510279509,-0.1303594382747878,0.0987853266482075,test
2025-06-30,"Lending, Borrowing & Real World Assets",631,6598357818.642397,1515774327.2677898,289454326.00199,6308903492.640407,1226320001.2658,8114132145.910187,22.81687308788227,5082583491.374607,0.6263865808417245,-0.6263865808417245,6,0.034662207079627076,0.3580294582347941,2025-07-07,-0.7618081599664138,-0.6263865808417245,-0.7400477508349069,0.4226534510279509,-0.1303594382747878,test
2025-07-07,"Lending, Borrowing & Real World Assets",631,14225092774.52778,1923195214.7831087,450506178.10867953,13774586596.4191,1472689036.6744297,16148287989.310888,23.505079874204064,12301897559.744667,0.7618081599664138,-0.7618081599664138,6,0.4953284092884653,0.4782649484796651,2025-07-14,-0.6446677089106646,-0.7618081599664138,-0.6263865808417245,-0.7400477508349069,0.4226534510279509,test
2025-07-14,"Lending, Borrowing & Real World Assets",629,18658815374.26552,4031257852.288031,480848460.7332096,18177966913.53231,3550409391.554821,22690073226.553555,23.84519336303809,14627557521.977491,0.6446677089106646,-0.6446677089106646,6,0.3853987725552215,0.4728514842850503,2025-07-21,-0.2283254352294007,-0.6446677089106646,-0.7618081599664138,-0.6263865808417245,-0.7400477508349069,test
2025-07-21,"Lending, Borrowing & Real World Assets",629,7690469664.012486,4831406775.965691,990135785.1113204,6700333878.901166,3841270990.85437,12521876439.978176,23.250743066865645,2859062888.046796,0.2283254352294007,-0.2283254352294007,6,0.031254475769452186,0.3451528225135767,2025-07-28,0.5113705226932694,-0.2283254352294007,-0.6446677089106646,-0.7618081599664138,-0.6263865808417245,test
2025-07-28,"Lending, Borrowing & Real World Assets",627,5174774379.132139,16005995997.861485,721940362.7744797,4452834016.357659,15284055635.087006,21180770376.99362,23.77635954935685,-10831221618.729343,-0.5113705226932694,0.5113705226932694,6,-0.3857027094496387,0.47133646638862675,2025-08-04,-0.8532871737507275,0.5113705226932694,-0.2283254352294007,-0.6446677089106646,-0.7618081599664138,test
2025-08-04,"Lending, Borrowing & Real World Assets",628,23801167369.829487,1884185345.001109,699985397.121219,23101181972.708267,1184199947.87989,25685352714.8306,23.96918673313774,21916982024.828377,0.8532871737507275,-0.8532871737507275,6,0.504849518399337,0.48718585670461423,2025-08-11,-0.1872486670755397,-0.8532871737507275,0.5113705226932694,-0.2283254352294007,-0.6446677089106646,test
2025-08-11,"Lending, Borrowing & Real World Assets",628,10310628640.570332,7058316764.890054,1537518084.65677,8773110555.91356,5520798680.233284,17368945405.460384,23.57794970185372,3252311875.680278,0.1872486670755397,-0.1872486670755397,6,0.17170218657900957,0.5302404707251974,2025-08-18,0.7955873910141561,-0.1872486670755397,-0.8532871737507275,0.5113705226932694,-0.2283254352294007,test
2025-08-18,"Lending, Borrowing & Real World Assets",620,431692019.1106903,3792039787.380619,127214461.39826997,304477557.71242034,3664825325.982349,4223731806.491309,22.16398488878996,-3360347768.269929,-0.7955873910141561,0.7955873910141561,6,-0.5267198942632261,0.4966777142538837,,,0.7955873910141561,-0.1872486670755397,-0.8532871737507275,0.5113705226932694,unavailable
2020-03-23,Other / Unknown,1,0.0,0.0,0.0,0.0,0.0,0.0,0.0,0.0,,,0,,,2020-03-30,-1.0,,,,,training
2020-03-30,Other / Unknown,1,12993.47496999998,0.0,0.0,12993.47496999998,0.0,12993.47496999998,9.472279543796905,12993.47496999998,1.0,-1.0,1,-0.1074840923872976,1.0,2020-04-06,-1.0,-1.0,,,,training
2020-04-06,Other / Unknown,1,3352.6741400000174,0.0,0.0,3352.6741400000174,0.0,3352.6741400000174,8.117811782028182,3352.6741400000174,1.0,-1.0,1,-0.2823651061756829,1.0,2020-04-13,-1.0,-1.0,-1.0,,,training
2020-04-13,Other / Unknown,1,665.7383499999996,0.0,0.0,665.7383499999996,0.0,665.7383499999996,6.502397690093574,665.7383499999996,1.0,-1.0,1,-0.4834117947299572,1.0,2020-04-20,,-1.0,-1.0,-1.0,,training
2020-04-20,Other / Unknown,0,0.0,0.0,0.0,0.0,0.0,0.0,0.0,0.0,,,0,,,2020-04-27,,,-1.0,-1.0,-1.0,training
2020-04-27,Other / Unknown,0,0.0,0.0,0.0,0.0,0.0,0.0,0.0,0.0,,,0,,,2020-05-04,,,,-1.0,-1.0,training
2020-05-04,Other / Unknown,0,0.0,0.0,0.0,0.0,0.0,0.0,0.0,0.0,,,0,,,2020-05-11,,,,,-1.0,training
2020-05-11,Other / Unknown,0,0.0,0.0,0.0,0.0,0.0,0.0,0.0,0.0,,,0,,,2020-05-18,,,,,,training
2020-05-18,Other / Unknown,1,0.0,0.0,0.0,0.0,0.0,0.0,0.0,0.0,,,0,,,2020-05-25,,,,,,training
2020-05-25,Other / Unknown,1,0.0,0.0,0.0,0.0,0.0,0.0,0.0,0.0,,,0,,,2020-06-01,,,,,,training
2020-06-01,Other / Unknown,1,0.0,0.0,0.0,0.0,0.0,0.0,0.0,0.0,,,0,,,2020-06-08,1.0,,,,,training
2020-06-08,Other / Unknown,2,0.0,97.4353,0.0,0.0,97.4353,97.4353,4.589399479563856,-97.4353,-1.0,1.0,1,-0.1773425314494185,1.0,2020-06-15,1.0,1.0,,,,training
2020-06-15,Other / Unknown,2,0.0,126.73969,0.0,0.0,126.73969,126.73969,4.849994521326052,-126.73969,-1.0,1.0,1,-0.0560167725616572,1.0,2020-06-22,1.0,1.0,1.0,,,training
2020-06-22,Other / Unknown,2,0.0,95531.13727,0.0,0.0,95531.13727,95531.13727,11.467217985776273,-95531.13727,-1.0,1.0,1,-0.8439177756121836,1.0,2020-06-29,1.0,1.0,1.0,1.0,,training
2020-06-29,Other / Unknown,2,0.0,42892.65741999999,0.0,0.0,42892.65741999999,42892.65741999999,10.666479248298211,-42892.65741999999,-1.0,1.0,1,-0.3198567062520895,1.0,2020-07-06,1.0,1.0,1.0,1.0,1.0,training
2020-07-06,Other / Unknown,2,0.0,82170.65443999998,0.0,0.0,82170.65443999998,82170.65443999998,11.316565685078144,-82170.65443999998,-1.0,1.0,1,-0.6040484172721522,1.0,2020-07-13,-1.0,1.0,1.0,1.0,1.0,training
2020-07-13,Other / Unknown,2,58961.64592000004,0.0,0.0,58961.64592000004,0.0,58961.64592000004,10.984659402382755,58961.64592000004,1.0,-1.0,1,-0.624113177049369,1.0,2020-07-20,1.0,-1.0,1.0,1.0,1.0,training
2020-07-20,Other / Unknown,2,0.0,75018.71476,0.0,0.0,75018.71476,75018.71476,11.225506221442568,-75018.71476,-1.0,1.0,1,-0.7389244746143386,1.0,2020-07-27,1.0,1.0,-1.0,1.0,1.0,training
2020-07-27,Other / Unknown,2,0.0,38588.02484999999,0.0,0.0,38588.02484999999,38588.02484999999,10.560723184712517,-38588.02484999999,-1.0,1.0,1,-0.6625124720425364,1.0,2020-08-03,1.0,1.0,1.0,-1.0,1.0,training
2020-08-03,Other / Unknown,2,0.0,1275.6149799999548,0.0,0.0,1275.6149799999548,1275.6149799999548,7.151967307047294,-1275.6149799999548,-1.0,1.0,1,-0.0992049094718943,1.0,2020-08-10,1.0,1.0,1.0,1.0,-1.0,training
2020-08-10,Other / Unknown,2,0.0,260137.46818,0.0,0.0,260137.46818,260137.46818,12.468969338155713,-260137.46818,-1.0,1.0,1,-0.7463440102068285,1.0,2020-08-17,-1.0,1.0,1.0,1.0,1.0,training
2020-08-17,Other / Unknown,2,204700.59569,0.0,0.0,204700.59569,0.0,204700.59569,12.229308566880356,204700.59569,1.0,-1.0,1,-0.7042421048600387,1.0,2020-08-24,1.0,-1.0,1.0,1.0,1.0,training
2020-08-24,Other / Unknown,2,0.0,9292.57137999998,0.0,0.0,9292.57137999998,9292.57137999998,9.137078190655911,-9292.57137999998,-1.0,1.0,1,-0.7741073100658851,1.0,2020-08-31,-1.0,1.0,-1.0,1.0,1.0,training
2020-08-31,Other / Unknown,2,135835.86371,0.0,0.0,135835.86371,0.0,135835.86371,11.819209913160265,135835.86371,1.0,-1.0,1,-0.2920367514757351,1.0,2020-09-07,1.0,-1.0,1.0,-1.0,1.0,training
2020-09-07,Other / Unknown,2,0.0,89524.88579999999,0.0,0.0,89524.88579999999,89524.88579999999,11.402283089260576,-89524.88579999999,-1.0,1.0,1,-0.0533192694987867,1.0,2020-09-14,-1.0,1.0,-1.0,1.0,-1.0,training
2020-09-14,Other / Unknown,2,40521.76792000001,0.0,0.0,40521.76792000001,0.0,40521.76792000001,10.609619265999983,40521.76792000001,1.0,-1.0,1,-0.6193148015342284,1.0,2020-09-21,-1.0,-1.0,1.0,-1.0,1.0,training
2020-09-21,Other / Unknown,2,16351.768830000015,0.0,0.0,16351.768830000015,0.0,16351.768830000015,9.70215250938836,16351.768830000015,1.0,-1.0,1,-0.1918963880026628,1.0,2020-09-28,-1.0,-1.0,-1.0,1.0,-1.0,training
2020-09-28,Other / Unknown,2,29171.93711,0.0,0.0,29171.93711,0.0,29171.93711,10.280996747199854,29171.93711,1.0,-1.0,1,-0.0086874313428171,1.0,2020-10-05,-1.0,-1.0,-1.0,-1.0,1.0,training
2020-10-05,Other / Unknown,2,4057.8340499999463,0.0,0.0,4057.8340499999463,0.0,4057.8340499999463,8.308651031548793,4057.8340499999463,1.0,-1.0,1,-0.2681749396007334,1.0,2020-10-12,-1.0,-1.0,-1.0,-1.0,-1.0,training
2020-10-12,Other / Unknown,2,57079.71757000001,0.0,0.0,57079.71757000001,0.0,57079.71757000001,10.95222164281519,57079.71757000001,1.0,-1.0,1,0.1821900310185316,1.0,2020-10-19,-1.0,-1.0,-1.0,-1.0,-1.0,training
2020-10-19,Other / Unknown,2,7526.92300000001,0.0,0.0,7526.92300000001,0.0,7526.92300000001,8.926374452732565,7526.92300000001,1.0,-1.0,1,-0.0436012839628414,1.0,2020-10-26,-1.0,-1.0,-1.0,-1.0,-1.0,training
2020-10-26,Other / Unknown,2,9538.770749999996,0.0,0.0,9538.770749999996,0.0,9538.770749999996,9.163224733755277,9538.770749999996,1.0,-1.0,1,-0.0002172330052744,1.0,2020-11-02,-1.0,-1.0,-1.0,-1.0,-1.0,training
2020-11-02,Other / Unknown,2,1.7496099999989383,0.0,0.0,1.7496099999989383,0.0,1.7496099999989383,1.0114590834391264,1.7496099999989383,1.0,-1.0,1,-0.5010891216238019,1.0,2020-11-09,-1.0,-1.0,-1.0,-1.0,-1.0,training
2020-11-09,Other / Unknown,2,15992.807410000009,0.0,0.0,15992.807410000009,0.0,15992.807410000009,9.679956889428816,15992.807410000009,1.0,-1.0,1,-0.836242527902733,1.0,2020-11-16,-1.0,-1.0,-1.0,-1.0,-1.0,training
2020-11-16,Other / Unknown,2,2997.682929999981,0.0,0.0,2997.682929999981,0.0,2997.682929999981,8.005928447917949,2997.682929999981,1.0,-1.0,1,0.0744780692390264,1.0,2020-11-23,-1.0,-1.0,-1.0,-1.0,-1.0,training
2020-11-23,Other / Unknown,2,25665.20874,0.0,0.0,25665.20874,0.0,25665.20874,10.152930570709852,25665.20874,1.0,-1.0,1,0.6350052735724783,1.0,2020-11-30,1.0,-1.0,-1.0,-1.0,-1.0,training
2020-11-30,Other / Unknown,2,0.0,9632.54509,0.0,0.0,9632.54509,9632.54509,9.17300656685172,-9632.54509,-1.0,1.0,1,-0.8277363787742802,1.0,2020-12-07,1.0,1.0,-1.0,-1.0,-1.0,training
2020-12-07,Other / Unknown,2,0.0,14776.42121,0.0,0.0,14776.42121,14776.42121,9.600855700929957,-14776.42121,-1.0,1.0,1,0.3471813266536817,1.0,2020-12-14,1.0,1.0,1.0,-1.0,-1.0,training
2020-12-14,Other / Unknown,2,0.0,38902.48756000001,0.0,0.0,38902.48756000001,38902.48756000001,10.568839180086528,-38902.48756000001,-1.0,1.0,1,-0.8572389065641632,1.0,2020-12-21,-1.0,1.0,1.0,1.0,-1.0,training
2020-12-21,Other / Unknown,2,4907.520870000008,0.0,0.0,4907.520870000008,0.0,4907.520870000008,8.498727926931627,4907.520870000008,1.0,-1.0,1,-0.9079943423217418,1.0,2020-12-28,-0.9954933982671564,-1.0,1.0,1.0,1.0,training
2020-12-28,Other / Unknown,3,6086428.711960001,13745.527900000016,0.0,6086428.711960001,13745.527900000016,6100174.239860001,15.623828056576803,6072683.184060001,0.9954933982671564,-0.9954933982671564,2,0.8819415728262981,0.9955035529967458,2021-01-04,1.0,-0.9954933982671564,-1.0,1.0,1.0,training
2021-01-04,Other / Unknown,3,0.0,6790267.96437,0.0,0.0,6790267.96437,6790267.96437,15.731001110586876,-6790267.96437,-1.0,1.0,2,0.7964663718743474,0.9992853868851974,2021-01-11,-0.9228440176190766,1.0,-0.9954933982671564,-1.0,1.0,training
2021-01-11,Other / Unknown,3,206925.0515499985,8303.06852000003,0.0,206925.0515499985,8303.06852000003,215228.1200699985,12.279458414425742,198621.98302999843,0.9228440176190766,-0.9228440176190766,2,0.5650644291326525,0.9258205404276594,2021-01-18,1.0,-0.9228440176190766,1.0,-0.9954933982671564,-1.0,training
2021-01-18,Other / Unknown,3,0.0,275424.6707300013,0.0,0.0,275424.6707300013,275424.6707300013,12.526073073459912,-275424.6707300013,-1.0,1.0,2,-0.3002771262730542,0.8419051070671808,2021-01-25,0.7226115822822968,1.0,-0.9228440176190766,1.0,-0.9954933982671564,training
2021-01-25,Other / Unknown,3,181429.96387000004,1126699.3759400025,0.0,181429.96387000004,1126699.3759400025,1308129.3398100024,14.084109454207516,-945269.4120700022,-0.7226115822822968,0.7226115822822968,2,-0.48778854089706014,0.7610837494242624,2021-02-01,1.0,0.7226115822822968,1.0,-0.9228440176190766,1.0,training
2021-02-01,Other / Unknown,3,0.0,16005029.859450003,0.0,0.0,16005029.859450003,16005029.859450003,16.58841365949733,-16005029.859450003,-1.0,1.0,2,0.46407054413544185,0.9889028533949946,2021-02-08,-0.8755661126962695,1.0,0.7226115822822968,1.0,-0.9228440176190766,training
2021-02-08,Other / Unknown,3,2000556.405739993,132726.33188000007,0.0,2000556.405739993,132726.33188000007,2133282.7376199933,14.573173011400923,1867830.0738599931,0.8755661126962695,-0.8755661126962695,2,0.5921982716191216,0.8833080088510281,2021-02-15,1.0,-0.8755661126962695,1.0,0.7226115822822968,1.0,training
2021-02-15,Other / Unknown,3,0.0,5022267.934730005,0.0,0.0,5022267.934730005,5022267.934730005,15.429392368586038,-5022267.934730005,-1.0,1.0,2,0.7169343039262184,0.976669697730663,2021-02-22,-1.0,1.0,-0.8755661126962695,1.0,0.7226115822822968,training
2021-02-22,Other / Unknown,3,11022250.21429,0.0,0.0,11022250.21429,0.0,11022250.21429,16.215426625244152,11022250.21429,1.0,-1.0,2,-0.6525661310542521,0.9881611569274056,2021-03-01,0.999961967710496,-1.0,1.0,-0.8755661126962695,1.0,training
2021-03-01,Other / Unknown,3,156.97884000005433,8254872.736560005,0.0,156.97884000005433,8254872.736560005,8255029.715400005,15.926333356153188,-8254715.757720005,-0.999961967710496,0.999961967710496,2,0.5015936659921987,0.9999619684337235,2021-03-08,1.0,0.999961967710496,-1.0,1.0,-0.8755661126962695,training
2021-03-08,Other / Unknown,3,0.0,11414366.507270006,0.0,0.0,11414366.507270006,11414366.507270006,16.250383427498946,-11414366.507270006,-1.0,1.0,2,0.2258564584040066,0.9906380111703434,2021-03-15,1.0,1.0,0.999961967710496,-1.0,1.0,training
2021-03-15,Other / Unknown,3,0.0,7956369.919130006,0.0,0.0,7956369.919130006,7956369.919130006,15.889483539177707,-7956369.919130006,-1.0,1.0,2,0.3897156914809655,0.7394637998747171,2021-03-22,-0.987629784042585,1.0,1.0,0.999961967710496,-1.0,training
2021-03-22,Other / Unknown,3,4999860.87414,31117.14227000001,0.0,4999860.87414,31117.14227000001,5030978.01641,15.43112515860608,4968743.73187,0.987629784042585,-0.987629784042585,2,-0.49253660429199175,0.9308404557240979,2021-03-29,1.0,-0.987629784042585,1.0,1.0,0.999961967710496,training
2021-03-29,Other / Unknown,3,0.0,6826881.596980002,0.0,0.0,6826881.596980002,6826881.596980002,15.736378699384233,-6826881.596980002,-1.0,1.0,2,0.3683094322438961,0.7916866429210043,2021-04-05,-0.9939661087990748,1.0,-0.987629784042585,1.0,1.0,training
2021-04-05,Other / Unknown,3,4760152.677269995,14404.57951000001,0.0,4760152.677269995,14404.57951000001,4774557.256779995,15.378812015948387,4745748.097759996,0.9939661087990748,-0.9939661087990748,2,0.10033808975967035,0.9028462163155992,2021-04-12,-0.8875582039191449,-0.9939661087990748,1.0,-0.987629784042585,1.0,training
2021-04-12,Other / Unknown,3,6699020.512090001,399060.4882000001,0.0,6699020.512090001,399060.4882000001,7098081.000290002,15.775335164712718,6299960.023890001,0.8875582039191449,-0.8875582039191449,2,0.6390585669494729,0.8959557769021236,2021-04-19,-0.9989546608706764,-0.8875582039191449,-0.9939661087990748,1.0,-0.987629784042585,training
2021-04-19,Other / Unknown,3,8285755.298740001,4332.97683,0.0,8285755.298740001,4332.97683,8290088.275570001,15.930571296121045,8281422.321910001,0.9989546608706764,-0.9989546608706764,2,0.20848154358001603,0.9487948833591597,2021-04-26,1.0,-0.9989546608706764,-0.8875582039191449,-0.9939661087990748,1.0,training
2021-04-26,Other / Unknown,3,0.0,2369459.0098900013,0.0,0.0,2369459.0098900013,2369459.0098900013,14.678172643222672,-2369459.0098900013,-1.0,1.0,2,0.11952730757532354,0.5103232354171263,2021-05-03,0.5496349927672246,1.0,-0.9989546608706764,-0.8875582039191449,-0.9939661087990748,training
2021-05-03,Other / Unknown,3,9229457.44218,31757108.09447,0.0,9229457.44218,31757108.09447,40986565.53665,17.528754925533523,-22527650.65229,-0.5496349927672246,0.5496349927672246,2,0.8377251567721822,0.9427050418080363,2021-05-10,-0.0552792798251322,0.5496349927672246,1.0,-0.9989546608706764,-0.8875582039191449,training
2021-05-10,Other / Unknown,3,7972106.50804,7136891.954170001,0.0,7972106.50804,7136891.954170001,15108998.46221,16.53080111512796,835214.553869999,0.0552792798251322,-0.0552792798251322,2,0.012810419615010338,0.5000103843676758,2021-05-17,-0.9995848226603056,-0.0552792798251322,0.5496349927672246,1.0,-0.9989546608706764,training
2021-05-17,Other / Unknown,3,49473796.27136999,10272.331979999968,0.0,49473796.27136999,10272.331979999968,49484068.60334998,17.717161349546807,49463523.93938999,0.9995848226603056,-0.9995848226603056,2,-0.6110064858245741,0.8388279214816847,2021-05-24,-0.9661379549749936,-0.9995848226603056,-0.0552792798251322,0.5496349927672246,1.0,training
2021-05-24,Other / Unknown,3,13482094.92834,232196.98513,0.0,13482094.92834,232196.98513,13714291.913470002,16.43394912531718,13249897.94321,0.9661379549749936,-0.9661379549749936,3,-0.04573072895981834,0.8497148530351226,2021-05-31,0.898343702182931,-0.9661379549749936,-0.9995848226603056,-0.0552792798251322,0.5496349927672246,training
2021-05-31,Other / Unknown,4,311312.33721,5813489.448709995,0.0,311312.33721,5813489.448709995,6124801.785919994,15.627857115659546,-5502177.111499995,-0.898343702182931,0.898343702182931,4,-0.2749752353474774,0.44777285432078195,2021-06-07,0.1979743212136152,0.898343702182931,-0.9661379549749936,-0.9995848226603056,-0.0552792798251322,training
2021-06-07,Other / Unknown,4,1088114.525969998,1625301.1532299975,0.0,1088114.525969998,1625301.1532299975,2713415.6791999955,14.813719165988728,-537186.6272599997,-0.1979743212136152,0.1979743212136152,4,0.1781378301958781,0.35787829149916356,2021-06-14,-0.9874124158692956,0.1979743212136152,0.898343702182931,-0.9661379549749936,-0.9995848226603056,training
2021-06-14,Other / Unknown,4,18910340.48761,119771.56826000004,0.0,18910340.48761,119771.56826000004,19030112.05587,16.761533180183218,18790568.91935,0.9874124158692956,-0.9874124158692956,4,-0.028033070416067063,0.7102925883238469,2021-06-21,-0.5512540290460881,-0.9874124158692956,0.1979743212136152,0.898343702182931,-0.9661379549749936,training
2021-06-21,Other / Unknown,4,10959661.58346,3170405.289210002,0.0,10959661.58346,3170405.289210002,14130066.872670002,16.463815558093618,7789256.294249997,0.5512540290460881,-0.5512540290460881,4,0.19366243445567016,0.489726911698059,2021-06-28,0.8915605226102857,-0.5512540290460881,-0.9874124158692956,0.1979743212136152,0.898343702182931,training
2021-06-28,Other / Unknown,4,903891.14522,15766996.007279996,0.0,903891.14522,15766996.007279996,16670887.152499996,16.62917453180203,-14863104.862059996,-0.8915605226102857,0.8915605226102857,4,0.021469812934393484,0.6709419033646531,2021-07-05,-0.9389628503033756,0.8915605226102857,-0.5512540290460881,-0.9874124158692956,0.1979743212136152,training
2021-07-05,Other / Unknown,4,22527615.530560005,709153.0615099985,0.0,22527615.530560005,709153.0615099985,23236768.59207001,16.96124647822391,21818462.469050005,0.9389628503033756,-0.9389628503033756,4,0.22218219103438525,0.6821018616436204,2021-07-12,-0.9859177671227272,-0.9389628503033756,0.8915605226102857,-0.5512540290460881,-0.9874124158692956,training
2021-07-12,Other / Unknown,4,13731628.008739997,97371.59645000006,0.0,13731628.008739997,97371.59645000006,13828999.605189994,16.44227843820918,13634256.412289996,0.9859177671227272,-0.9859177671227272,4,-0.04060306270845353,0.37887872524054783,2021-07-19,0.996195113214962,-0.9859177671227272,-0.9389628503033756,0.8915605226102857,-0.5512540290460881,training
2021-07-19,Other / Unknown,4,111721.40214000008,58613496.16770999,0.0,111721.40214000008,58613496.16770999,58725217.56984999,17.88837981042399,-58501774.76556999,-0.996195113214962,0.996195113214962,4,-0.32512911710609854,0.40478743699358855,2021-07-26,0.9928389979532192,0.996195113214962,-0.9859177671227272,-0.9389628503033756,0.8915605226102857,training
2021-07-26,Other / Unknown,4,101196.3725900003,28161991.35697999,0.0,101196.3725900003,28161991.35697999,28263187.72956999,17.157070764296474,-28060794.984389987,-0.9928389979532192,0.9928389979532192,4,0.08166617607206063,0.7504792885789076,2021-08-02,0.7538076371509658,0.9928389979532192,0.996195113214962,-0.9859177671227272,-0.9389628503033756,training
2021-08-02,Other / Unknown,4,3518783.524310004,25066859.698650006,0.0,3518783.524310004,25066859.698650006,28585643.22296001,17.16841519952473,-21548076.17434,-0.7538076371509658,0.7538076371509658,4,0.017073768537161194,0.5193918234509629,2021-08-09,0.963049998643884,0.7538076371509658,0.9928389979532192,0.996195113214962,-0.9859177671227272,training
2021-08-09,Other / Unknown,4,514823.4285200007,27351125.671629988,0.0,514823.4285200007,27351125.671629988,27865949.10014999,17.142916074946758,-26836302.243109982,-0.963049998643884,0.963049998643884,4,-0.30286796152634127,0.4761616050990797,2021-08-16,0.9992553374421884,0.963049998643884,0.7538076371509658,0.9928389979532192,0.996195113214962,training
2021-08-16,Other / Unknown,4,19753.064669999967,53032638.15007,0.0,19753.064669999967,53032638.15007,53052391.21473999,17.786790515593633,-53012885.0854,-0.9992553374421884,0.9992553374421884,4,-0.21105540551803448,0.5837846160315611,2021-08-23,0.7042336008752141,0.9992553374421884,0.963049998643884,0.7538076371509658,0.9928389979532192,training
2021-08-23,Other / Unknown,4,4893736.789949985,28198168.202850003,0.0,4893736.789949985,28198168.202850003,33091904.99279999,17.314799278504903,-23304431.412900016,-0.7042336008752141,0.7042336008752141,3,-0.21032775936331954,0.6543226086659775,2021-08-30,0.5993579790268846,0.7042336008752141,0.9992553374421884,0.963049998643884,0.7538076371509658,training
2021-08-30,Other / Unknown,4,11905539.48969001,47526765.99226,0.0,11905539.48969001,47526765.99226,59432305.48195,17.90034851665117,-35621226.50256999,-0.5993579790268846,0.5993579790268846,4,0.10968298439044416,0.6108531296596246,2021-09-06,-0.9972838173978842,0.5993579790268846,0.7042336008752141,0.9992553374421884,0.963049998643884,training
2021-09-06,Other / Unknown,4,64834521.66967999,88170.9440799999,0.0,64834521.66967999,88170.9440799999,64922692.61376,17.988707791027807,64746350.72559999,0.9972838173978842,-0.9972838173978842,4,0.17401122445390882,0.4633316189899675,2021-09-13,0.9894468469357592,-0.9972838173978842,0.5993579790268846,0.7042336008752141,0.9992553374421884,training
2021-09-13,Other / Unknown,4,107725.33409999878,20308037.318869986,0.0,107725.33409999878,20308037.318869986,20415762.652969982,16.831817888500574,-20200311.984769985,-0.9894468469357592,0.9894468469357592,4,-0.22247039934657017,0.484425930258077,2021-09-20,-0.6333261663768767,0.9894468469357592,-0.9972838173978842,0.5993579790268846,0.7042336008752141,training
2021-09-20,Other / Unknown,5,25433436.17604,5709683.550570002,0.0,25433436.17604,5709683.550570002,31143119.726610005,17.25410393536072,19723752.62547,0.6333261663768767,-0.6333261663768767,4,0.3175730202575189,0.5144138069099748,2021-09-27,0.8040357213523996,-0.6333261663768767,0.9894468469357592,-0.9972838173978842,0.5993579790268846,training
2021-09-27,Other / Unknown,5,6914368.44095,63653272.64820999,0.0,6914368.44095,63653272.64820999,70567641.08916,18.07208227005038,-56738904.20725999,-0.8040357213523996,0.8040357213523996,4,-0.10946839060331462,0.413531645979904,2021-10-04,-0.095462008546246,0.8040357213523996,-0.6333261663768767,0.9894468469357592,-0.9972838173978842,training
2021-10-04,Other / Unknown,5,20254137.15505,16724118.589169996,0.0,20254137.15505,16724118.589169996,36978255.74422,17.42584064230967,3530018.5658800025,0.095462008546246,-0.095462008546246,4,-0.09878605716745703,0.4504909950519058,2021-10-11,0.9881782928212476,-0.095462008546246,0.8040357213523996,-0.6333261663768767,0.9894468469357592,training
2021-10-11,Other / Unknown,6,267462.12652000005,44981861.42307998,0.0,267462.12652000005,44981861.42307998,45249323.54959998,17.627698300918137,-44714399.29655998,-0.9881782928212476,0.9881782928212476,5,0.12804727662486196,0.6375513406054318,2021-10-18,0.3794941864653308,0.9881782928212476,-0.095462008546246,0.8040357213523996,-0.6333261663768767,training
2021-10-18,Other / Unknown,7,13838541.725930002,30765526.1944,0.0,13838541.725930002,30765526.1944,44604067.92033,17.613335644226495,-16926984.468469996,-0.3794941864653308,0.3794941864653308,5,-0.07479595686109985,0.5083781286928943,2021-10-25,0.9264861012949936,0.3794941864653308,0.9881782928212476,-0.095462008546246,0.8040357213523996,training
2021-10-25,Other / Unknown,7,1434824.4145300025,37600635.26874999,0.0,1434824.4145300025,37600635.26874999,39035459.68327999,17.479981039267322,-36165810.85421999,-0.9264861012949936,0.9264861012949936,5,0.037194522982973995,0.6323194723938239,2021-11-01,0.8614332612138951,0.9264861012949936,0.3794941864653308,0.9881782928212476,-0.095462008546246,training
2021-11-01,Other / Unknown,7,1533079.570050001,20594590.94424999,0.0,1533079.570050001,20594590.94424999,22127670.514299992,16.912339487978045,-19061511.37419999,-0.8614332612138951,0.8614332612138951,4,0.22775370104072082,0.5472467808954631,2021-11-08,-0.4723164990640972,0.8614332612138951,0.9264861012949936,0.3794941864653308,0.9881782928212476,training
2021-11-08,Other / Unknown,7,10560428.22189,3784895.257949986,0.0,10560428.22189,3784895.257949986,14345323.479839984,16.478934626858752,6775532.963940013,0.4723164990640972,-0.4723164990640972,5,0.09965511957491993,0.6006862836241388,2021-11-15,-0.8765352808832169,-0.4723164990640972,0.8614332612138951,0.9264861012949936,0.3794941864653308,training
2021-11-15,Other / Unknown,7,36453603.080120005,2398427.522750002,0.0,36453603.080120005,2398427.522750002,38852030.60287001,17.47527092692084,34055175.55737,0.8765352808832169,-0.8765352808832169,4,0.22308579435817064,0.5550946101820474,2021-11-22,-0.941151088518549,-0.8765352808832169,-0.4723164990640972,0.8614332612138951,0.9264861012949936,training
2021-11-22,Other / Unknown,6,40844413.57148,1238259.758859999,0.0,40844413.57148,1238259.758859999,42082673.33034,17.555146677851955,39606153.81262,0.941151088518549,-0.941151088518549,5,-0.06919731176411538,0.5711659022004311,2021-11-29,-0.9715904671480664,-0.941151088518549,-0.8765352808832169,-0.4723164990640972,0.8614332612138951,training
2021-11-29,Other / Unknown,6,36136713.275680006,520710.1373599999,0.0,36136713.275680006,520710.1373599999,36657423.413040005,17.417126541853207,35616003.13832001,0.9715904671480664,-0.9715904671480664,5,-0.19608934244278062,0.5167938006468317,2021-12-06,-0.6840768231719473,-0.9715904671480664,-0.941151088518549,-0.8765352808832169,-0.4723164990640972,training
2021-12-06,Other / Unknown,7,9753023.45274999,1829611.3992400009,0.0,9753023.45274999,1829611.3992400009,11582634.85198999,16.265017625277327,7923412.05350999,0.6840768231719473,-0.6840768231719473,5,-0.1968909512785796,0.6160398118856314,2021-12-13,-0.7275412277357876,-0.6840768231719473,-0.9715904671480664,-0.941151088518549,-0.8765352808832169,training
2021-12-13,Other / Unknown,7,15133253.34025998,2386737.6125399955,0.0,15133253.34025998,2386737.6125399955,17519990.952799976,16.678853184157344,12746515.727719983,0.7275412277357876,-0.7275412277357876,5,0.4061556505355164,0.5737191937766112,2021-12-20,0.8614540003437545,-0.7275412277357876,-0.6840768231719473,-0.9715904671480664,-0.941151088518549,training
2021-12-20,Other / Unknown,6,1023417.020610003,13750261.369949987,0.0,1023417.020610003,13750261.369949987,14773678.390559992,16.508357735912107,-12726844.349339986,-0.8614540003437545,0.8614540003437545,5,0.08288551179995231,0.5994941452096022,2021-12-27,-0.8969266985111459,0.8614540003437545,-0.7275412277357876,-0.6840768231719473,-0.9715904671480664,training
2021-12-27,Other / Unknown,8,44016104.43640001,2391702.9616900007,0.0,44016104.43640001,2391702.9616900007,46407807.39809001,17.65297828747984,41624401.47471001,0.8969266985111459,-0.8969266985111459,5,0.14561229499727762,0.5207095544168813,2022-01-03,-0.9933088616511372,-0.8969266985111459,0.8614540003437545,-0.7275412277357876,-0.6840768231719473,training
2022-01-03,Other / Unknown,8,77733117.5008,260934.4961500005,0.0,77733117.5008,260934.4961500005,77994051.99695,18.17214313811833,77472183.00465,0.9933088616511372,-0.9933088616511372,5,0.05714093549438953,0.5499624183230518,2022-01-10,0.6224713705833239,-0.9933088616511372,-0.8969266985111459,0.8614540003437545,-0.7275412277357876,training
2022-01-10,Other / Unknown,8,3519232.9380999957,15124295.864139998,0.0,3519232.9380999957,15124295.864139998,18643528.80223999,16.741009716367,-11605062.926040003,-0.6224713705833239,0.6224713705833239,5,0.15262128210391276,0.5130511702113745,2022-01-17,-0.9897526892756348,0.6224713705833239,-0.9933088616511372,-0.8969266985111459,0.8614540003437545,training
2022-01-17,Other / Unknown,8,118376532.12325,609644.16014,0.0,118376532.12325,609644.16014,118986176.28339,18.594517887046585,117766887.96311,0.9897526892756348,-0.9897526892756348,5,0.08615855030550511,0.491679296313007,2022-01-24,0.5725604706871871,-0.9897526892756348,0.6224713705833239,-0.9933088616511372,-0.8969266985111459,training
2022-01-24,Other / Unknown,8,2371788.6324399994,8725868.321529992,0.0,2371788.6324399994,8725868.321529992,11097656.95396999,16.222244648882118,-6354079.689089993,-0.5725604706871871,0.5725604706871871,5,0.11456561939019258,0.505420928725451,2022-01-31,0.9884015252304976,0.5725604706871871,-0.9897526892756348,0.6224713705833239,-0.9933088616511372,training
2022-01-31,Other / Unknown,8,216415.96574999997,37101588.34962001,0.0,216415.96574999997,37101588.34962001,37318004.31537001,17.434986484373802,-36885172.383870006,-0.9884015252304976,0.9884015252304976,5,-0.025617379389378192,0.5145198304668905,2022-02-07,-0.3642889113099485,0.9884015252304976,0.5725604706871871,-0.9897526892756348,0.6224713705833239,training
2022-02-07,Other / Unknown,8,10311351.103579989,4804730.274929998,0.0,10311351.103579989,4804730.274929998,15116081.378509983,16.531269793192553,5506620.828649988,0.3642889113099485,-0.3642889113099485,5,-0.021987542160308973,0.502003369654143,2022-02-14,-0.97184337468438,-0.3642889113099485,0.9884015252304976,0.5725604706871871,-0.9897526892756348,training
2022-02-14,Other / Unknown,8,12951060.206659997,184932.614,0.0,12951060.206659997,184932.614,13135992.820659995,16.390866640261628,12766127.592659997,0.97184337468438,-0.97184337468438,5,0.10886204974385559,0.4674897375297927,2022-02-21,0.391616778196788,-0.97184337468438,-0.3642889113099485,0.9884015252304976,0.5725604706871871,training
2022-02-21,Other / Unknown,8,8201098.168809998,18759205.386250008,0.0,8201098.168809998,18759205.386250008,26960303.555060007,17.109876140497246,-10558107.21744001,-0.391616778196788,0.391616778196788,5,-0.07788005147559326,0.6345025701589265,2022-02-28,0.27592606705043,0.391616778196788,-0.97184337468438,-0.3642889113099485,0.9884015252304976,training
2022-02-28,Other / Unknown,8,7482799.243369999,13185806.27565,0.0,7482799.243369999,13185806.27565,20668605.51902,16.84412651375987,-5703007.032280001,-0.27592606705043,0.27592606705043,5,0.016483355157072013,0.637639236528306,2022-03-07,0.2588781395145219,0.27592606705043,0.391616778196788,-0.97184337468438,-0.3642889113099485,training
2022-03-07,Other / Unknown,8,3306056.8008800005,5615706.210440001,0.0,3306056.8008800005,5615706.210440001,8921763.011320002,16.004004244121028,-2309649.409560001,-0.2588781395145219,0.2588781395145219,5,-0.15965379502961874,0.43353229587095715,2022-03-14,0.8671368023489633,0.2588781395145219,0.27592606705043,0.391616778196788,-0.97184337468438,training
2022-03-14,Other / Unknown,8,2048306.1799100016,28785005.31828,0.0,2048306.1799100016,28785005.31828,30833311.49819,17.244106238079937,-26736699.13837,-0.8671368023489633,0.8671368023489633,5,-0.09581800539341154,0.46430041414085205,2022-03-21,0.9822964703320188,0.8671368023489633,0.2588781395145219,0.27592606705043,0.391616778196788,training
2022-03-21,Other / Unknown,7,277827.43511999963,31108844.07394999,0.0,277827.43511999963,31108844.07394999,31386671.50906999,17.26189391839101,-30831016.638829987,-0.9822964703320188,0.9822964703320188,5,-0.1947272208826392,0.5004729177183189,2022-03-28,0.7894152095810568,0.9822964703320188,0.8671368023489633,0.2588781395145219,0.27592606705043,training
2022-03-28,Other / Unknown,7,4373238.650719999,37160992.21201,0.0,4373238.650719999,37160992.21201,41534230.86273,17.542028509349617,-32787753.561290003,-0.7894152095810568,0.7894152095810568,5,-0.11137575158087028,0.4368337696995821,2022-04-04,-0.9896373308323376,0.7894152095810568,0.9822964703320188,0.8671368023489633,0.2588781395145219,training
2022-04-04,Other / Unknown,7,35953523.39633999,187257.47783000005,0.0,35953523.39633999,187257.47783000005,36140780.87416999,17.40293247748675,35766265.91850999,0.9896373308323376,-0.9896373308323376,5,0.1386373369432631,0.4640801775659692,2022-04-11,-0.9859328888788196,-0.9896373308323376,0.7894152095810568,0.9822964703320188,0.8671368023489633,training
2022-04-11,Other / Unknown,7,23155014.62677,164015.69539000018,0.0,23155014.62677,164015.69539000018,23319030.32216,16.96478038008296,22990998.93138,0.9859328888788196,-0.9859328888788196,5,0.28628015877683277,0.6347919806459793,2022-04-18,-0.5522988729099956,-0.9859328888788196,-0.9896373308323376,0.7894152095810568,0.9822964703320188,training
2022-04-18,Other / Unknown,7,8515115.795460002,2455858.85905,0.0,8515115.795460002,2455858.85905,10970974.654510004,16.21076376672051,6059256.936410002,0.5522988729099956,-0.5522988729099956,5,-0.125192504889161,0.5430014023312921,2022-04-25,-0.9817761919102644,-0.5522988729099956,-0.9859328888788196,-0.9896373308323376,0.7894152095810568,training
2022-04-25,Other / Unknown,7,15350365.774059998,141157.2715,0.0,15350365.774059998,141157.2715,15491523.04556,16.555803596549943,15209208.502559995,0.9817761919102644,-0.9817761919102644,5,0.42260432511491114,0.7846035652970711,2022-05-02,-0.8838494827789529,-0.9817761919102644,-0.5522988729099956,-0.9859328888788196,-0.9896373308323376,training
2022-05-02,Other / Unknown,7,27633308.62787,1703757.7147200005,0.0,27633308.62787,1703757.7147200005,29337066.34259,17.194362371443066,25929550.91315,0.8838494827789529,-0.8838494827789529,5,0.4028150890729093,0.793176026940995,2022-05-09,-0.4272375408660233,-0.8838494827789529,-0.9817761919102644,-0.5522988729099956,-0.9859328888788196,training
2022-05-09,Other / Unknown,7,30983712.489910003,12434025.066390002,0.0,30983712.489910003,12434025.066390002,43417737.55630001,17.58637863806174,18549687.42352,0.4272375408660233,-0.4272375408660233,5,0.6517114443444151,0.5203806220400288,2022-05-16,0.1846604597430796,-0.4272375408660233,-0.8838494827789529,-0.9817761919102644,-0.5522988729099956,training
2022-05-16,Other / Unknown,8,3232843.5174900037,4697211.037380001,0.0,3232843.5174900037,4697211.037380001,7930054.554870004,15.886170599244752,-1464367.519889997,-0.1846604597430796,0.1846604597430796,5,0.24798393046301112,0.6585987664424444,2022-05-23,-0.9606235296025852,0.1846604597430796,-0.4272375408660233,-0.8838494827789529,-0.9817761919102644,training
2022-05-23,Other / Unknown,8,27123590.566799995,544740.6118000054,0.0,27123590.566799995,544740.6118000054,27668331.1786,17.135799074507368,26578849.95499999,0.9606235296025852,-0.9606235296025852,6,0.2810522608562093,0.5755182274780897,2022-05-30,-0.7235945744247608,-0.9606235296025852,0.1846604597430796,-0.4272375408660233,-0.8838494827789529,training
2022-05-30,Other / Unknown,9,1997947.348759997,320402.19631999923,0.0,1997947.348759997,320402.19631999923,2318349.5450799963,14.6563665188338,1677545.1524399978,0.7235945744247608,-0.7235945744247608,6,0.0996329054102122,0.7362487037785462,2022-06-06,-0.9819668647984702,-0.7235945744247608,-0.9606235296025852,0.1846604597430796,-0.4272375408660233,training
2022-06-06,Other / Unknown,9,12959187.603770008,117910.53943000003,0.0,12959187.603770008,117910.53943000003,13077098.143200008,16.386373101354128,12841277.064340008,0.9819668647984702,-0.9819668647984702,6,-0.2210009690627588,0.6390996835312341,2022-06-13,0.7472315508113259,-0.9819668647984702,-0.7235945744247608,-0.9606235296025852,0.1846604597430796,training
2022-06-13,Other / Unknown,9,9387541.42628,64890252.78745,0.0,9387541.42628,64890252.78745,74277794.21373,18.123322611909845,-55502711.36117,-0.7472315508113259,0.7472315508113259,6,0.524234931812349,0.4853792836860524,2022-06-20,-0.619883373734053,0.7472315508113259,-0.9819668647984702,-0.7235945744247608,-0.9606235296025852,training
2022-06-20,Other / Unknown,9,9453900.088449996,2218421.8104499998,0.0,9453900.088449996,2218421.8104499998,11672321.898899997,16.272731033204092,7235478.277999997,0.619883373734053,-0.619883373734053,6,-0.31866597584959355,0.6700238866462207,2022-06-27,-0.9679839001736248,-0.619883373734053,0.7472315508113259,-0.9819668647984702,-0.7235945744247608,training
2022-06-27,Other / Unknown,9,15151252.419120004,246487.79387999992,0.0,15151252.419120004,246487.79387999992,15397740.213000003,16.549731382145584,14904764.625240002,0.9679839001736248,-0.9679839001736248,6,0.37438586907630705,0.6489417163450747,2022-07-04,0.7785780915673804,-0.9679839001736248,-0.619883373734053,0.7472315508113259,-0.9819668647984702,training
2022-07-04,Other / Unknown,9,548574.5225800001,4406441.234110002,0.0,548574.5225800001,4406441.234110002,4955015.756690003,15.415911107514471,-3857866.7115300014,-0.7785780915673804,0.7785780915673804,5,-0.5055514798875855,0.7528452729615048,2022-07-11,0.4812986100330851,0.7785780915673804,-0.9679839001736248,-0.619883373734053,0.7472315508113259,training
2022-07-11,Other / Unknown,9,633718.6478999999,1809762.939609998,0.0,633718.6478999999,1809762.939609998,2443481.5875099977,14.708934869622349,-1176044.2917099982,-0.4812986100330851,0.4812986100330851,6,-0.07568134362658867,0.47498515892616655,2022-07-18,0.7967153385389864,0.4812986100330851,0.7785780915673804,-0.9679839001736248,-0.619883373734053,training
2022-07-18,Other / Unknown,9,229898.98681000015,2031943.9398299984,0.0,229898.98681000015,2031943.9398299984,2261842.9266399983,14.631690935329017,-1802044.953019998,-0.7967153385389864,0.7967153385389864,6,-0.4566839559155192,0.6025045851516909,2022-07-25,-0.821346754607663,0.7967153385389864,0.4812986100330851,0.7785780915673804,-0.9679839001736248,training
2022-07-25,Other / Unknown,9,9733915.75940006,954785.5928000002,0.0,9733915.75940006,954785.5928000002,10688701.35220006,16.184697886690063,8779130.166600058,0.821346754607663,-0.821346754607663,6,-0.19915445776471988,0.8070423316781815,2022-08-01,0.5701446073124773,-0.821346754607663,0.7967153385389864,0.4812986100330851,0.7785780915673804,training
2022-08-01,Other / Unknown,9,2948698.8855699925,10770793.463400057,0.0,2948698.8855699925,10770793.463400057,13719492.348970048,16.434328251662524,-7822094.577830064,-0.5701446073124773,0.5701446073124773,6,0.004442671346025483,0.8284021166219887,2022-08-08,-0.6198713685985964,0.5701446073124773,-0.821346754607663,0.7967153385389864,0.4812986100330851,training
2022-08-08,Other / Unknown,8,32172825.35776999,7549866.186070004,0.0,32172825.35776999,7549866.186070004,39722691.54383999,17.497433182956524,24622959.171699986,0.6198713685985964,-0.6198713685985964,6,-0.09617493141848725,0.8353314670269701,2022-08-15,-0.951973210249242,-0.6198713685985964,0.5701446073124773,-0.821346754607663,0.7967153385389864,training
2022-08-15,Other / Unknown,7,75734880.70723999,1863398.11091,0.0,75734880.70723999,1863398.11091,77598278.81814998,18.167055817615868,73871482.59632999,0.951973210249242,-0.951973210249242,6,0.4155557242777113,0.43262327156975044,2022-08-22,-0.9968870978828088,-0.951973210249242,-0.6198713685985964,0.5701446073124773,-0.821346754607663,training
2022-08-22,Other / Unknown,7,111033243.70020002,173087.2114700025,0.0,111033243.70020002,173087.2114700025,111206330.91167004,18.52689787981135,110860156.48873,0.9968870978828088,-0.9968870978828088,6,0.08185552542772427,0.9440827880506185,2022-08-29,0.8337131798051883,-0.9968870978828088,-0.951973210249242,-0.6198713685985964,0.5701446073124773,training
2022-08-29,Other / Unknown,7,7407011.318319988,81680161.19050999,0.0,7407011.318319988,81680161.19050999,89087172.50882998,18.305125925948506,-74273149.87219,-0.8337131798051883,0.8337131798051883,5,-0.08822244158276009,0.9613883280443132,2022-09-05,-0.934308871283146,0.8337131798051883,-0.9968870978828088,-0.951973210249242,-0.6198713685985964,training
2022-09-05,Other / Unknown,7,143469868.6685199,4872385.041300001,0.0,143469868.6685199,4872385.041300001,148342253.7098199,18.81503269376497,138597483.62721992,0.934308871283146,-0.934308871283146,6,-0.05000317788450144,0.9478465277253677,2022-09-12,-0.9989621439704351,-0.934308871283146,0.8337131798051883,-0.9968870978828088,-0.951973210249242,training
2022-09-12,Other / Unknown,7,130942534.47167008,67985.02880000108,0.0,130942534.47167008,67985.02880000108,131010519.50047009,18.69078818710471,130874549.4428701,0.9989621439704351,-0.9989621439704351,6,0.22308912672205855,0.9468614138723682,2022-09-19,-0.785774237502556,-0.9989621439704351,-0.934308871283146,0.8337131798051883,-0.9968870978828088,training
2022-09-19,Other / Unknown,8,64795844.88396997,7773065.029959983,0.0,64795844.88396997,7773065.029959983,72568909.91392995,18.10004716375477,57022779.85400999,0.785774237502556,-0.785774237502556,5,0.04584221542198288,0.924171728878802,2022-09-26,0.1570776112806163,-0.785774237502556,-0.9989621439704351,-0.934308871283146,0.8337131798051883,training
2022-09-26,Other / Unknown,7,27533274.84248999,37794862.62535004,0.0,27533274.84248999,37794862.62535004,65328137.46784003,17.99493341211799,-10261587.782860044,-0.1570776112806163,0.1570776112806163,6,-0.062471755793990946,0.8409530173091387,2022-10-03,0.9037491224770612,0.1570776112806163,-0.785774237502556,-0.9989621439704351,-0.934308871283146,training
2022-10-03,Other / Unknown,7,916269.9571899984,18122932.193910003,0.0,916269.9571899984,18122932.193910003,19039202.1511,16.76201073514393,-17206662.236720003,-0.9037491224770612,0.9037491224770612,6,-0.024907455036004823,0.7733509102933557,2022-10-10,-0.765138685959711,0.9037491224770612,0.1570776112806163,-0.785774237502556,-0.9989621439704351,training
2022-10-10,Other / Unknown,7,18431378.39674009,2452395.2617800008,0.0,18431378.39674009,2452395.2617800008,20883773.65852009,16.854483083304974,15978983.134960089,0.765138685959711,-0.765138685959711,6,0.3642243457482811,0.4566460982429493,2022-10-17,-0.551681651777685,-0.765138685959711,0.9037491224770612,0.1570776112806163,-0.785774237502556,training
2022-10-17,Other / Unknown,8,95728154.27967,27658178.43877,0.0,95728154.27967,27658178.43877,123386332.71844,18.630830915477933,68069975.8409,0.551681651777685,-0.551681651777685,6,0.06959595747571407,0.6469664023758722,2022-10-24,-0.50379785843986,-0.551681651777685,-0.765138685959711,0.9037491224770612,0.1570776112806163,training
2022-10-24,Other / Unknown,8,85361862.18752012,28166510.935819995,0.0,85361862.18752012,28166510.935819995,113528373.12334011,18.547563355918992,57195351.25170012,0.50379785843986,-0.50379785843986,6,-0.22024153245206732,0.7359550389286069,2022-10-31,0.6012475953585816,-0.50379785843986,-0.551681651777685,-0.765138685959711,0.9037491224770612,training
2022-10-31,Other / Unknown,8,24090672.076050017,96739556.38471004,0.0,24090672.076050017,96739556.38471004,120830228.46076006,18.609897056039674,-72648884.30866003,-0.6012475953585816,0.6012475953585816,6,-0.39379031251375657,0.47890198504044534,2022-11-07,-0.996466194455952,0.6012475953585816,-0.50379785843986,-0.551681651777685,-0.765138685959711,training
2022-11-07,Other / Unknown,9,606087308.45127,1072792.86608,0.0,606087308.45127,1072792.86608,607160101.31735,20.22430307424085,605014515.5851899,0.996466194455952,-0.996466194455952,6,0.3676705965696916,0.9330141427409799,2022-11-14,0.8674329851800361,-0.996466194455952,0.6012475953585816,-0.50379785843986,-0.551681651777685,training
2022-11-14,Other / Unknown,9,3608887.432160001,50837347.73517995,0.0,3608887.432160001,50837347.73517995,54446235.16733995,17.812724280387272,-47228460.30301996,-0.8674329851800361,0.8674329851800361,6,-0.1005716717217067,0.8387003602863218,2022-11-21,0.8943372459800283,0.8674329851800361,-0.996466194455952,0.6012475953585816,-0.50379785843986,training
2022-11-21,Other / Unknown,9,3958427.339060002,70967261.9594,0.0,3958427.339060002,70967261.9594,74925689.29846,18.13200738431722,-67008834.62034,-0.8943372459800283,0.8943372459800283,6,-0.06247758388743233,0.8913707096674948,2022-11-28,0.8670585947710242,0.8943372459800283,0.8674329851800361,-0.996466194455952,0.6012475953585816,training
2022-11-28,Other / Unknown,9,3469057.105240004,48720207.770739965,0.0,3469057.105240004,48720207.770739965,52189264.87597997,17.770387397147413,-45251150.66549996,-0.8670585947710242,0.8670585947710242,6,-0.15545146872569923,0.4664582886312974,2022-12-05,0.7670790041327804,0.8670585947710242,0.8943372459800283,0.8674329851800361,-0.996466194455952,training
2022-12-05,Other / Unknown,10,15912851.21752998,120724476.45903,0.0,15912851.21752998,120724476.45903,136637327.67655995,18.732840737729703,-104811625.2415,-0.7670790041327804,0.7670790041327804,6,0.006676680246790526,0.6973305887381238,2022-12-12,-0.6403547770576008,0.7670790041327804,0.8670585947710242,0.8943372459800283,0.8674329851800361,training
2022-12-12,Other / Unknown,10,31583378.764300022,6924606.466740004,0.0,31583378.764300022,6924606.466740004,38507985.23104002,17.466376212318906,24658772.297560018,0.6403547770576008,-0.6403547770576008,6,0.05600426864208041,0.6453676615722694,2022-12-19,-0.7717449296800714,-0.6403547770576008,0.7670790041327804,0.8670585947710242,0.8943372459800283,training
2022-12-19,Other / Unknown,10,87738001.36485003,11303344.705989985,0.0,87738001.36485003,11303344.705989985,99041346.07084002,18.41104796808876,76434656.65886004,0.7717449296800714,-0.7717449296800714,6,0.00040848770967931653,0.9433813689673703,2022-12-26,-0.2581329408319663,-0.7717449296800714,-0.6403547770576008,0.7670790041327804,0.8670585947710242,training
2022-12-26,Other / Unknown,10,145328283.32069996,85693858.46441002,0.0,145328283.32069996,85693858.46441002,231022141.78511,19.258024120104757,59634424.85628994,0.2581329408319663,-0.2581329408319663,6,0.26068187033682017,0.4786918671745808,2023-01-02,-0.4203985190794649,-0.2581329408319663,-0.7717449296800714,-0.6403547770576008,0.7670790041327804,training
2023-01-02,Other / Unknown,10,18669572.423170008,7618222.406790004,0.0,18669572.423170008,7618222.406790004,26287794.82996001,17.08461535256591,11051350.016380005,0.4203985190794649,-0.4203985190794649,6,-0.11107986964065036,0.6778847702532775,2023-01-09,0.928461805160841,-0.4203985190794649,-0.2581329408319663,-0.7717449296800714,-0.6403547770576008,training
2023-01-09,Other / Unknown,10,3288004.81777,88635053.21193005,0.0,3288004.81777,88635053.21193005,91923058.02970006,18.336462470212343,-85347048.39416005,-0.928461805160841,0.928461805160841,6,-0.29537175000920457,0.7444711790451694,2023-01-16,0.8887542766931973,0.928461805160841,-0.4203985190794649,-0.2581329408319663,-0.7717449296800714,training
2023-01-16,Other / Unknown,10,3206588.030809992,54442154.50946,0.0,3206588.030809992,54442154.50946,57648742.54026999,17.869879009823794,-51235566.47865,-0.8887542766931973,0.8887542766931973,6,-0.002148402973200724,0.7043585763622936,2023-01-23,0.1032162562139335,0.8887542766931973,0.928461805160841,-0.4203985190794649,-0.2581329408319663,training
2023-01-23,Other / Unknown,10,30154064.713849995,37095291.49447004,0.0,30154064.713849995,37095291.49447004,67249356.20832004,18.023918018159947,-6941226.780620042,-0.1032162562139335,0.1032162562139335,6,0.005395037308700998,0.6373259268808941,2023-01-30,-0.0118044873943265,0.1032162562139335,0.8887542766931973,0.928461805160841,-0.4203985190794649,training
2023-01-30,Other / Unknown,10,25438437.61768004,24844868.959049974,0.0,25438437.61768004,24844868.959049974,50283306.57673001,17.73318372267167,593568.6586300656,0.0118044873943265,-0.0118044873943265,6,0.017022092945272342,0.5043556045677634,2023-02-06,-0.2210192966334049,-0.0118044873943265,0.1032162562139335,0.8887542766931973,0.928461805160841,training
2023-02-06,Other / Unknown,10,31775878.046670005,20272239.67642,0.0,31775878.046670005,20272239.67642,52048117.72309,17.767679208723447,11503638.370250007,0.2210192966334049,-0.2210192966334049,6,0.16909196667556536,0.554595583171326,2023-02-13,0.8516772256671978,-0.2210192966334049,-0.0118044873943265,0.1032162562139335,0.8887542766931973,training
2023-02-13,Other / Unknown,11,10047649.762290014,125435923.91662998,0.0,10047649.762290014,125435923.91662998,135483573.67892,18.724360970854512,-115388274.15433995,-0.8516772256671978,0.8516772256671978,6,-0.23869272215575582,0.6452013904554113,2023-02-20,-0.5517557530883626,0.8516772256671978,-0.2210192966334049,-0.0118044873943265,0.1032162562139335,training
2023-02-20,Other / Unknown,11,31192541.913149998,9010359.672449963,0.0,31192541.913149998,9010359.672449963,40202901.58559996,17.50944975460458,22182182.24070003,0.5517557530883626,-0.5517557530883626,6,0.07293218086598544,0.598419576080628,2023-02-27,-0.9069254275219925,-0.5517557530883626,0.8516772256671978,-0.2210192966334049,-0.0118044873943265,training
2023-02-27,Other / Unknown,12,46008499.98537997,2245615.5886800005,0.0,46008499.98537997,2245615.5886800005,48254115.57405997,17.691991699707028,43762884.39669997,0.9069254275219925,-0.9069254275219925,6,0.04244308827242077,0.5242094848472991,2023-03-06,-0.9744778803126994,-0.9069254275219925,-0.5517557530883626,0.8516772256671978,-0.2210192966334049,training
2023-03-06,Other / Unknown,12,437647650.92005,5657037.65994,0.0,437647650.92005,5657037.65994,443304688.57999,19.9097678784547,431990613.26011,0.9744778803126994,-0.9744778803126994,6,0.24492004971292325,0.9049002521305683,2023-03-13,0.866683427299524,-0.9744778803126994,-0.9069254275219925,-0.5517557530883626,0.8516772256671978,training
2023-03-13,Other / Unknown,12,14270068.204769991,199807865.4791499,0.0,14270068.204769991,199807865.4791499,214077933.6839199,19.181850687454386,-185537797.2743799,-0.866683427299524,0.866683427299524,6,-0.21007049150688853,0.8206757394687527,2023-03-20,-0.2366278452777415,0.866683427299524,-0.9744778803126994,-0.9069254275219925,-0.5517557530883626,training
2023-03-20,Other / Unknown,12,59038457.01567003,36444524.77407001,0.0,59038457.01567003,36444524.77407001,95482981.78974004,18.374458598889763,22593932.24160002,0.2366278452777415,-0.2366278452777415,6,0.10168888456678453,0.5872106634284673,2023-03-27,0.1013935553184371,-0.2366278452777415,0.866683427299524,-0.9744778803126994,-0.9069254275219925,training
2023-03-27,Other / Unknown,11,25609173.7567,31388355.93667999,0.0,25609173.7567,31388355.93667999,56997529.69337999,17.858518503691663,-5779182.179979987,-0.1013935553184371,0.1013935553184371,6,-0.10452054604775635,0.3274150359030039,2023-04-03,0.4244218935382181,0.1013935553184371,-0.2366278452777415,0.866683427299524,-0.9744778803126994,training
2023-04-03,Other / Unknown,12,26474972.68518001,65519397.45487999,0.0,26474972.68518001,65519397.45487999,91994370.14006,18.337237949881324,-39044424.769699976,-0.4244218935382181,0.4244218935382181,6,-0.08977944042996372,0.6265517095984164,2023-04-10,0.0792897501984461,0.4244218935382181,0.1013935553184371,-0.2366278452777415,0.866683427299524,training
2023-04-10,Other / Unknown,12,68643791.63031,80466727.43930002,0.0,68643791.63031,80466727.43930002,149110519.06961,18.82019833438617,-11822935.808990017,-0.0792897501984461,0.0792897501984461,6,-0.23604513623104045,0.3986473435283173,2023-04-17,-0.9578528447319784,0.0792897501984461,0.4244218935382181,0.1013935553184371,-0.2366278452777415,training
2023-04-17,Other / Unknown,12,309660731.4711701,6666138.859640004,0.0,309660731.4711701,6666138.859640004,316326870.3308101,19.572286639870708,302994592.6115301,0.9578528447319784,-0.9578528447319784,6,0.17119806726689815,0.7341010564387581,2023-04-24,0.7238029112878486,-0.9578528447319784,0.0792897501984461,0.4244218935382181,0.1013935553184371,training
2023-04-24,Other / Unknown,11,22347169.64876001,139473288.00313,0.0,22347169.64876001,139473288.00313,161820457.65188998,18.90199799867372,-117126118.35436998,-0.7238029112878486,0.7238029112878486,6,-0.17093024995582745,0.7311746500940023,2023-05-01,-0.2184074905082733,0.7238029112878486,-0.9578528447319784,0.0792897501984461,0.4244218935382181,training
2023-05-01,Other / Unknown,10,31375135.54426001,20126740.12325004,0.0,31375135.54426001,20126740.12325004,51501875.66751005,17.757128805115865,11248395.421009973,0.2184074905082733,-0.2184074905082733,6,-0.07807349936070143,0.3559903484666649,2023-05-08,-0.797560344169443,-0.2184074905082733,0.7238029112878486,-0.9578528447319784,0.0792897501984461,training
2023-05-08,Other / Unknown,10,71764847.64474003,8082093.658249997,0.0,71764847.64474003,8082093.658249997,79846941.30299002,18.19562213888008,63682753.98649003,0.797560344169443,-0.797560344169443,6,0.02112784095608391,0.3270738703333469,2023-05-15,0.2202088966386903,-0.797560344169443,-0.2184074905082733,0.7238029112878486,-0.9578528447319784,training
2023-05-15,Other / Unknown,13,22397815.31160001,35047865.243240006,0.0,22397815.31160001,35047865.243240006,57445680.55484002,17.866350390675503,-12650049.931639992,-0.2202088966386903,0.2202088966386903,6,0.09521829403091209,0.4380961326875535,2023-05-22,0.4679285970300676,0.2202088966386903,-0.797560344169443,-0.2184074905082733,0.7238029112878486,training
2023-05-22,Other / Unknown,14,14223558.795759998,39241290.908119984,0.0,14223558.795759998,39241290.908119984,53464849.70387998,17.794534999760504,-25017732.112359986,-0.4679285970300676,0.4679285970300676,6,-0.028434057704296377,0.42397356885770004,2023-05-29,0.2864211171935162,0.4679285970300676,0.2202088966386903,-0.797560344169443,-0.2184074905082733,training
2023-05-29,Other / Unknown,13,15102501.734360011,27226390.272540014,0.0,15102501.734360011,27226390.272540014,42328892.00690003,17.56098046065267,-12123888.538180009,-0.2864211171935162,0.2864211171935162,6,0.03658942419403155,0.34901026269406543,2023-06-05,-0.7197218646418988,0.2864211171935162,0.4679285970300676,0.2202088966386903,-0.797560344169443,training
2023-06-05,Other / Unknown,13,265660281.83243015,43296983.05383,0.0,265660281.83243015,43296983.05383,308957264.8862601,19.54871352719524,222363298.7786002,0.7197218646418988,-0.7197218646418988,6,0.11865665934984297,0.7412636911135362,2023-06-12,-0.2397519061020409,-0.7197218646418988,0.2864211171935162,0.4679285970300676,0.2202088966386903,training
2023-06-12,Other / Unknown,13,36398022.33878,22320213.397950005,0.0,36398022.33878,22320213.397950005,58718235.73673001,17.888260913494232,14077808.940829996,0.2397519061020409,-0.2397519061020409,6,0.05385211658871209,0.6744630474352756,2023-06-19,0.7038505791578006,-0.2397519061020409,-0.7197218646418988,0.2864211171935162,0.4679285970300676,training
2023-06-19,Other / Unknown,12,19368780.035879992,111435325.41061002,0.0,19368780.035879992,111435325.41061002,130804105.44649002,18.68921139134541,-92066545.37473002,-0.7038505791578006,0.7038505791578006,6,-0.2922388006112602,0.550941241907847,2023-06-26,0.6689759036664243,0.7038505791578006,-0.2397519061020409,-0.7197218646418988,0.2864211171935162,training
2023-06-26,Other / Unknown,13,10551614.969150014,53199725.70978996,0.0,10551614.969150014,53199725.70978996,63751340.678939976,17.970500787725502,-42648110.74063995,-0.6689759036664243,0.6689759036664243,6,-0.1378552577190809,0.4617101721603539,2023-07-03,0.0946121462934267,0.6689759036664243,0.7038505791578006,-0.2397519061020409,-0.7197218646418988,training
2023-07-03,Other / Unknown,13,42490480.52965001,51370907.94755996,0.0,42490480.52965001,51370907.94755996,93861388.47720996,18.357329671941518,-8880427.41790995,-0.0946121462934267,0.0946121462934267,6,0.05192479887928754,0.45873710229392195,2023-07-10,0.826569890705627,0.0946121462934267,0.6689759036664243,0.7038505791578006,-0.2397519061020409,training
2023-07-10,Other / Unknown,13,9947586.427329984,104768208.51512,0.0,9947586.427329984,104768208.51512,114715794.94245,18.557968287896276,-94820622.08779,-0.826569890705627,0.826569890705627,6,-0.11837486732543834,0.6409958883890057,2023-07-17,-0.7498738512033212,0.826569890705627,0.0946121462934267,0.6689759036664243,0.7038505791578006,training
2023-07-17,Other / Unknown,14,132576532.74753,18950427.50319001,0.0,132576532.74753,18950427.50319001,151526960.25072002,18.836274129131287,113626105.24434,0.7498738512033212,-0.7498738512033212,6,0.22268019754544188,0.7609970882627645,2023-07-24,-0.15762334008919,-0.7498738512033212,0.826569890705627,0.0946121462934267,0.6689759036664243,training
2023-07-24,Other / Unknown,16,28166368.64331001,20496037.629769992,0.0,28166368.64331001,20496037.629769992,48662406.273080006,17.70041736538822,7670331.013540022,0.15762334008919,-0.15762334008919,6,-0.010722189701626484,0.575040257438687,2023-07-31,0.3933900241959991,-0.15762334008919,-0.7498738512033212,0.826569890705627,0.0946121462934267,training
2023-07-31,Other / Unknown,16,46488984.55692003,106785727.07406998,0.0,46488984.55692003,106785727.07406998,153274711.63099,18.84774237675229,-60296742.51714995,-0.3933900241959991,0.3933900241959991,6,-0.0955981871583199,0.651399060385003,2023-08-07,0.8370603843849796,0.3933900241959991,-0.15762334008919,-0.7498738512033212,0.826569890705627,training
2023-08-07,Other / Unknown,17,10978477.704789994,123776691.11467004,0.0,10978477.704789994,123776691.11467004,134755168.81946003,18.71897013302455,-112798213.40988004,-0.8370603843849796,0.8370603843849796,6,0.16540180627202186,0.7625182792997266,2023-08-14,-0.6100475403130845,0.8370603843849796,0.3933900241959991,-0.15762334008919,-0.7498738512033212,training
2023-08-14,Other / Unknown,18,72513867.32945003,17562811.170799997,0.0,72513867.32945003,17562811.170799997,90076678.50025004,18.316171860000512,54951056.158650026,0.6100475403130845,-0.6100475403130845,6,0.14834140691295325,0.3191949851102078,2023-08-21,-0.2362610201334164,-0.6100475403130845,0.8370603843849796,0.3933900241959991,-0.15762334008919,training
2023-08-21,Other / Unknown,18,117230141.95753004,72422593.26319002,0.0,117230141.95753004,72422593.26319002,189652735.22072005,19.0607052537342,44807548.69434004,0.2362610201334164,-0.2362610201334164,6,0.030725624686461544,0.798995700719128,2023-08-28,-0.3946143908733349,-0.2362610201334164,-0.6100475403130845,0.8370603843849796,0.3933900241959991,training
2023-08-28,Other / Unknown,18,60033590.64226999,26059871.51493001,0.0,60033590.64226999,26059871.51493001,86093462.1572,18.27094404499661,33973719.12733999,0.3946143908733349,-0.3946143908733349,6,-0.08391301570324405,0.7119034500810622,2023-09-04,-0.0797140745169503,-0.3946143908733349,-0.2362610201334164,-0.6100475403130845,0.8370603843849796,training
2023-09-04,Other / Unknown,19,28580529.37098999,24360392.75929999,0.0,28580529.37098999,24360392.75929999,52940922.13028998,17.784687191904176,4220136.61169,0.0797140745169503,-0.0797140745169503,5,-0.2513807685495831,0.3906823371165386,2023-09-11,-0.1598892644264207,-0.0797140745169503,-0.3946143908733349,-0.2362610201334164,-0.6100475403130845,training
2023-09-11,Other / Unknown,19,32486932.52644,23530367.612130005,0.0,32486932.52644,23530367.612130005,56017300.13857001,17.841171149887575,8956564.914309997,0.1598892644264207,-0.1598892644264207,5,0.059452611365871266,0.3886873573397046,2023-09-18,-0.4941438641471975,-0.1598892644264207,-0.0797140745169503,-0.3946143908733349,-0.2362610201334164,training
2023-09-18,Other / Unknown,21,34204992.56868002,11580414.565729989,0.0,34204992.56868002,11580414.565729989,45785407.13441001,17.63947599863538,22624578.002950028,0.4941438641471975,-0.4941438641471975,5,0.07761426691011246,0.2771923839740813,2023-09-25,0.3108955545401579,-0.4941438641471975,-0.1598892644264207,-0.0797140745169503,-0.3946143908733349,training
2023-09-25,Other / Unknown,25,45264562.24527,86107576.02345,0.0,45264562.24527,86107576.02345,131372138.26872,18.693544611614847,-40843013.77818,-0.3108955545401579,0.3108955545401579,5,-0.21392783372630794,0.5536526009800681,2023-10-02,-0.1623323745183309,0.3108955545401579,-0.4941438641471975,-0.1598892644264207,-0.0797140745169503,training
2023-10-02,Other / Unknown,27,35494489.34297,25580105.361800004,0.0,35494489.34297,25580105.361800004,61074594.70477,17.92760655543443,9914383.981169997,0.1623323745183309,-0.1623323745183309,5,0.2307302419383976,0.3194463173289795,2023-10-09,-0.7046420425654748,-0.1623323745183309,0.3108955545401579,-0.4941438641471975,-0.1598892644264207,training
2023-10-09,Other / Unknown,31,68071849.60578,11794594.968510007,0.0,68071849.60578,11794594.968510007,79866444.57429,18.19586636726514,56277254.63727,0.7046420425654748,-0.7046420425654748,5,0.28990545677328255,0.49456435182189207,2023-10-16,-0.5645376094603141,-0.7046420425654748,-0.1623323745183309,0.3108955545401579,-0.4941438641471975,training
2023-10-16,Other / Unknown,37,82663723.25081,23008039.12929,0.0,82663723.25081,23008039.12929,105671762.3801,18.475848275891305,59655684.12152,0.5645376094603141,-0.5645376094603141,5,-0.1603897951187763,0.582192059339199,2023-10-23,0.796684913929006,-0.5645376094603141,-0.7046420425654748,-0.1623323745183309,0.3108955545401579,training
2023-10-23,Other / Unknown,40,10889853.428999994,96233072.26671006,0.0,10889853.428999994,96233072.26671006,107122925.69571003,18.48948758062921,-85343218.83771007,-0.796684913929006,0.796684913929006,6,-0.13882965821852855,0.4571222070372569,2023-10-30,0.735336961147393,0.796684913929006,-0.5645376094603141,-0.7046420425654748,-0.1623323745183309,training
2023-10-30,Other / Unknown,46,16805347.104769994,110188941.01060998,0.0,16805347.104769994,110188941.01060998,126994288.11537996,18.65965267581636,-93383593.90584,-0.735336961147393,0.735336961147393,6,-0.06864872867925395,0.4174860320812061,2023-11-06,0.6533143020137598,0.735336961147393,0.796684913929006,-0.5645376094603141,-0.7046420425654748,training
2023-11-06,Other / Unknown,55,41348218.51074,197186100.90835,0.0,41348218.51074,197186100.90835,238534319.41909,19.29002375906816,-155837882.39761,-0.6533143020137598,0.6533143020137598,6,-0.21450145590766442,0.34383031764950633,2023-11-13,0.060091272407315,0.6533143020137598,0.735336961147393,0.796684913929006,-0.5645376094603141,training
2023-11-13,Other / Unknown,58,36977704.19542,41705902.22268001,0.0,36977704.19542,41705902.22268001,78683606.4181,18.180945399672776,-4728198.027260013,-0.060091272407315,0.060091272407315,6,0.11277182634385237,0.31493800980010556,2023-11-20,0.6655918588411383,0.060091272407315,0.6533143020137598,0.735336961147393,0.796684913929006,training
2023-11-20,Other / Unknown,60,21209474.63735,105638362.04419994,0.0,21209474.63735,105638362.04419994,126847836.68154994,18.658498797601368,-84428887.40684995,-0.6655918588411383,0.6655918588411383,6,0.044433636512283575,0.36924077026555724,2023-11-27,0.2342443405924688,0.6655918588411383,0.060091272407315,0.6533143020137598,0.735336961147393,training
2023-11-27,Other / Unknown,60,46159352.13778,74399605.72481997,0.0,46159352.13778,74399605.72481997,120558957.86259995,18.60764947640083,-28240253.58703997,-0.2342443405924688,0.2342443405924688,6,0.009754630132392014,0.26097580930482406,2023-12-04,0.377724730583113,0.2342443405924688,0.6655918588411383,0.060091272407315,0.6533143020137598,training
2023-12-04,Other / Unknown,60,63049970.2243,139593372.11318994,0.0,63049970.2243,139593372.11318994,202643342.33748996,19.126958062423533,-76543401.88888994,-0.377724730583113,0.377724730583113,6,-0.09270026961040725,0.31547755200969235,2023-12-11,-0.5017394204731994,0.377724730583113,0.2342443405924688,0.6655918588411383,0.060091272407315,training
2023-12-11,Other / Unknown,61,160542502.22301006,53266231.88137001,1094795.3512500003,159447706.87176007,52171436.53012001,213808734.10438007,19.18059241214896,107276270.34164006,0.5017394204731994,-0.5017394204731994,6,0.08680398591294125,0.341105736230889,2023-12-18,-0.0084336305574432,-0.5017394204731994,0.377724730583113,0.2342443405924688,0.6655918588411383,training
2023-12-18,Other / Unknown,64,102172403.87179,100463447.95974998,3957612.653980002,98214791.21781,96505835.30576998,202635851.83154,19.126921097753144,1708955.912040025,0.0084336305574432,-0.0084336305574432,6,0.07796360641016356,0.27031750272675725,2023-12-25,-0.6636122117011044,-0.0084336305574432,-0.5017394204731994,0.377724730583113,0.2342443405924688,training
2023-12-25,Other / Unknown,65,116534376.60892,23563629.15139998,628128.1276699994,115906248.48125,22935501.02372998,140098005.76031998,18.757852783942077,92970747.45752,0.6636122117011044,-0.6636122117011044,6,0.13346637830543773,0.3523655443342344,2024-01-01,-0.5683919765100263,-0.6636122117011044,-0.0084336305574432,-0.5017394204731994,0.377724730583113,validation
2024-01-01,Other / Unknown,65,135151419.43502998,37192511.74953,3586968.74108,131564450.69394998,33605543.008449994,172343931.18455997,18.96500264395149,97958907.6855,0.5683919765100263,-0.5683919765100263,6,0.03529463656044324,0.3336948508137555,2024-01-08,0.0619352726959533,-0.5683919765100263,-0.6636122117011044,-0.0084336305574432,-0.5017394204731994,validation
2024-01-08,Other / Unknown,66,159308882.81953,180345467.63745,18372466.20291,140936416.61662,161973001.43453997,339654350.45698,19.643439045110803,-21036584.81791997,-0.0619352726959533,0.0619352726959533,6,-0.007294557600212748,0.33463867524070007,2024-01-15,-0.7362709726001477,0.0619352726959533,-0.5683919765100263,-0.6636122117011044,-0.0084336305574432,validation
2024-01-15,Other / Unknown,66,302154372.5923101,45895416.13372,1022857.5209600012,301131515.0713501,44872558.61275999,348049788.72603005,19.667856101430026,256258956.4585901,0.7362709726001477,-0.7362709726001477,6,-0.059602670133549425,0.4618431795799094,2024-01-22,-0.4112872062317959,-0.7362709726001477,0.0619352726959533,-0.5683919765100263,-0.6636122117011044,validation
2024-01-22,Other / Unknown,66,313898573.04832995,130941529.89068,6411679.214839997,307486893.83348995,124529850.67584,444840102.93901,19.91322545856971,182957043.15764996,0.4112872062317959,-0.4112872062317959,6,0.010710488341436925,0.3972482478490239,2024-01-29,-0.7058528631511465,-0.4112872062317959,-0.7362709726001477,0.0619352726959533,-0.5683919765100263,validation
2024-01-29,Other / Unknown,70,673717232.0360001,116171798.35958996,2738562.788039992,670978669.2479601,113433235.57154997,789889030.3955901,20.487403026971126,557545433.6764102,0.7058528631511465,-0.7058528631511465,6,-0.06584096160868151,0.46882617857573705,2024-02-05,-0.7252029548289546,-0.7058528631511465,-0.4112872062317959,-0.7362709726001477,0.0619352726959533,validation
2024-02-05,Other / Unknown,72,1294533356.9228802,206198314.44296995,8810745.192439994,1285722611.73044,197387569.25052997,1500731671.3658502,21.12921860770505,1088335042.47991,0.7252029548289546,-0.7252029548289546,5,0.3343243334278492,0.4577837935102119,2024-02-12,-0.6002262676741228,-0.7252029548289546,-0.7058528631511465,-0.4112872062317959,-0.7362709726001477,validation
2024-02-12,Other / Unknown,73,683417817.9424998,170733662.69258004,9287138.56927,674130679.3732297,161446524.12331003,854151480.6350799,20.56561911498685,512684155.2499197,0.6002262676741228,-0.6002262676741228,5,0.36517260947488756,0.4335097427093875,2024-02-19,-0.7184038865098351,-0.6002262676741228,-0.7252029548289546,-0.7058528631511465,-0.4112872062317959,validation
2024-02-19,Other / Unknown,73,659284219.0397902,108037391.68914,4274530.495240003,655009688.5445502,103762861.1939,767321610.7289301,20.45841658269537,551246827.3506502,0.7184038865098351,-0.7184038865098351,6,0.21297820191299852,0.52784952166809,2024-02-26,-0.5779950003205281,-0.7184038865098351,-0.6002262676741228,-0.7252029548289546,-0.7058528631511465,validation
2024-02-26,Other / Unknown,75,1137103395.6989703,304096855.84555,3706872.4575999975,1133396523.2413702,300389983.38795,1441200251.5445204,21.08874211207031,833006539.8534203,0.5779950003205281,-0.5779950003205281,6,0.40649250271110626,0.4709973083718284,2024-03-04,-0.7101918443258645,-0.5779950003205281,-0.7184038865098351,-0.6002262676741228,-0.7252029548289546,validation
2024-03-04,Other / Unknown,76,1213626427.8367198,205660457.27307996,3058707.9308800045,1210567719.9058397,202601749.34219992,1419286885.1097996,21.07342038953808,1007965970.56364,0.7101918443258645,-0.7101918443258645,6,0.4402538038564334,0.487104935868622,2024-03-11,-0.511838914041086,-0.7101918443258645,-0.5779950003205281,-0.7184038865098351,-0.6002262676741228,validation
2024-03-11,Other / Unknown,76,1443331306.3316996,466040509.57655984,15383407.35708,1427947898.9746196,450657102.2194799,1909371815.9082596,21.370040133237158,977290796.7551398,0.511838914041086,-0.511838914041086,5,-0.19096934904457924,0.49016269653153705,2024-03-18,-0.1301740218775545,-0.511838914041086,-0.7101918443258645,-0.5779950003205281,-0.7184038865098351,validation
2024-03-18,Other / Unknown,75,782263561.7835597,602060527.4995893,13301405.38894,768962156.3946197,588759122.1106493,1384324089.283149,21.048477836008274,180203034.2839704,0.1301740218775545,-0.1301740218775545,5,-0.05014718682038029,0.47637915312749496,2024-03-25,-0.8422068390920259,-0.1301740218775545,-0.511838914041086,-0.7101918443258645,-0.5779950003205281,validation
2024-03-25,Other / Unknown,78,1608645189.4141302,137787572.94276997,6569739.690370002,1602075449.72376,131217833.25239997,1746432762.3569002,21.280841123535318,1470857616.4713602,0.8422068390920259,-0.8422068390920259,6,0.4431975649717247,0.7511167397352735,2024-04-01,-0.6222128877364868,-0.8422068390920259,-0.1301740218775545,-0.511838914041086,-0.7101918443258645,validation
2024-04-01,Other / Unknown,79,1088765697.7478502,253555900.08759984,1460275.7864500023,1087305421.9614005,252095624.30114985,1342321597.83545,21.01766648824359,835209797.6602503,0.6222128877364868,-0.6222128877364868,5,-0.22619251476822755,0.5078319768878042,2024-04-08,-0.117306603643772,-0.6222128877364868,-0.8422068390920259,-0.1301740218775545,-0.511838914041086,validation
2024-04-08,Other / Unknown,80,1048153518.69782,828061148.3945801,10976771.65416,1037176747.04366,817084376.7404201,1876214667.0924,21.35252210960467,220092370.30323997,0.117306603643772,-0.117306603643772,5,-0.16700686131205075,0.321162434880546,2024-04-15,-0.3728438805307684,-0.117306603643772,-0.6222128877364868,-0.8422068390920259,-0.1301740218775545,validation
2024-04-15,Other / Unknown,84,670850588.90788,306464601.00070006,45777179.33728002,625073409.5705999,260687421.66342,977315189.90858,20.700319768940005,364385987.9071799,0.3728438805307684,-0.3728438805307684,6,0.0043563514707049555,0.36397656606820095,2024-04-22,-0.6454586056435789,-0.3728438805307684,-0.117306603643772,-0.6222128877364868,-0.8422068390920259,validation
2024-04-22,Other / Unknown,85,851770962.4024205,183528205.23512965,14861921.76408998,836909040.6383306,168666283.47103968,1035299167.63755,20.757956273720037,668242757.1672909,0.6454586056435789,-0.6454586056435789,6,0.0351536071404171,0.31533765574493916,2024-04-29,0.1371825184058392,-0.6454586056435789,-0.3728438805307684,-0.117306603643772,-0.6222128877364868,validation
2024-04-29,Other / Unknown,85,549842234.44195,724685104.5870397,53830586.0476,496011648.39434993,670854518.5394397,1274527339.0289898,20.96584123312273,-174842870.14508975,-0.1371825184058392,0.1371825184058392,6,-0.17801493567119703,0.5082186247703492,2024-05-06,0.3576844600582506,0.1371825184058392,-0.6454586056435789,-0.3728438805307684,-0.117306603643772,validation
2024-05-06,Other / Unknown,84,395833833.5194002,836687595.2951597,57749453.78988999,338084379.72951025,778938141.5052698,1232521428.81456,20.93232785100344,-440853761.77575946,-0.3576844600582506,0.3576844600582506,6,-0.2997563863497718,0.38304750789727676,2024-05-13,-0.6974086385259719,0.3576844600582506,0.1371825184058392,-0.6454586056435789,-0.3728438805307684,validation
2024-05-13,Other / Unknown,87,1380751836.0612996,246142012.27017012,6413676.205270034,1374338159.8560295,239728336.06490013,1626893848.3314698,21.209938419865864,1134609823.7911294,0.6974086385259719,-0.6974086385259719,6,0.19161027367824074,0.6317868945249174,2024-05-20,-0.696683687803348,-0.6974086385259719,0.3576844600582506,0.1371825184058392,-0.6454586056435789,validation
2024-05-20,Other / Unknown,91,3261331735.9131594,583028599.9082102,69550086.37585002,3191781649.537309,513478513.53236014,3844360335.8213696,22.069873063729126,2678303136.004949,0.696683687803348,-0.696683687803348,6,0.6046144853295586,0.6493747186651068,2024-05-27,-0.5262257505519806,-0.696683687803348,-0.6974086385259719,0.3576844600582506,0.1371825184058392,validation
2024-05-27,Other / Unknown,92,925551748.7909602,287311745.95249003,44562668.80151002,880989079.9894502,242749077.15098,1212863494.7434502,20.916249926151654,638240002.8384702,0.5262257505519806,-0.5262257505519806,6,-0.07540033087675162,0.5985729131982847,2024-06-03,-0.4026179821220259,-0.5262257505519806,-0.696683687803348,-0.6974086385259719,0.3576844600582506,validation
2024-06-03,Other / Unknown,93,781235487.0626401,332732103.57199025,21169039.42273001,760066447.6399101,311563064.1492602,1113967590.6346302,20.831193886138408,448503383.4906498,0.4026179821220259,-0.4026179821220259,6,0.061798273466369014,0.6394668786237994,2024-06-10,-0.076239818678178,-0.4026179821220259,-0.5262257505519806,-0.696683687803348,-0.6974086385259719,validation
2024-06-10,Other / Unknown,94,607685028.5852102,521589354.3893206,30578793.42833001,577106235.1568801,491010560.9609906,1129274382.9745307,20.844841125336067,86095674.19588959,0.076239818678178,-0.076239818678178,6,-0.20810503516711548,0.41998707571211,2024-06-17,-0.2095873414115568,-0.076239818678178,-0.4026179821220259,-0.5262257505519806,-0.696683687803348,validation
2024-06-17,Other / Unknown,95,445939290.3916307,291401908.7502704,2397080.353999984,443542210.03763074,289004828.3962704,737341199.141901,20.418561301151684,154537381.64136034,0.2095873414115568,-0.2095873414115568,6,-0.29029071507399434,0.3514795218628113,2024-06-24,0.0139055312554722,-0.2095873414115568,-0.076239818678178,-0.4026179821220259,-0.5262257505519806,validation
2024-06-24,Other / Unknown,97,786046942.02778,808216015.4118992,13650247.31418,772396694.7136,794565768.0977192,1594262957.4396791,21.18967737136227,-22169073.384119157,-0.0139055312554722,0.0139055312554722,6,-0.18480435282256502,0.36343584067065715,2024-07-01,0.691389035622332,0.0139055312554722,-0.2095873414115568,-0.076239818678178,-0.4026179821220259,validation
2024-07-01,Other / Unknown,97,429318665.8179599,2352945837.8668394,39992070.39589998,389326595.4220599,2312953767.47094,2782264503.684799,21.746531003097346,-1923627172.04888,-0.691389035622332,0.691389035622332,6,-0.5197572770412286,0.5742894990041518,2024-07-08,-0.5338992546586401,0.691389035622332,0.0139055312554722,-0.2095873414115568,-0.076239818678178,validation
2024-07-08,Other / Unknown,99,1296146575.9130692,393855648.1267602,11309362.122170003,1284837213.7908993,382546286.0045902,1690002224.0398295,21.24799568247214,902290927.786309,0.5338992546586401,-0.5338992546586401,6,0.4452790192614108,0.5358706646635498,2024-07-15,-0.5858188092446216,-0.5338992546586401,0.691389035622332,0.0139055312554722,-0.2095873414115568,validation
2024-07-15,Other / Unknown,99,1960228051.0683503,511968696.3041599,79490946.22833,1880737104.8400204,432477750.07582986,2472196747.37251,21.628372964140254,1448259354.7641904,0.5858188092446216,-0.5858188092446216,6,0.26156446867220895,0.42009028919831337,2024-07-22,0.5445889557221677,-0.5858188092446216,-0.5338992546586401,0.691389035622332,0.0139055312554722,validation
2024-07-22,Other / Unknown,101,338457608.92451006,1147925355.1128197,37327906.616219975,301129702.30829006,1110597448.4965997,1486382964.0373297,21.1196114654074,-809467746.1883097,-0.5445889557221677,0.5445889557221677,6,-0.3589318208375812,0.5825694386380122,2024-07-29,0.5319913859271868,0.5445889557221677,-0.5858188092446216,-0.5338992546586401,0.691389035622332,validation
2024-07-29,Other / Unknown,104,678092207.2859199,2219684401.50283,135528467.3196,542563739.9663199,2084155934.18323,2897776608.7887497,21.787209593604864,-1541592194.21691,-0.5319913859271868,0.5319913859271868,6,-0.5381380196027723,0.524698397934372,2024-08-05,0.6126090813994673,0.5319913859271868,0.5445889557221677,-0.5858188092446216,-0.5338992546586401,validation
2024-08-05,Other / Unknown,133,237677489.70656,989390457.9117308,52048240.08931,185629249.61725003,937342217.8224208,1227067947.618291,20.92789337898891,-751712968.2051709,-0.6126090813994673,0.6126090813994673,6,0.004950130513040302,0.5366736542227689,2024-08-12,-0.1635066544232008,0.6126090813994673,0.5319913859271868,0.5445889557221677,-0.5858188092446216,validation
2024-08-12,Other / Unknown,160,678607930.7853502,487879477.2677901,8885652.590780007,669722278.1945702,478993824.6770101,1166487408.0531404,20.87726285558537,190728453.5175601,0.1635066544232008,-0.1635066544232008,6,0.24023830098143048,0.38533424148634277,2024-08-19,-0.1844952785617411,-0.1635066544232008,0.6126090813994673,0.5319913859271868,0.5445889557221677,validation
2024-08-19,Other / Unknown,179,1218265840.04762,838755174.8894498,17634112.519169994,1200631727.52845,821121062.3702798,2057021014.93707,21.44452466435506,379510665.1581702,0.1844952785617411,-0.1844952785617411,6,0.23737234607862412,0.3603471032254831,2024-08-26,0.4577995207277703,-0.1844952785617411,-0.1635066544232008,0.6126090813994673,0.5319913859271868,validation
2024-08-26,Other / Unknown,211,749175486.7637303,2014287532.5582504,51890634.11371,697284852.6500202,1962396898.4445405,2763463019.3219805,21.73975044768324,-1265112045.79452,-0.4577995207277703,0.4577995207277703,6,-0.3625814598329324,0.34685114687201735,2024-09-02,0.4631075940208018,0.4577995207277703,-0.1844952785617411,-0.1635066544232008,0.6126090813994673,validation
2024-09-02,Other / Unknown,231,428631033.48531,1168080071.8005311,35722215.249469995,392908818.23584,1132357856.5510612,1596711105.2858412,21.191211792060678,-739449038.3152211,-0.4631075940208018,0.4631075940208018,6,-0.2730209683678262,0.33282770914622595,2024-09-09,-0.566411006167285,0.4631075940208018,0.4577995207277703,-0.1844952785617411,-0.1635066544232008,validation
2024-09-09,Other / Unknown,254,1372022532.4227812,379781466.6819799,10010206.064069988,1362012326.3587112,369771260.6179099,1751803999.1047611,21.28391195111614,992241065.7408012,0.566411006167285,-0.566411006167285,6,0.19032853038866218,0.2820584378784008,2024-09-16,-0.4282107087098969,-0.566411006167285,0.4631075940208018,0.4577995207277703,-0.1844952785617411,validation
2024-09-16,Other / Unknown,266,3044475487.3756704,1218866705.4941,18484986.28860001,3025990501.0870705,1200381719.2055,4263342192.86977,22.173319242178803,1825608781.8815703,0.4282107087098969,-0.4282107087098969,6,0.26890219462068465,0.38172975082966126,2024-09-23,-0.1418220076570876,-0.4282107087098969,-0.566411006167285,0.4631075940208018,0.4577995207277703,validation
2024-09-23,Other / Unknown,286,1474635646.5973792,1108316226.3012595,36003123.87818001,1438632522.7191992,1072313102.4230796,2582951872.8986387,21.67219871902384,366319420.2961197,0.1418220076570876,-0.1418220076570876,6,0.045990543840521425,0.2553225487390537,2024-09-30,0.4451063777038886,-0.1418220076570876,-0.4282107087098969,-0.566411006167285,0.4631075940208018,validation
2024-09-30,Other / Unknown,303,995347230.2379698,2592177261.8233805,97898638.63500996,897448591.6029598,2494278623.1883707,3587524492.0613503,22.00072824534302,-1596830031.5854106,-0.4451063777038886,0.4451063777038886,6,-0.10892927210988523,0.26284050239365275,2024-10-07,-0.2562585033112602,0.4451063777038886,-0.1418220076570876,-0.4282107087098969,-0.566411006167285,validation
2024-10-07,Other / Unknown,324,1548884408.02976,916984525.7083092,77130898.31862003,1471753509.7111402,839853627.3896892,2465868933.738069,21.625810091345887,631899882.3214508,0.2562585033112602,-0.2562585033112602,6,-0.0003668203538314957,0.28118716110178854,2024-10-14,-0.4195864019510947,-0.2562585033112602,0.4451063777038886,-0.1418220076570876,-0.4282107087098969,validation
2024-10-14,Other / Unknown,339,2644439806.5854387,1081208456.8114104,106341817.81449002,2538097988.770949,974866638.9969203,3725648263.396849,22.03850670434691,1563231349.7740283,0.4195864019510947,-0.4195864019510947,6,0.24494052307186778,0.30434827554452637,2024-10-21,0.4855931823508572,-0.4195864019510947,-0.2562585033112602,0.4451063777038886,-0.1418220076570876,validation
2024-10-21,Other / Unknown,372,1210342344.9586096,3495436441.138809,51762991.99871003,1158579352.9598997,3443673449.140099,4705778786.097419,22.272057119580104,-2285094096.1802,-0.4855931823508572,0.4855931823508572,6,-0.2224309730998852,0.3345512117018082,2024-10-28,-0.1331171054452519,0.4855931823508572,-0.4195864019510947,-0.2562585033112602,0.4451063777038886,validation
2024-10-28,Other / Unknown,398,1479688366.4319005,1132024684.7985198,85676939.56785995,1394011426.8640404,1046347745.23066,2611713051.23042,21.68327218483364,347663681.6333804,0.1331171054452519,-0.1331171054452519,6,-0.055002406444713256,0.2718343533963746,2024-11-04,-0.337685727301192,-0.1331171054452519,0.4855931823508572,-0.4195864019510947,-0.2562585033112602,validation
2024-11-04,Other / Unknown,417,6135341413.848512,3037727100.8715897,298975650.62517995,5836365763.223331,2738751450.24641,9173068514.7201,22.939537692727637,3097614312.976922,0.337685727301192,-0.337685727301192,6,0.2650573490341742,0.2856643757486003,2024-11-11,-0.1256939618616289,-0.337685727301192,-0.1331171054452519,0.4855931823508572,-0.4195864019510947,validation
2024-11-11,Other / Unknown,446,3868816539.150901,3004839481.44781,461491832.14461017,3407324707.0062904,2543347649.3032,6873656020.598711,22.65096197362136,863977057.7030902,0.1256939618616289,-0.1256939618616289,6,0.23791204330866494,0.2611181608353842,2024-11-18,-0.1602717949362544,-0.1256939618616289,-0.337685727301192,-0.1331171054452519,0.4855931823508572,validation
2024-11-18,Other / Unknown,476,5110717530.925442,3698800296.242331,532801524.4505,4577916006.474941,3165998771.791831,8809517827.167772,22.899098545336344,1411917234.6831107,0.1602717949362544,-0.1602717949362544,6,0.14370066208193413,0.2590961295181872,2024-11-25,-0.2325283940799573,-0.1602717949362544,-0.1256939618616289,-0.337685727301192,-0.1331171054452519,validation
2024-11-25,Other / Unknown,513,4437420610.191958,2763096037.547179,423982457.20133,4013438152.990628,2339113580.345849,7200516647.739138,22.69741861716335,1674324572.6447792,0.2325283940799573,-0.2325283940799573,6,0.07423454974472349,0.25883785372739787,2024-12-02,0.0618877203744905,-0.2325283940799573,-0.1602717949362544,-0.1256939618616289,-0.337685727301192,validation
2024-12-02,Other / Unknown,535,4314286038.110818,4883517107.229233,258532123.4600502,4055753914.650768,4624984983.769182,9197803145.34005,22.942230504045607,-569231069.1184149,-0.0618877203744905,0.0618877203744905,6,0.02016942802814184,0.22393563932042043,2024-12-09,-0.3517947637330934,0.0618877203744905,-0.2325283940799573,-0.1602717949362544,-0.1256939618616289,validation
2024-12-09,Other / Unknown,560,5553291713.49382,2662884088.4569798,230675184.90396005,5322616528.58986,2432208903.553019,8216175801.9508,22.82937070697651,2890407625.036841,0.3517947637330934,-0.3517947637330934,6,0.0593860805308488,0.2581179190913023,2024-12-16,0.1027853050514359,-0.3517947637330934,0.0618877203744905,-0.2325283940799573,-0.1602717949362544,validation
2024-12-16,Other / Unknown,599,5566065706.44235,6841367515.015183,636177993.2082304,4929887713.23412,6205189521.806953,12407433221.457537,23.241561583380964,-1275301808.572833,-0.1027853050514359,0.1027853050514359,6,-0.08681519710791871,0.24195512578184597,2024-12-23,-0.1131434746398281,0.1027853050514359,-0.3517947637330934,0.0618877203744905,-0.2325283940799573,validation
2024-12-23,Other / Unknown,617,3196475886.196388,2546675754.216629,481083454.68932986,2715392431.507057,2065592299.5273,5743151640.413017,22.47127396304432,649800131.9797578,0.1131434746398281,-0.1131434746398281,6,0.029632899129066165,0.25328603649707176,2024-12-30,-0.0530314390180648,-0.1131434746398281,0.1027853050514359,-0.3517947637330934,0.0618877203744905,validation
2024-12-30,Other / Unknown,627,4427633409.030001,3981675648.558439,414369158.09056,4013264250.9394407,3567306490.467879,8409309057.58844,22.85260515043234,445957760.4715619,0.0530314390180648,-0.0530314390180648,6,0.11306353749036958,0.23156550089885022,2025-01-06,0.094726132596862,-0.0530314390180648,-0.1131434746398281,0.1027853050514359,-0.3517947637330934,test
2025-01-06,Other / Unknown,659,3600316670.79214,4353777223.7328005,307436626.2898302,3292880044.50231,4046340597.44297,7954093894.5249405,22.79695258848056,-753460552.9406605,-0.094726132596862,0.094726132596862,6,-0.06878333011853843,0.22817514342341538,2025-01-13,-0.2312889803577792,0.094726132596862,-0.0530314390180648,-0.1131434746398281,0.1027853050514359,test
2025-01-13,Other / Unknown,680,5830496900.829315,3640061179.10271,475349428.05522,5355147472.774096,3164711751.0474896,9470558079.932026,22.971453673868623,2190435721.7266054,0.2312889803577792,-0.2312889803577792,6,0.2361221549061459,0.27416635190283156,2025-01-20,-0.1608368871840516,-0.2312889803577792,0.094726132596862,-0.0530314390180648,-0.1131434746398281,test
2025-01-20,Other / Unknown,701,3638685199.282002,2630387121.651379,348907557.2354201,3289777642.0465817,2281479564.415959,6269072320.933381,22.558894225610267,1008298077.6306227,0.1608368871840516,-0.1608368871840516,6,0.07007572289642734,0.2245526028398679,2025-01-27,-0.0739695891239456,-0.1608368871840516,-0.2312889803577792,0.094726132596862,-0.0530314390180648,test
2025-01-27,Other / Unknown,743,4625826000.461368,3988619040.2678185,649825201.1986902,3976000799.262677,3338793839.069128,8614445040.729187,22.876706287176315,637206960.1935492,0.0739695891239456,-0.0739695891239456,6,-0.03358390519825727,0.25936438024903136,2025-02-03,0.1817126038001098,-0.0739695891239456,-0.1608368871840516,-0.2312889803577792,0.094726132596862,test
2025-02-03,Other / Unknown,784,2275438712.3833127,3286027156.3332367,489969095.4550404,1785469616.9282722,2796058060.878196,5561465868.716549,22.439127556092973,-1010588443.949924,-0.1817126038001098,0.1817126038001098,6,-0.007368984943521128,0.27101661406997657,2025-02-10,-0.0533568669754128,0.1817126038001098,-0.0739695891239456,-0.1608368871840516,-0.2312889803577792,test
2025-02-10,Other / Unknown,814,4479870624.34802,4026022800.3778806,1596150410.848169,2883720213.4998503,2429872389.5297112,8505893424.725901,22.864025104393683,453847823.970139,0.0533568669754128,-0.0533568669754128,6,0.059736687681686176,0.2862247870610599,2025-02-17,-0.1815147960055338,-0.0533568669754128,0.1817126038001098,-0.0739695891239456,-0.1608368871840516,test
2025-02-17,Other / Unknown,843,5433608762.139611,3764090294.206632,1267666497.9249508,4165942264.2146606,2496423796.281681,9197699056.346245,22.942219187258203,1669518467.9329796,0.1815147960055338,-0.1815147960055338,6,-0.034059196281600125,0.24054106356995786,2025-02-24,0.4112105207950356,-0.1815147960055338,-0.0533568669754128,0.1817126038001098,-0.0739695891239456,test
2025-02-24,Other / Unknown,859,4231052358.053436,10140985551.885368,1339061333.0121293,2891991025.041307,8801924218.87324,14372037909.938805,23.388550344027408,-5909933193.831932,-0.4112105207950356,0.4112105207950356,6,-0.3313882298226191,0.29443357049685137,2025-03-03,0.2320886399878304,0.4112105207950356,-0.1815147960055338,-0.0533568669754128,0.1817126038001098,test
2025-03-03,Other / Unknown,882,4884938788.447311,7837724380.306688,1676346840.9492512,3208591947.49806,6161377539.357437,12722663168.754,23.26665074163517,-2952785591.859377,-0.2320886399878304,0.2320886399878304,6,-0.2592984759785538,0.27383708382779004,2025-03-10,-0.0684196616877852,0.2320886399878304,0.4112105207950356,-0.1815147960055338,-0.0533568669754128,test
2025-03-10,Other / Unknown,905,4450425402.820129,3880431024.493799,1375419127.25169,3075006275.5684395,2505011897.2421093,8330856427.313929,22.843232100363,569994378.3263302,0.0684196616877852,-0.0684196616877852,6,0.04604069951469986,0.30406865431883967,2025-03-17,0.0768317827465117,-0.0684196616877852,0.2320886399878304,0.4112105207950356,-0.1815147960055338,test
2025-03-17,Other / Unknown,930,3760959508.39673,4386980245.39145,1116237969.772909,2644721538.6238213,3270742275.618541,8147939753.788179,22.82103094141866,-626020736.99472,-0.0768317827465117,0.0768317827465117,6,0.08962909441780406,0.2689159282846495,2025-03-24,0.1802121299565224,0.0768317827465117,-0.0684196616877852,0.2320886399878304,0.4112105207950356,test
2025-03-24,Other / Unknown,945,5968244660.43555,8592216352.775156,1143807595.90738,4824437064.52817,7448408756.867776,14560461013.210705,23.40157554227761,-2623971692.3396063,-0.1802121299565224,0.1802121299565224,6,-0.2044616392365874,0.3781406455910316,2025-03-31,0.075940010410118,0.1802121299565224,0.0768317827465117,-0.0684196616877852,0.2320886399878304,test
2025-03-31,Other / Unknown,977,3177659701.5007014,3699945080.221352,1061793867.70613,2115865833.7945716,2638151212.5152216,6877604781.722054,22.651536286229938,-522285378.7206502,-0.075940010410118,0.075940010410118,6,0.04667909881632807,0.2873670950867434,2025-04-07,-0.1579530509014851,0.075940010410118,0.1802121299565224,0.0768317827465117,-0.0684196616877852,test
2025-04-07,Other / Unknown,1012,7479181231.484671,5438753957.10006,2150878212.06546,5328303019.41921,3287875745.0346003,12917935188.584732,23.28188250748146,2040427274.3846104,0.1579530509014851,-0.1579530509014851,6,0.25713992047760303,0.2705493622714069,2025-04-14,0.0619571402400894,-0.1579530509014851,0.075940010410118,0.1802121299565224,0.0768317827465117,test
2025-04-14,Other / Unknown,1010,3670402129.9398313,4155257629.102011,926306186.523941,2744095943.41589,3228951442.57807,7825659759.041842,22.780673884200716,-484855499.16218,-0.0619571402400894,0.0619571402400894,6,-0.06274931443543141,0.2861350490923805,2025-04-21,-0.2693834899172701,0.0619571402400894,-0.1579530509014851,0.075940010410118,0.1802121299565224,test
2025-04-21,Other / Unknown,1009,7657995834.088289,4407697307.371091,2151273367.4394903,5506722466.648799,2256423939.9316006,12065693141.45938,23.21363198505361,3250298526.7171984,0.2693834899172701,-0.2693834899172701,6,0.2810709208836833,0.2915049791552527,2025-04-28,-0.0416688136368621,-0.2693834899172701,0.0619571402400894,-0.1579530509014851,0.075940010410118,test
2025-04-28,Other / Unknown,1006,3615975070.126914,3326682755.06451,1063615178.372891,2552359891.754023,2263067576.691619,6942657825.191423,22.660950510223728,289292315.06240416,0.0416688136368621,-0.0416688136368621,6,0.02801214528623712,0.2658445400250874,2025-05-05,-0.1489988444461594,-0.0416688136368621,-0.2693834899172701,0.0619571402400894,-0.1579530509014851,test
2025-05-05,Other / Unknown,1005,13803114378.133743,10223218537.43524,3209085004.882248,10594029373.251495,7014133532.552992,24026332915.568985,23.90241627066208,3579895840.6985035,0.1489988444461594,-0.1489988444461594,6,0.29079954238274475,0.3277806543158986,2025-05-12,0.0879730937854636,-0.1489988444461594,-0.0416688136368621,-0.2693834899172701,0.0619571402400894,test
2025-05-12,Other / Unknown,1001,4562943302.190083,5443216101.876314,1794058105.241911,2768885196.948172,3649157996.634403,10006159404.066397,23.0264666808336,-880272799.6862316,-0.0879730937854636,0.0879730937854636,6,-0.11104758932989238,0.27789311755368235,2025-05-19,0.1139146404627305,0.0879730937854636,-0.1489988444461594,-0.0416688136368621,-0.2693834899172701,test
2025-05-19,Other / Unknown,998,4678358837.347741,5881253251.922911,1585472521.216251,3092886316.1314907,4295780730.70666,10559612089.270653,23.08030238067393,-1202894414.5751696,-0.1139146404627305,0.1139146404627305,6,-0.04427603255748022,0.26011906037889193,2025-05-26,0.0282505682374081,0.1139146404627305,0.0879730937854636,-0.1489988444461594,-0.0416688136368621,test
2025-05-26,Other / Unknown,986,4577738566.56804,4843905361.2597,1270883688.9504986,3306854877.6175413,3573021672.309201,9421643927.82774,22.96627542504631,-266166794.69165996,-0.0282505682374081,0.0282505682374081,6,-0.2050438808121396,0.3186961748112761,2025-06-02,-0.0572097089731531,0.0282505682374081,0.1139146404627305,0.0879730937854636,-0.1489988444461594,test
2025-06-02,Other / Unknown,993,4485366634.311461,3999925538.5498896,1059112683.4825386,3426253950.8289227,2940812855.067351,8485292172.861351,22.86160016920138,485441095.7615719,0.0572097089731531,-0.0572097089731531,6,0.010614507542514756,0.2999162895646734,2025-06-09,-0.387882812007839,-0.0572097089731531,0.0282505682374081,0.1139146404627305,0.0879730937854636,test
2025-06-09,Other / Unknown,985,7007294292.217738,3090524099.3514194,906445787.9692912,6100848504.248447,2184078311.382128,10097818391.569157,23.03558523672638,3916770192.866319,0.387882812007839,-0.387882812007839,6,0.19014733102163825,0.34816810901512274,2025-06-16,0.2832989171392295,-0.387882812007839,-0.0572097089731531,0.0282505682374081,0.1139146404627305,test
2025-06-16,Other / Unknown,970,3688382296.339304,6604283319.894529,1356572263.7157495,2331810032.6235538,5247711056.17878,10292665616.233831,23.05469740253876,-2915901023.555226,-0.2832989171392295,0.2832989171392295,6,-0.27427570285663916,0.31988673018322766,2025-06-23,-0.1614395353878577,0.2832989171392295,-0.387882812007839,-0.0572097089731531,0.0282505682374081,test
2025-06-23,Other / Unknown,975,5725315486.239392,4133683302.410329,1382011634.7683394,4343303851.471053,2751671667.6419897,9858998788.64972,23.01165045777328,1591632183.829063,0.1614395353878577,-0.1614395353878577,6,0.25734428007928345,0.276200937004087,2025-06-30,0.0731343527038126,-0.1614395353878577,0.2832989171392295,-0.387882812007839,-0.0572097089731531,test
2025-06-30,Other / Unknown,970,2695641166.06376,3121040407.8566203,794998630.0657195,1900642535.99804,2326041777.7909007,5816681573.92038,22.48399575994701,-425399241.792861,-0.0731343527038126,0.0731343527038126,6,-0.062137423930578826,0.2902989342774081,2025-07-07,-0.2740913854567232,0.0731343527038126,-0.1614395353878577,0.2832989171392295,-0.387882812007839,test
2025-07-07,Other / Unknown,966,7965775441.991665,4538469595.559037,1282104122.4833694,6683671319.508295,3256365473.075668,12504245037.5507,23.249334026686647,3427305846.432628,0.2740913854567232,-0.2740913854567232,6,0.3452953375492941,0.281149884372485,2025-07-14,-0.355014357421125,-0.2740913854567232,0.0731343527038126,-0.1614395353878577,0.2832989171392295,test
2025-07-14,Other / Unknown,961,9668184493.93627,4602047317.24076,1087893012.7221303,8580291481.21414,3514154304.5186296,14270231811.177029,23.3814415130248,5066137176.69551,0.355014357421125,-0.355014357421125,6,0.25793711617589404,0.31986870795373223,2025-07-21,-0.1036402716928965,-0.355014357421125,-0.2740913854567232,0.0731343527038126,-0.1614395353878577,test
2025-07-21,Other / Unknown,960,7097730758.193928,5764668232.2064,1094531731.18283,6003199027.011098,4670136501.02357,12862398990.400328,23.27757408512339,1333062525.9875278,0.1036402716928965,-0.1036402716928965,6,0.0333418753235743,0.32357561009833624,2025-07-28,0.1577800153544914,-0.1036402716928965,-0.355014357421125,-0.2740913854567232,0.0731343527038126,test
2025-07-28,Other / Unknown,959,6878223963.8634815,9455332801.020302,1806902519.5622003,5071321444.301281,7648430281.458101,16333556764.883783,23.51648752583927,-2577108837.1568203,-0.1577800153544914,0.1577800153544914,6,-0.23570967951651622,0.29395713748680785,2025-08-04,-0.084697335121108,0.1577800153544914,-0.1036402716928965,-0.355014357421125,-0.2740913854567232,test
2025-08-04,Other / Unknown,959,8266064963.834538,6975172745.874816,1030998151.54059,7235066812.293948,5944174594.334226,15241237709.709354,23.447270598520657,1290892217.9597225,0.084697335121108,-0.084697335121108,6,0.24052980787035405,0.3315013899055608,2025-08-11,-0.2365317060578855,-0.084697335121108,0.1577800153544914,-0.1036402716928965,-0.355014357421125,test
2025-08-11,Other / Unknown,960,8441582460.914712,5212062519.733342,1209701219.51872,7231881241.395992,4002361300.214623,13653644980.648054,23.33727235455335,3229519941.18137,0.2365317060578855,-0.2365317060578855,6,0.12382681028155258,0.3717275186893243,2025-08-18,0.3917727511100934,-0.2365317060578855,-0.084697335121108,0.1577800153544914,-0.1036402716928965,test
2025-08-18,Other / Unknown,955,793279532.5218607,1815217649.9693823,222685535.5539101,570593996.9679506,1592532114.4154725,2608497182.491243,21.68204010068347,-1021938117.4475216,-0.3917727511100934,0.3917727511100934,6,-0.31262430918364215,0.28349072761409305,,,0.3917727511100934,-0.2365317060578855,-0.084697335121108,0.1577800153544914,unavailable
2020-03-23,Primary Market Tokens,3,0.0,0.0,0.0,0.0,0.0,0.0,0.0,0.0,,,0,,,2020-03-30,0.7448698251712831,,,,,training
2020-03-30,Primary Market Tokens,14,1373703.3479299983,9394943.27611,0.0,1373703.3479299983,9394943.27611,10768646.62404,16.192149472449636,-8021239.928180003,-0.7448698251712831,0.7448698251712831,3,-0.6611664357558321,0.49853693253707576,2020-04-06,0.9318767828472316,0.7448698251712831,,,,training
2020-04-06,Primary Market Tokens,14,590406.02872,16743068.61902,0.0,590406.02872,16743068.61902,17333474.64774,16.668150198290423,-16152662.5903,-0.9318767828472316,0.9318767828472316,3,-0.596573482908789,0.48514795708682523,2020-04-13,0.6727115876032276,0.9318767828472316,0.7448698251712831,,,training
2020-04-13,Primary Market Tokens,15,4245980.93804,21700436.82203999,0.0,4245980.93804,21700436.82203999,25946417.76007999,17.071544152660643,-17454455.883999992,-0.6727115876032276,0.6727115876032276,3,-0.5979923550614671,0.4809390377933406,2020-04-20,0.4657578696183552,0.6727115876032276,0.9318767828472316,0.7448698251712831,,training
2020-04-20,Primary Market Tokens,19,6300728.410800001,17286810.094630003,0.0,6300728.410800001,17286810.094630003,23587538.505430005,16.976229143503538,-10986081.683830002,-0.4657578696183552,0.4657578696183552,3,-0.48391272855260375,0.5048895718298376,2020-04-27,0.5005500271080812,0.4657578696183552,0.6727115876032276,0.9318767828472316,0.7448698251712831,training
2020-04-27,Primary Market Tokens,21,7818804.29663,23490855.21284,0.0,7818804.29663,23490855.21284,31309659.50947,17.25943725036517,-15672050.91621,-0.5005500271080812,0.5005500271080812,3,-0.4441026450465128,0.5326391304991114,2020-05-04,0.866125698868886,0.5005500271080812,0.4657578696183552,0.6727115876032276,0.9318767828472316,training
2020-05-04,Primary Market Tokens,19,948725.0680300004,13224645.922730004,0.0,948725.0680300004,13224645.922730004,14173370.990760002,16.466875550242204,-12275920.854700005,-0.866125698868886,0.866125698868886,3,-0.4520653461530504,0.498034081862998,2020-05-11,0.9729782503740356,0.866125698868886,0.5005500271080812,0.4657578696183552,0.6727115876032276,training
2020-05-11,Primary Market Tokens,20,289060.5187900001,21105595.474340003,0.0,289060.5187900001,21105595.474340003,21394655.99313,16.878651775600307,-20816534.955550004,-0.9729782503740356,0.9729782503740356,3,-0.889529391122879,0.5358083913553421,2020-05-18,0.1797281077869842,0.9729782503740356,0.866125698868886,0.5005500271080812,0.4657578696183552,training
2020-05-18,Primary Market Tokens,24,22272080.89095001,32032061.68026999,0.0,22272080.89095001,32032061.68026999,54304142.57122,17.810111090855038,-9759980.789319985,-0.1797281077869842,0.1797281077869842,3,-0.21746057145462855,0.7052641757970276,2020-05-25,0.9832017457590728,0.1797281077869842,0.9729782503740356,0.866125698868886,0.5005500271080812,training
2020-05-25,Primary Market Tokens,26,308781.1486499999,36454699.65373999,0.0,308781.1486499999,36454699.65373999,36763480.80238999,17.420015568115176,-36145918.50508999,-0.9832017457590728,0.9832017457590728,3,-0.7529883370456578,0.48056367914475534,2020-06-01,0.8037698723505278,0.9832017457590728,0.1797281077869842,0.9729782503740356,0.866125698868886,training
2020-06-01,Primary Market Tokens,31,1771912.378630006,16287622.106260004,0.0,1771912.378630006,16287622.106260004,18059534.48489001,16.709184384962864,-14515709.72763,-0.8037698723505278,0.8037698723505278,3,-0.4927616781423536,0.537666256270499,2020-06-08,-0.1551891354173905,0.8037698723505278,0.9832017457590728,0.1797281077869842,0.9729782503740356,training
2020-06-08,Primary Market Tokens,45,20477952.929950006,14975900.126850003,0.0,20477952.929950006,14975900.126850003,35453853.05680001,17.3837425231374,5502052.803100003,0.1551891354173905,-0.1551891354173905,3,0.03981153088971571,0.5992543607322375,2020-06-15,0.9774916923215816,-0.1551891354173905,0.8037698723505278,0.9832017457590728,0.1797281077869842,training
2020-06-15,Primary Market Tokens,51,8334871.204529999,732269115.87547,0.0,8334871.204529999,732269115.87547,740603987.08,20.422976611360426,-723934244.67094,-0.9774916923215816,0.9774916923215816,3,-0.8419934392848574,0.8937245587318203,2020-06-22,-0.1960179919629506,0.9774916923215816,-0.1551891354173905,0.8037698723505278,0.9832017457590728,training
2020-06-22,Primary Market Tokens,70,190910341.17172,128332918.4692,0.0,190910341.17172,128332918.4692,319243259.64092,19.58146394268048,62577422.70252001,0.1960179919629506,-0.1960179919629506,3,-0.3125786837551433,0.5576839000327555,2020-06-29,0.7551569031205253,-0.1960179919629506,0.9774916923215816,-0.1551891354173905,0.8037698723505278,training
2020-06-29,Primary Market Tokens,76,62875825.56789,450725140.67737,0.0,62875825.56789,450725140.67737,513600966.24526,20.056957193603942,-387849315.10948,-0.7551569031205253,0.7551569031205253,3,0.018677886121395933,0.7740516369128501,2020-07-06,-0.0430914836744016,0.7551569031205253,-0.1960179919629506,0.9774916923215816,-0.1551891354173905,training
2020-07-06,Primary Market Tokens,81,94312784.75945002,86520413.93031996,0.0,94312784.75945002,86520413.93031996,180833198.68977,19.01308561566776,7792370.829130053,0.0430914836744016,-0.0430914836744016,3,-0.20331973979739668,0.5258960473727948,2020-07-13,-0.0441756420252674,-0.0430914836744016,0.7551569031205253,-0.1960179919629506,0.9774916923215816,training
2020-07-13,Primary Market Tokens,83,108948922.31845003,99730380.15433,0.0,108948922.31845003,99730380.15433,208679302.47278005,19.1563091983363,9218542.164120048,0.0441756420252674,-0.0441756420252674,3,-0.06856330672697031,0.49920604022731196,2020-07-20,0.5588554065529321,-0.0441756420252674,-0.0430914836744016,0.7551569031205253,-0.1960179919629506,training
2020-07-20,Primary Market Tokens,86,204777452.91074,723614081.07872,0.0,204777452.91074,723614081.07872,928391533.98946,20.64896411447449,-518836628.16798,-0.5588554065529321,0.5588554065529321,3,-0.37112962851353626,0.5307725089237167,2020-07-27,0.3237485753946413,0.5588554065529321,-0.0441756420252674,-0.0430914836744016,0.7551569031205253,training
2020-07-27,Primary Market Tokens,93,139517702.40751,273103099.0612,0.0,139517702.40751,273103099.0612,412620801.46871006,19.83803957533511,-133585396.65369,-0.3237485753946413,0.3237485753946413,3,-0.19303374269794105,0.5681855268196752,2020-08-03,0.1501238024978598,0.3237485753946413,0.5588554065529321,-0.0441756420252674,-0.0430914836744016,training
2020-08-03,Primary Market Tokens,106,158261394.71928993,214172602.57216,0.0,158261394.71928993,214172602.57216,372433997.2914499,19.735570394289866,-55911207.85287008,-0.1501238024978598,0.1501238024978598,3,-0.07827936541652586,0.3862472052624537,2020-08-10,0.8495647994924013,0.1501238024978598,0.3237485753946413,0.5588554065529321,-0.0441756420252674,training
2020-08-10,Primary Market Tokens,111,109922569.26187997,1351471690.73816,0.0,109922569.26187997,1351471690.73816,1461394260.0000398,21.10265679025746,-1241549121.47628,-0.8495647994924013,0.8495647994924013,3,-0.5998172997480152,0.5328201958378521,2020-08-17,0.5333187896017441,0.8495647994924013,0.1501238024978598,0.3237485753946413,0.5588554065529321,training
2020-08-17,Primary Market Tokens,115,169214654.67062995,555968407.7724701,0.0,169214654.67062995,555968407.7724701,725183062.4431001,20.40193468224669,-386753753.10184014,-0.5333187896017441,0.5333187896017441,3,-0.3126494783669049,0.43734277246916664,2020-08-24,0.9438832941297448,0.5333187896017441,0.8495647994924013,0.1501238024978598,0.3237485753946413,training
2020-08-24,Primary Market Tokens,121,26172820.747109994,906626791.8182796,0.0,26172820.747109994,906626791.8182796,932799612.5653898,20.653700959286606,-880453971.0711697,-0.9438832941297448,0.9438832941297448,3,-0.6790501379605092,0.6146479948943989,2020-08-31,0.0340448847605487,0.9438832941297448,0.5333187896017441,0.8495647994924013,0.1501238024978598,training
2020-08-31,Primary Market Tokens,128,551551546.2397901,590430182.5966799,0.0,551551546.2397901,590430182.5966799,1141981728.83647,20.85603094966037,-38878636.35688984,-0.0340448847605487,0.0340448847605487,3,-0.09589619360581284,0.5118162351796924,2020-09-07,0.104652162576225,0.0340448847605487,0.9438832941297448,0.5333187896017441,0.8495647994924013,training
2020-09-07,Primary Market Tokens,139,1030025437.2872398,1270813173.6619503,0.0,1030025437.2872398,1270813173.6619503,2300838610.94919,21.556539507316977,-240787736.37471056,-0.104652162576225,0.104652162576225,3,-0.08985074361634907,0.8044000722674549,2020-09-14,0.530556748388994,0.104652162576225,0.0340448847605487,0.9438832941297448,0.5333187896017441,training
2020-09-14,Primary Market Tokens,143,630166811.1813602,2054574354.0981205,0.0,630166811.1813602,2054574354.0981205,2684741165.279481,21.71085016036456,-1424407542.9167602,-0.530556748388994,0.530556748388994,4,-0.5258071935330768,0.8133014509724068,2020-09-21,0.6383336138808674,0.530556748388994,0.104652162576225,0.0340448847605487,0.9438832941297448,training
2020-09-21,Primary Market Tokens,152,176277560.79956007,798529983.1975999,0.0,176277560.79956007,798529983.1975999,974807543.99716,20.6977506197317,-622252422.3980398,-0.6383336138808674,0.6383336138808674,4,-0.37480697841688254,0.3258000490657362,2020-09-28,-0.1257491500947175,0.6383336138808674,0.530556748388994,0.104652162576225,0.0340448847605487,training
2020-09-28,Primary Market Tokens,162,565859633.98243,439443605.97084033,0.0,565859633.98243,439443605.97084033,1005303239.9532704,20.728555065237227,126416028.01158965,0.1257491500947175,-0.1257491500947175,4,0.14197242809406324,0.43962961903660397,2020-10-05,-0.0522055291331701,-0.1257491500947175,0.6383336138808674,0.530556748388994,0.104652162576225,training
2020-10-05,Primary Market Tokens,173,655950836.0792099,590860395.9803603,0.0,655950836.0792099,590860395.9803603,1246811232.0595703,20.94385511532888,65090440.09884965,0.0522055291331701,-0.0522055291331701,4,0.028600425484425512,0.35954168814294224,2020-10-12,-0.1422202212505303,-0.0522055291331701,-0.1257491500947175,0.6383336138808674,0.530556748388994,training
2020-10-12,Primary Market Tokens,170,333825082.5552401,250694568.46224988,0.0,333825082.5552401,250694568.46224988,584519651.0174899,20.18630096024017,83130514.09299022,0.1422202212505303,-0.1422202212505303,4,0.11874133477990861,0.5359384762688576,2020-10-19,0.3440752459058152,-0.1422202212505303,-0.0522055291331701,-0.1257491500947175,0.6383336138808674,training
2020-10-19,Primary Market Tokens,175,338285913.20888,693191893.04054,0.0,338285913.20888,693191893.04054,1031477806.24942,20.754258375216907,-354905979.83166,-0.3440752459058152,0.3440752459058152,4,-0.13648104736548233,0.46393798444284096,2020-10-26,-0.1006554402543608,0.3440752459058152,-0.1422202212505303,-0.0522055291331701,-0.1257491500947175,training
2020-10-26,Primary Market Tokens,177,378340007.78563017,309141276.45386994,0.0,378340007.78563017,309141276.45386994,687481284.2395,20.34854516566467,69198731.33176023,0.1006554402543608,-0.1006554402543608,4,0.026077049526726185,0.48041914109335604,2020-11-02,0.7359905823374758,-0.1006554402543608,0.3440752459058152,-0.1422202212505303,-0.0522055291331701,training
2020-11-02,Primary Market Tokens,177,95257579.82509,626365009.7664301,0.0,95257579.82509,626365009.7664301,721622589.5915201,20.397012832474765,-531107429.94134015,-0.7359905823374758,0.7359905823374758,4,-0.5161379861866161,0.49779983465833544,2020-11-09,0.9077005531736796,0.7359905823374758,-0.1006554402543608,0.3440752459058152,-0.1422202212505303,training
2020-11-09,Primary Market Tokens,177,32897227.118240014,679939702.0161799,0.0,32897227.118240014,679939702.0161799,712836929.1344199,20.38476324273168,-647042474.8979399,-0.9077005531736796,0.9077005531736796,4,-0.6440162882185865,0.5878816598746703,2020-11-16,0.0845063557841479,0.9077005531736796,0.7359905823374758,-0.1006554402543608,0.3440752459058152,training
2020-11-16,Primary Market Tokens,184,1541271048.1179702,1825810870.70434,0.0,1541271048.1179702,1825810870.70434,3367081918.8223104,21.93731230704093,-284539822.5863697,-0.0845063557841479,0.0845063557841479,4,-0.021819024184860702,0.7389572570050995,2020-11-23,-0.2367773130236204,0.0845063557841479,0.9077005531736796,0.7359905823374758,-0.1006554402543608,training
2020-11-23,Primary Market Tokens,191,479644323.9656697,295991384.92853004,0.0,479644323.9656697,295991384.92853004,775635708.8941997,20.469193521910583,183652939.03713965,0.2367773130236204,-0.2367773130236204,4,0.224093612951303,0.47499025161575925,2020-11-30,0.8009031885288268,-0.2367773130236204,0.0845063557841479,0.9077005531736796,0.7359905823374758,training
2020-11-30,Primary Market Tokens,195,79090943.33228005,715406394.3986301,0.0,79090943.33228005,715406394.3986301,794497337.7309102,20.493220194320468,-636315451.0663501,-0.8009031885288268,0.8009031885288268,4,-0.5790621624049301,0.495520052345455,2020-12-07,0.2225396085969102,0.8009031885288268,-0.2367773130236204,0.0845063557841479,0.9077005531736796,training
2020-12-07,Primary Market Tokens,202,440178117.07630986,692170545.1672199,0.0,440178117.07630986,692170545.1672199,1132348662.2435298,20.84755977570205,-251992428.09091,-0.2225396085969102,0.2225396085969102,4,-0.06606619462329852,0.5465432075518032,2020-12-14,0.9256983503713306,0.2225396085969102,0.8009031885288268,-0.2367773130236204,0.0845063557841479,training
2020-12-14,Primary Market Tokens,207,60607378.084120095,1570779768.4196794,0.0,60607378.084120095,1570779768.4196794,1631387146.5037994,21.21269650059928,-1510172390.3355594,-0.9256983503713306,0.9256983503713306,4,-0.7223500284705124,0.48772605786605683,2020-12-21,0.8036460921984788,0.9256983503713306,0.2225396085969102,0.8009031885288268,-0.2367773130236204,training
2020-12-21,Primary Market Tokens,210,119277878.90329,1095649598.1078496,0.0,119277878.90329,1095649598.1078496,1214927477.0111396,20.91795022307775,-976371719.2045596,-0.8036460921984788,0.8036460921984788,4,-0.55376247209936,0.41955397257727994,2020-12-28,0.9066899191537552,0.8036460921984788,0.9256983503713306,0.2225396085969102,0.8009031885288268,training
2020-12-28,Primary Market Tokens,213,139987955.81892014,2860501477.89169,0.0,139987955.81892014,2860501477.89169,3000489433.71061,21.82204125721137,-2720513522.0727696,-0.9066899191537552,0.9066899191537552,4,-0.543595251853502,0.5136335819172074,2021-01-04,0.7129477924441364,0.9066899191537552,0.8036460921984788,0.9256983503713306,0.2225396085969102,training
2021-01-04,Primary Market Tokens,218,562045838.3470701,3353937551.10441,0.0,562045838.3470701,3353937551.10441,3915983389.45148,22.088332320147934,-2791891712.75734,-0.7129477924441364,0.7129477924441364,4,-0.5925668629874561,0.47358204659679326,2021-01-11,0.051222954117696,0.7129477924441364,0.9066899191537552,0.8036460921984788,0.9256983503713306,training
2021-01-11,Primary Market Tokens,226,2256549957.2074494,2500204998.0286303,0.0,2256549957.2074494,2500204998.0286303,4756754955.23608,22.282831540821714,-243655040.8211808,-0.051222954117696,0.051222954117696,4,0.11221869538788154,0.46382933357191136,2021-01-18,-0.2091413551517248,0.051222954117696,0.7129477924441364,0.9066899191537552,0.8036460921984788,training
2021-01-18,Primary Market Tokens,226,1805180507.13696,1180707783.6666298,0.0,1805180507.13696,1180707783.6666298,2985888290.80359,21.81716312471512,624472723.4703302,0.2091413551517248,-0.2091413551517248,4,-0.01822725897254232,0.45700824191605327,2021-01-25,0.752560462245377,-0.2091413551517248,0.051222954117696,0.7129477924441364,0.9066899191537552,training
2021-01-25,Primary Market Tokens,227,255641445.7225504,1810652793.6084409,0.0,255641445.7225504,1810652793.6084409,2066294239.330991,21.449022617798786,-1555011347.8858902,-0.752560462245377,0.752560462245377,4,-0.4469387491216188,0.4582733043651708,2021-02-01,0.9618475058855476,0.752560462245377,-0.2091413551517248,0.051222954117696,0.7129477924441364,training
2021-02-01,Primary Market Tokens,235,105282480.93621,5413752820.943478,0.0,105282480.93621,5413752820.943478,5519035301.879687,22.431468917991342,-5308470340.007268,-0.9618475058855476,0.9618475058855476,4,-0.6415289229873451,0.4797929993639876,2021-02-08,0.9458338192517286,0.9618475058855476,0.752560462245377,-0.2091413551517248,0.051222954117696,training
2021-02-08,Primary Market Tokens,234,152909177.01847008,5493018776.775819,0.0,152909177.01847008,5493018776.775819,5645927953.794289,22.45420040629854,-5340109599.757349,-0.9458338192517286,0.9458338192517286,4,-0.5812222398328253,0.4736309506166008,2021-02-15,0.9505929412600688,0.9458338192517286,0.9618475058855476,0.752560462245377,-0.2091413551517248,training
2021-02-15,Primary Market Tokens,240,180027764.32874995,7107504378.654281,0.0,180027764.32874995,7107504378.654281,7287532142.98303,22.709430799451447,-6927476614.325531,-0.9505929412600688,0.9505929412600688,4,-0.6570190289003592,0.49686120273482914,2021-02-22,-0.6023940671336389,0.9505929412600688,0.9458338192517286,0.9618475058855476,0.752560462245377,training
2021-02-22,Primary Market Tokens,245,7410865871.774168,1838876153.3329496,0.0,7410865871.774168,1838876153.3329496,9249742025.10712,22.947861499012337,5571989718.441218,0.6023940671336389,-0.6023940671336389,4,0.4922185275052692,0.4756403464800898,2021-03-01,0.7695317075195919,-0.6023940671336389,0.9505929412600688,0.9458338192517286,0.9618475058855476,training
2021-03-01,Primary Market Tokens,260,625944201.18802,4805989141.583899,0.0,625944201.18802,4805989141.583899,5431933342.771918,22.415560956098783,-4180044940.395879,-0.7695317075195919,0.7695317075195919,4,-0.5701507411456606,0.47190329864444663,2021-03-08,0.9366652949274784,0.7695317075195919,-0.6023940671336389,0.9505929412600688,0.9458338192517286,training
2021-03-08,Primary Market Tokens,265,362069927.8059002,11071469626.576233,0.0,362069927.8059002,11071469626.576233,11433539554.382132,23.159816939201423,-10709399698.770332,-0.9366652949274784,0.9366652949274784,4,-0.7570010388657291,0.48593413125924145,2021-03-15,0.6062057642882903,0.9366652949274784,0.7695317075195919,-0.6023940671336389,0.9505929412600688,training
2021-03-15,Primary Market Tokens,265,802726160.1221997,3274155050.0429087,0.0,802726160.1221997,3274155050.0429087,4076881210.165108,22.12859812402477,-2471428889.920709,-0.6062057642882903,0.6062057642882903,4,-0.4406906732468233,0.5029640191074195,2021-03-22,-0.3690395454569408,0.6062057642882903,0.9366652949274784,0.7695317075195919,-0.6023940671336389,training
2021-03-22,Primary Market Tokens,272,2464656442.0179906,1135906376.19537,0.0,2464656442.0179906,1135906376.19537,3600562818.213361,22.00435600885924,1328750065.8226206,0.3690395454569408,-0.3690395454569408,4,0.2746124426562252,0.47171358216775383,2021-03-29,0.9258490452790012,-0.3690395454569408,0.6062057642882903,0.9366652949274784,0.7695317075195919,training
2021-03-29,Primary Market Tokens,279,427865373.9416601,11112522084.360132,0.0,427865373.9416601,11112522084.360132,11540387458.301792,23.16911867279217,-10684656710.418472,-0.9258490452790012,0.9258490452790012,4,-0.6982338583009248,0.49650236725939223,2021-04-05,0.5854835454107646,0.9258490452790012,-0.3690395454569408,0.6062057642882903,0.9366652949274784,training
2021-04-05,Primary Market Tokens,283,1415380724.585831,5413688225.105929,0.0,1415380724.585831,5413688225.105929,6829068949.69176,22.644454183622344,-3998307500.520098,-0.5854835454107646,0.5854835454107646,4,-0.4103569597328403,0.47635556658660627,2021-04-12,0.9554052368154156,0.5854835454107646,0.9258490452790012,-0.3690395454569408,0.6062057642882903,training
2021-04-12,Primary Market Tokens,290,238714597.33036983,10467232930.28826,0.0,238714597.33036983,10467232930.28826,10705947527.618631,23.094065267786466,-10228518332.957891,-0.9554052368154156,0.9554052368154156,4,-0.6754170688824636,0.6503134137987918,2021-04-19,-0.0483996783846664,0.9554052368154156,0.5854835454107646,0.9258490452790012,-0.3690395454569408,training
2021-04-19,Primary Market Tokens,300,8562136693.933359,7771589594.738471,0.0,8562136693.933359,7771589594.738471,16333726288.67183,23.516497904650866,790547099.1948881,0.0483996783846664,-0.0483996783846664,4,-0.009720458211508937,0.517294106829675,2021-04-26,0.9536396486745876,-0.0483996783846664,0.9554052368154156,0.5854835454107646,0.9258490452790012,training
2021-04-26,Primary Market Tokens,316,539040417.4328592,22715331131.618885,0.0,539040417.4328592,22715331131.618885,23254371549.051743,23.869758974963684,-22176290714.186028,-0.9536396486745876,0.9536396486745876,4,-0.7120471576510571,0.5240856015734385,2021-05-03,0.9052428871434473,0.9536396486745876,-0.0483996783846664,0.9554052368154156,0.5854835454107646,training
2021-05-03,Primary Market Tokens,469,822513290.2784703,16537941571.27105,0.0,822513290.2784703,16537941571.27105,17360454861.54952,23.57746074759512,-15715428280.99258,-0.9052428871434473,0.9052428871434473,4,-0.6335413298400466,0.5450466973169651,2021-05-10,-0.542939553335361,0.9052428871434473,0.9536396486745876,-0.0483996783846664,0.9554052368154156,training
2021-05-10,Primary Market Tokens,657,17145409276.469849,5078934171.602039,0.0,17145409276.469849,5078934171.602039,22224343448.071884,23.824454076810905,12066475104.867807,0.542939553335361,-0.542939553335361,4,0.45670175567098026,0.5161777095164808,2021-05-17,-0.9214973721540638,-0.542939553335361,0.9052428871434473,0.9536396486745876,-0.0483996783846664,training
2021-05-17,Primary Market Tokens,577,32297174816.67472,1319498601.37788,0.0,32297174816.67472,1319498601.37788,33616673418.0526,24.238288013542736,30977676215.29684,0.9214973721540638,-0.9214973721540638,4,0.6702021405162382,0.4574287881629683,2021-05-24,0.5170986751948202,-0.9214973721540638,-0.542939553335361,0.9052428871434473,0.9536396486745876,training
2021-05-24,Primary Market Tokens,699,3188669990.323661,10017630454.63821,0.0,3188669990.323661,10017630454.63821,13206300444.961872,23.30395985917648,-6828960464.314549,-0.5170986751948202,0.5170986751948202,4,-0.3993726266965486,0.6097263770739882,2021-05-31,0.6969617474309829,0.5170986751948202,-0.9214973721540638,-0.542939553335361,0.9052428871434473,training
2021-05-31,Primary Market Tokens,780,926548681.87044,5188512199.160861,0.0,926548681.87044,5188512199.160861,6115060881.031301,22.534020562214447,-4261963517.290421,-0.6969617474309829,0.6969617474309829,4,-0.49877874082765283,0.5215259501119619,2021-06-07,-0.5008272653335784,0.6969617474309829,0.5170986751948202,-0.9214973721540638,-0.542939553335361,training
2021-06-07,Primary Market Tokens,844,6788370671.377123,2257801167.5497494,0.0,6788370671.377123,2257801167.5497494,9046171838.926872,22.925607504054984,4530569503.8273735,0.5008272653335784,-0.5008272653335784,5,0.37388242276794453,0.46852924903519133,2021-06-14,-0.9479031627295632,-0.5008272653335784,0.6969617474309829,0.5170986751948202,-0.9214973721540638,training
2021-06-14,Primary Market Tokens,939,44163289409.95378,1181150965.68432,0.0,44163289409.95378,1181150965.68432,45344440375.6381,24.537553412312917,42982138444.26946,0.9479031627295632,-0.9479031627295632,5,0.8818138142131701,0.7734979148900921,2021-06-21,-0.6885558388330805,-0.9479031627295632,-0.5008272653335784,0.6969617474309829,0.5170986751948202,training
2021-06-21,Primary Market Tokens,985,7227946869.500547,1333152151.6554298,0.0,7227946869.500547,1333152151.6554298,8561099021.155977,22.870494409297496,5894794717.845118,0.6885558388330805,-0.6885558388330805,5,0.5004778515299074,0.48442809427078154,2021-06-28,0.3650813523474423,-0.6885558388330805,-0.9479031627295632,-0.5008272653335784,0.6969617474309829,training
2021-06-28,Primary Market Tokens,1057,2127799374.354639,4574789633.612317,0.0,2127799374.354639,4574789633.612317,6702589007.966956,22.62575970795144,-2446990259.257678,-0.3650813523474423,0.3650813523474423,5,-0.23034162928016064,0.499857565792553,2021-07-05,0.2424827466364676,0.3650813523474423,-0.6885558388330805,-0.9479031627295632,-0.5008272653335784,training
2021-07-05,Primary Market Tokens,1174,2851041723.4346714,4676289728.8206005,0.0,2851041723.4346714,4676289728.8206005,7527331452.255272,22.741806427269783,-1825248005.385929,-0.2424827466364676,0.2424827466364676,5,-0.11423983030555206,0.5519006515587642,2021-07-12,-0.0752941031217837,0.2424827466364676,0.3650813523474423,-0.6885558388330805,-0.9479031627295632,training
2021-07-12,Primary Market Tokens,1283,5401835063.258237,4645341885.960921,0.0,5401835063.258237,4645341885.960921,10047176949.219158,23.03055753151586,756493177.2973156,0.0752941031217837,-0.0752941031217837,5,0.05132835753072362,0.4881966327672729,2021-07-19,0.7265566939069302,-0.0752941031217837,0.2424827466364676,0.3650813523474423,-0.6885558388330805,training
2021-07-19,Primary Market Tokens,1083,1007000659.73342,6358333486.648464,0.0,1007000659.73342,6358333486.648464,7365334146.381885,22.72005025546957,-5351332826.915044,-0.7265566939069302,0.7265566939069302,5,-0.47265494393677654,0.38651217987270675,2021-07-26,0.6784797219605918,0.7265566939069302,-0.0752941031217837,0.2424827466364676,0.3650813523474423,training
2021-07-26,Primary Market Tokens,1173,1536150888.2695704,8019395017.804118,0.0,1536150888.2695704,8019395017.804118,9555545906.073689,22.980387546138346,-6483244129.534548,-0.6784797219605918,0.6784797219605918,5,-0.4068018563166226,0.3904272162651636,2021-08-02,0.8718820700587455,0.6784797219605918,0.7265566939069302,-0.0752941031217837,0.2424827466364676,training
2021-08-02,Primary Market Tokens,1203,717436920.60363,10482196431.770927,0.0,717436920.60363,10482196431.770927,11199633352.374556,23.13914687840577,-9764759511.167295,-0.8718820700587455,0.8718820700587455,5,-0.5504147436954914,0.4138133528066244,2021-08-09,0.8059453502913132,0.8718820700587455,0.6784797219605918,0.7265566939069302,-0.0752941031217837,training
2021-08-09,Primary Market Tokens,1173,900476773.80535,8380174580.409953,0.0,900476773.80535,8380174580.409953,9280651354.215303,22.95119757042096,-7479697806.604603,-0.8059453502913132,0.8059453502913132,5,-0.5264662854998662,0.4381208287096767,2021-08-16,0.4665377328803703,0.8059453502913132,0.8718820700587455,0.6784797219605918,0.7265566939069302,training
2021-08-16,Primary Market Tokens,1244,1778120744.36209,4888220453.349441,0.0,1778120744.36209,4888220453.349441,6666341197.711531,22.62033700044728,-3110099708.9873505,-0.4665377328803703,0.4665377328803703,5,-0.2828218261400562,0.3698702985990386,2021-08-23,0.3915188204389616,0.4665377328803703,0.8059453502913132,0.8718820700587455,0.6784797219605918,training
2021-08-23,Primary Market Tokens,1292,1743649752.0498197,3987504507.5041,0.0,1743649752.0498197,3987504507.5041,5731154259.55392,22.469182789018863,-2243854755.454281,-0.3915188204389616,0.3915188204389616,5,-0.23248748139795333,0.4136119178091072,2021-08-30,0.8148227333983413,0.3915188204389616,0.4665377328803703,0.8059453502913132,0.8718820700587455,training
2021-08-30,Primary Market Tokens,1346,1191162708.55923,11673944660.387764,0.0,1191162708.55923,11673944660.387764,12865107368.946997,23.2777846285409,-10482781951.828531,-0.8148227333983413,0.8148227333983413,5,-0.43998311861058004,0.4453625296602852,2021-09-06,-0.7988621128912003,0.8148227333983413,0.3915188204389616,0.4665377328803703,0.8059453502913132,training
2021-09-06,Primary Market Tokens,1380,14247782490.079006,1593100908.3482602,0.0,14247782490.079006,1593100908.3482602,15840883398.427267,23.485859991943457,12654681581.730743,0.7988621128912003,-0.7988621128912003,5,0.5575533954657561,0.4217381498202462,2021-09-13,0.3292573771124633,-0.7988621128912003,0.8148227333983413,0.3915188204389616,0.4665377328803703,training
2021-09-13,Primary Market Tokens,1496,2381160038.92844,4718910711.540891,0.0,2381160038.92844,4718910711.540891,7100070750.469331,22.683370585939716,-2337750672.6124506,-0.3292573771124633,0.3292573771124633,5,-0.21160321839748328,0.3912645461640756,2021-09-20,-0.3885271822301666,0.3292573771124633,-0.7988621128912003,0.8148227333983413,0.3915188204389616,training
2021-09-20,Primary Market Tokens,1509,6086617954.852806,2680395082.77006,0.0,6086617954.852806,2680395082.77006,8767013037.622866,22.89426199679059,3406222872.082746,0.3885271822301666,-0.3885271822301666,5,0.22344837173650228,0.3916328597806938,2021-09-27,0.191509093084013,-0.3885271822301666,0.3292573771124633,-0.7988621128912003,0.8148227333983413,training
2021-09-27,Primary Market Tokens,1540,6321545245.817438,9316343051.358751,0.0,6321545245.817438,9316343051.358751,15637888297.17619,23.47296254364945,-2994797805.541313,-0.191509093084013,0.191509093084013,5,-0.10859986947318463,0.4756617553187733,2021-10-04,0.7194506190950681,0.191509093084013,-0.3885271822301666,0.3292573771124633,-0.7988621128912003,training
2021-10-04,Primary Market Tokens,1555,3868810556.22148,23711436056.63761,0.0,3868810556.22148,23711436056.63761,27580246612.859093,24.04036565103588,-19842625500.41613,-0.7194506190950681,0.7194506190950681,5,-0.5341762168490416,0.6618788223132009,2021-10-11,0.0353905408480121,0.7194506190950681,0.191509093084013,-0.3885271822301666,0.3292573771124633,training
2021-10-11,Primary Market Tokens,1600,11793206903.64301,12658568458.399803,0.0,11793206903.64301,12658568458.399803,24451775362.04281,23.91996866221656,-865361554.756794,-0.0353905408480121,0.0353905408480121,6,-0.049014573364937086,0.5381933956699202,2021-10-18,0.5644049933181201,0.0353905408480121,0.7194506190950681,0.191509093084013,-0.3885271822301666,training
2021-10-18,Primary Market Tokens,1647,3066707711.63302,11013838045.736843,0.0,3066707711.63302,11013838045.736843,14080545757.369864,23.36805994817297,-7947130334.103823,-0.5644049933181201,0.5644049933181201,6,-0.28997085777311554,0.4199833045963911,2021-10-25,-0.4313975486560785,0.5644049933181201,0.0353905408480121,0.7194506190950681,0.191509093084013,training
2021-10-25,Primary Market Tokens,1701,12782768064.379965,5077774000.09618,0.0,12782768064.379965,5077774000.09618,17860542064.476143,23.60585976274472,7704994064.283783,0.4313975486560785,-0.4313975486560785,6,0.40865666030993647,0.6006461490122653,2021-11-01,0.5545419399062779,-0.4313975486560785,0.5644049933181201,0.0353905408480121,0.7194506190950681,training
2021-11-01,Primary Market Tokens,1762,3243430723.6744404,11318796404.922308,0.0,3243430723.6744404,11318796404.922308,14562227128.596748,23.401696830215005,-8075365681.247868,-0.5545419399062779,0.5545419399062779,6,-0.36070149758065145,0.42327374669231627,2021-11-08,0.0028153574557523,0.5545419399062779,-0.4313975486560785,0.5644049933181201,0.0353905408480121,training
2021-11-08,Primary Market Tokens,1839,4844240317.492272,4871593863.693127,0.0,4844240317.492272,4871593863.693127,9715834181.185398,22.99702278147152,-27353546.2008543,-0.0028153574557523,0.0028153574557523,6,0.042671082343875164,0.4063110499216462,2021-11-15,-0.3439970632274595,0.0028153574557523,0.5545419399062779,-0.4313975486560785,0.5644049933181201,training
2021-11-15,Primary Market Tokens,1970,9566104822.52934,4669201316.544211,0.0,9566104822.52934,4669201316.544211,14235306139.073551,23.378991063597145,4896903505.985127,0.3439970632274595,-0.3439970632274595,6,0.13996630894093837,0.369196628840278,2021-11-22,-0.1224252789742405,-0.3439970632274595,0.0028153574557523,0.5545419399062779,-0.4313975486560785,training
2021-11-22,Primary Market Tokens,2034,6851618249.211058,5356977507.777949,0.0,6851618249.211058,5356977507.777949,12208595756.989006,23.225406110919444,1494640741.4331083,0.1224252789742405,-0.1224252789742405,6,0.10605473554576983,0.37558935999974585,2021-11-29,-0.386972397294353,-0.1224252789742405,-0.3439970632274595,0.0028153574557523,0.5545419399062779,training
2021-11-29,Primary Market Tokens,2169,13912006893.873478,6148964645.304132,0.0,13912006893.873478,6148964645.304132,20060971539.17761,23.72204205002116,7763042248.569346,0.386972397294353,-0.386972397294353,6,0.27406756086730616,0.34754997539367327,2021-12-06,-0.3513154979728091,-0.386972397294353,-0.1224252789742405,-0.3439970632274595,0.0028153574557523,training
2021-12-06,Primary Market Tokens,2223,8999648449.412868,4320184650.871693,0.0,8999648449.412868,4320184650.871693,13319833100.28456,23.31251997204656,4679463798.541176,0.3513154979728091,-0.3513154979728091,6,0.20416046783870806,0.4078653685049557,2021-12-13,-0.1198116286738998,-0.3513154979728091,-0.386972397294353,-0.1224252789742405,-0.3439970632274595,training
2021-12-13,Primary Market Tokens,2214,9047218602.362198,7111246572.849582,0.0,9047218602.362198,7111246572.849582,16158465175.21178,23.50570990880922,1935972029.512616,0.1198116286738998,-0.1198116286738998,6,-0.02176391599340797,0.34618603854141566,2021-12-20,0.7264857865116329,-0.1198116286738998,-0.3513154979728091,-0.386972397294353,-0.1224252789742405,training
2021-12-20,Primary Market Tokens,2273,1774867885.19987,11203381855.926338,0.0,1774867885.19987,11203381855.926338,12978249741.126207,23.28654069645894,-9428513970.726467,-0.7264857865116329,0.7264857865116329,6,-0.287523916704383,0.3453877962106743,2021-12-27,-0.6081291324430249,0.7264857865116329,-0.1198116286738998,-0.3513154979728091,-0.386972397294353,training
2021-12-27,Primary Market Tokens,2328,9512284862.417145,2317965172.2505894,0.0,9512284862.417145,2317965172.2505894,11830250034.667732,23.193925650441816,7194319690.1665535,0.6081291324430249,-0.6081291324430249,6,0.31802204758986763,0.35706817072731056,2022-01-03,-0.734825986760848,-0.6081291324430249,0.7264857865116329,-0.1198116286738998,-0.3513154979728091,training
2022-01-03,Primary Market Tokens,2359,18369487989.42122,2807838301.0611005,0.0,18369487989.42122,2807838301.0611005,21177326290.48232,23.776196931732848,15561649688.36012,0.734825986760848,-0.734825986760848,6,0.35756532909990524,0.33445611945797804,2022-01-10,0.6339273933158112,-0.734825986760848,-0.6081291324430249,0.7264857865116329,-0.1198116286738998,training
2022-01-10,Primary Market Tokens,2394,2472683576.2519107,11036568583.5804,0.0,2472683576.2519107,11036568583.5804,13509252159.832312,23.326640632895828,-8563885007.328489,-0.6339273933158112,0.6339273933158112,6,-0.277112394364828,0.3333504747017621,2022-01-17,-0.7648468591224509,0.6339273933158112,-0.734825986760848,-0.6081291324430249,0.7264857865116329,training
2022-01-17,Primary Market Tokens,2455,37472385514.84143,4992925649.29451,0.0,37472385514.84143,4992925649.29451,42465311164.13594,24.471953371718616,32479459865.54692,0.7648468591224509,-0.7648468591224509,6,0.3997052338943102,0.3335124345748316,2022-01-24,-0.3106430342194645,-0.7648468591224509,0.6339273933158112,-0.734825986760848,-0.6081291324430249,training
2022-01-24,Primary Market Tokens,2476,14295871132.560394,7519178059.798995,0.0,14295871132.560394,7519178059.798995,21815049192.35939,23.80586589854394,6776693072.761399,0.3106430342194645,-0.3106430342194645,6,0.1352422051555317,0.33489390174214,2022-01-31,0.6810915181576754,-0.3106430342194645,-0.7648468591224509,0.6339273933158112,-0.734825986760848,training
2022-01-31,Primary Market Tokens,2445,2566462159.50642,13528827277.011835,0.0,2566462159.50642,13528827277.011835,16095289436.518255,23.5017924846059,-10962365117.505417,-0.6810915181576754,0.6810915181576754,6,-0.36512852039201843,0.3258066196352627,2022-02-07,-0.1364894513586814,0.6810915181576754,-0.3106430342194645,-0.7648468591224509,0.6339273933158112,training
2022-02-07,Primary Market Tokens,2524,6348136346.688007,4823346748.203483,0.0,6348136346.688007,4823346748.203483,11171483094.89149,23.13663021613685,1524789598.4845247,0.1364894513586814,-0.1364894513586814,6,0.06416355810006728,0.35244046199058676,2022-02-14,-0.3508014461186196,-0.1364894513586814,0.6810915181576754,-0.3106430342194645,-0.7648468591224509,training
2022-02-14,Primary Market Tokens,2473,8023107031.74756,3855925308.3511,0.0,8023107031.74756,3855925308.3511,11879032340.09866,23.19804069479398,4167181723.39646,0.3508014461186196,-0.3508014461186196,6,0.1973127152842373,0.36607096133415956,2022-02-21,0.1070567797143596,-0.3508014461186196,-0.1364894513586814,0.6810915181576754,-0.3106430342194645,training
2022-02-21,Primary Market Tokens,2522,8101042301.883965,10043543194.364166,0.0,8101042301.883965,10043543194.364166,18144585496.24813,23.62163803344025,-1942500892.4802015,-0.1070567797143596,0.1070567797143596,6,-0.04938028253103424,0.3352244956744049,2022-02-28,0.4197323645500358,0.1070567797143596,-0.3508014461186196,-0.1364894513586814,0.6810915181576754,training
2022-02-28,Primary Market Tokens,2461,4033365514.153597,9868376605.328749,0.0,4033365514.153597,9868376605.328749,13901742119.482346,23.35528000163841,-5835011091.175152,-0.4197323645500358,0.4197323645500358,6,-0.24166139347156193,0.34019798805581775,2022-03-07,0.3509630869770655,0.4197323645500358,0.1070567797143596,-0.3508014461186196,-0.1364894513586814,training
2022-03-07,Primary Market Tokens,2473,3204252349.55836,6669615485.275047,0.0,3204252349.55836,6669615485.275047,9873867834.833408,23.01315749162498,-3465363135.716687,-0.3509630869770655,0.3509630869770655,6,-0.16710970394772562,0.3576189270242806,2022-03-14,0.7133524697357072,0.3509630869770655,0.4197323645500358,0.1070567797143596,-0.3508014461186196,training
2022-03-14,Primary Market Tokens,2642,2726652028.764722,16297771633.638454,0.0,2726652028.764722,16297771633.638454,19024423662.40317,23.668989446590263,-13571119604.873734,-0.7133524697357072,0.7133524697357072,6,-0.38622194022311346,0.3248318962697105,2022-03-21,0.4486237765581822,0.7133524697357072,0.3509630869770655,0.4197323645500358,0.1070567797143596,training
2022-03-21,Primary Market Tokens,2450,4475904902.72212,11759488327.6297,0.0,4475904902.72212,11759488327.6297,16235393230.35182,23.510459463418357,-7283583424.907579,-0.4486237765581822,0.4486237765581822,6,-0.2532599925517474,0.3360006110997503,2022-03-28,0.4863784407414433,0.4486237765581822,0.7133524697357072,0.3509630869770655,0.4197323645500358,training
2022-03-28,Primary Market Tokens,2414,3982838022.9673095,11526004825.127983,0.0,3982838022.9673095,11526004825.127983,15508842848.095291,23.464676204587956,-7543166802.160673,-0.4863784407414433,0.4863784407414433,6,-0.2287934775678997,0.33237072031634124,2022-04-04,-0.5383874075186403,0.4863784407414433,0.4486237765581822,0.7133524697357072,0.3509630869770655,training
2022-04-04,Primary Market Tokens,2518,10094136540.09342,3028873295.7383413,0.0,10094136540.09342,3028873295.7383413,13123009835.83176,23.2976330024474,7065263244.355079,0.5383874075186403,-0.5383874075186403,6,0.22738236395179026,0.31481042235521284,2022-04-11,-0.4565232214487679,-0.5383874075186403,0.4863784407414433,0.4486237765581822,0.7133524697357072,training
2022-04-11,Primary Market Tokens,2529,8099109816.5461,3022044583.57409,0.0,8099109816.5461,3022044583.57409,11121154400.12019,23.132114933431023,5077065232.97201,0.4565232214487679,-0.4565232214487679,6,0.20528661116431704,0.30609584167955445,2022-04-18,0.2348597182461838,-0.4565232214487679,-0.5383874075186403,0.4863784407414433,0.4486237765581822,training
2022-04-18,Primary Market Tokens,2655,6835639751.896994,11032037365.372751,0.0,6835639751.896994,11032037365.372751,17867677117.269745,23.606259169882915,-4196397613.4757576,-0.2348597182461838,0.2348597182461838,6,-0.11418809181859586,0.45853140533634584,2022-04-25,-0.5619892086981041,0.2348597182461838,-0.4565232214487679,-0.5383874075186403,0.4863784407414433,training
2022-04-25,Primary Market Tokens,2552,13045913040.971195,3658316371.528752,0.0,13045913040.971195,3658316371.528752,16704229412.49995,23.538927782598066,9387596669.442444,0.5619892086981041,-0.5619892086981041,6,0.23964874646706472,0.3157670498343779,2022-05-02,-0.6347518802066392,-0.5619892086981041,0.2348597182461838,-0.4565232214487679,-0.5383874075186403,training
2022-05-02,Primary Market Tokens,2571,13507899163.63241,3018032786.2668705,0.0,13507899163.63241,3018032786.2668705,16525931949.89928,23.5281966175175,10489866377.36554,0.6347518802066392,-0.6347518802066392,6,0.31669073165025213,0.3311642105487768,2022-05-09,-0.9675657130976866,-0.6347518802066392,-0.5619892086981041,0.2348597182461838,-0.4565232214487679,training
2022-05-09,Primary Market Tokens,2631,61215887852.65547,1009111744.7187896,0.0,61215887852.65547,1009111744.7187896,62224999597.37426,24.85402267874565,60206776107.93668,0.9675657130976866,-0.9675657130976866,6,0.6122518808432171,0.3484175588104944,2022-05-16,-0.578698891517806,-0.9675657130976866,-0.6347518802066392,-0.5619892086981041,0.2348597182461838,training
2022-05-16,Primary Market Tokens,2731,8956944556.015932,2390304250.125272,0.0,8956944556.015932,2390304250.125272,11347248806.141205,23.15224115564461,6566640305.890661,0.578698891517806,-0.578698891517806,6,0.3405995677166002,0.3404553999498477,2022-05-23,-0.5653394852002115,-0.578698891517806,-0.9675657130976866,-0.6347518802066392,-0.5619892086981041,training
2022-05-23,Primary Market Tokens,2712,8159539791.378226,2265725614.01669,0.0,8159539791.378226,2265725614.01669,10425265405.394917,23.067498062954204,5893814177.361536,0.5653394852002115,-0.5653394852002115,6,0.2761664825743797,0.3129489757601918,2022-05-30,0.3010366535603806,-0.5653394852002115,-0.578698891517806,-0.9675657130976866,-0.6347518802066392,training
2022-05-30,Primary Market Tokens,2825,2838680401.2653604,5283863980.28207,0.0,2838680401.2653604,5283863980.28207,8122544381.54743,22.817909289641253,-2445183579.01671,-0.3010366535603806,0.3010366535603806,6,-0.16759862312061624,0.4699897511379343,2022-06-06,-0.7184671007626899,0.3010366535603806,-0.5653394852002115,-0.578698891517806,-0.9675657130976866,training
2022-06-06,Primary Market Tokens,2817,9498215700.431091,1556072969.06464,0.0,9498215700.431091,1556072969.06464,11054288669.495731,23.126084304590027,7942142731.366453,0.7184671007626899,-0.7184671007626899,6,0.22338624108765337,0.30911245383776303,2022-06-13,-0.912819487947995,-0.7184671007626899,0.3010366535603806,-0.5653394852002115,-0.578698891517806,training
2022-06-13,Primary Market Tokens,2847,27050578917.228558,1232883362.05579,0.0,27050578917.228558,1232883362.05579,28283462279.284344,24.0655430990625,25817695555.172764,0.912819487947995,-0.912819487947995,6,0.6425145801180956,0.3577492281517009,2022-06-20,0.5673354409071146,-0.912819487947995,-0.7184671007626899,0.3010366535603806,-0.5653394852002115,training
2022-06-20,Primary Market Tokens,2799,1567072878.4621694,5676750751.315406,0.0,1567072878.4621694,5676750751.315406,7243823629.777575,22.703415029732696,-4109677872.853236,-0.5673354409071146,0.5673354409071146,6,-0.22399463081151666,0.3225771384624951,2022-06-27,-0.5206131327748864,0.5673354409071146,-0.912819487947995,-0.7184671007626899,0.3010366535603806,training
2022-06-27,Primary Market Tokens,2826,5099147560.4575815,1607551797.25797,0.0,5099147560.4575815,1607551797.25797,6706699357.715551,22.626372768057934,3491595763.199612,0.5206131327748864,-0.5206131327748864,6,0.3042853389434816,0.33215867191364357,2022-07-04,0.5348607534348636,-0.5206131327748864,0.5673354409071146,-0.912819487947995,-0.7184671007626899,training
2022-07-04,Primary Market Tokens,2842,1785736554.97915,5892551476.684856,0.0,1785736554.97915,5892551476.684856,7678288031.664006,22.761662446843783,-4106814921.7057066,-0.5348607534348636,0.5348607534348636,6,-0.28131371917930387,0.36879138695651426,2022-07-11,0.3308576832651665,0.5348607534348636,-0.5206131327748864,0.5673354409071146,-0.912819487947995,training
2022-07-11,Primary Market Tokens,2879,2157898557.863212,4291846149.340354,0.0,2157898557.863212,4291846149.340354,6449744707.203566,22.5873063868473,-2133947591.4771416,-0.3308576832651665,0.3308576832651665,6,-0.13708364200883383,0.31433797711848854,2022-07-18,0.5843986216954273,0.3308576832651665,0.5348607534348636,-0.5206131327748864,0.5673354409071146,training
2022-07-18,Primary Market Tokens,3086,1704732752.0055125,6498958770.673713,0.0,1704732752.0055125,6498958770.673713,8203691522.679225,22.827850075727927,-4794226018.6682005,-0.5843986216954273,0.5843986216954273,6,-0.32207888099272397,0.3036070626474191,2022-07-25,0.4326875842119279,0.5843986216954273,0.3308576832651665,0.5348607534348636,-0.5206131327748864,training
2022-07-25,Primary Market Tokens,2911,2173411666.52349,5488721599.163401,0.0,2173411666.52349,5488721599.163401,7662133265.686891,22.759556276272107,-3315309932.6399107,-0.4326875842119279,0.4326875842119279,6,-0.1721805876430632,0.3251624628021221,2022-08-01,0.2493232709379189,0.4326875842119279,0.5843986216954273,0.3308576832651665,0.5348607534348636,training
2022-08-01,Primary Market Tokens,2999,2110113141.801599,3511782569.386998,0.0,2110113141.801599,3511782569.386998,5621895711.188597,22.449934759310032,-1401669427.5853992,-0.2493232709379189,0.2493232709379189,6,-0.13858062130704424,0.4944035355729043,2022-08-08,0.6453039562854769,0.2493232709379189,0.4326875842119279,0.5843986216954273,0.3308576832651665,training
2022-08-08,Primary Market Tokens,2952,1515897990.72841,7031690952.48788,0.0,1515897990.72841,7031690952.48788,8547588943.2162895,22.86891508529856,-5515792961.75947,-0.6453039562854769,0.6453039562854769,6,-0.3690025669177729,0.3099774300105623,2022-08-15,-0.622091954812979,0.6453039562854769,0.2493232709379189,0.4326875842119279,0.5843986216954273,training
2022-08-15,Primary Market Tokens,2800,11712225507.321957,2728664200.03416,0.0,11712225507.321957,2728664200.03416,14440889707.356115,23.393329582665103,8983561307.287794,0.622091954812979,-0.622091954812979,6,0.3101010028206487,0.32651061080020716,2022-08-22,-0.6161425768202559,-0.622091954812979,0.6453039562854769,0.2493232709379189,0.4326875842119279,training
2022-08-22,Primary Market Tokens,2788,4964319257.637123,1179098196.7862,0.0,4964319257.637123,1179098196.7862,6143417454.423323,22.53864701309851,3785221060.850923,0.6161425768202559,-0.6161425768202559,6,0.3914554032685068,0.3193388501395314,2022-08-29,0.3049273742833368,-0.6161425768202559,-0.622091954812979,0.6453039562854769,0.2493232709379189,training
2022-08-29,Primary Market Tokens,2700,1751351102.7191703,3287981588.345791,0.0,1751351102.7191703,3287981588.345791,5039332691.064961,22.34053950789566,-1536630485.6266203,-0.3049273742833368,0.3049273742833368,6,-0.15448676015016616,0.3491705549126703,2022-09-05,0.4442972474431519,0.3049273742833368,-0.6161425768202559,-0.622091954812979,0.6453039562854769,training
2022-09-05,Primary Market Tokens,2696,2090638778.5452704,5433667224.712827,0.0,2090638778.5452704,5433667224.712827,7524306003.258097,22.74140441798057,-3343028446.1675563,-0.4442972474431519,0.4442972474431519,6,-0.25761242435821197,0.32493032250852205,2022-09-12,-0.8331708583215638,0.4442972474431519,0.3049273742833368,-0.6161425768202559,-0.622091954812979,training
2022-09-12,Primary Market Tokens,2690,9650240785.708317,878227678.53947,0.0,9650240785.708317,878227678.53947,10528468464.247787,23.077348707618413,8772013107.168846,0.8331708583215638,-0.8331708583215638,6,0.5263455551168361,0.326783206488109,2022-09-19,-0.0100482159673141,-0.8331708583215638,0.4442972474431519,0.3049273742833368,-0.6161425768202559,training
2022-09-19,Primary Market Tokens,2910,2384665732.291881,2337219212.5928698,0.0,2384665732.291881,2337219212.5928698,4721884944.88475,22.2754739097654,47446519.699011326,0.0100482159673141,-0.0100482159673141,6,-0.027994155754261462,0.2924149826026031,2022-09-26,0.228594935534659,-0.0100482159673141,-0.8331708583215638,0.4442972474431519,0.3049273742833368,training
2022-09-26,Primary Market Tokens,2815,1457209141.8062608,2320855610.247834,0.0,1457209141.8062608,2320855610.247834,3778064752.0540953,22.05247774538496,-863646468.4415734,-0.228594935534659,0.228594935534659,6,-0.16064409806702615,0.3705174493366746,2022-10-03,0.2242766402526361,0.228594935534659,-0.0100482159673141,-0.8331708583215638,0.4442972474431519,training
2022-10-03,Primary Market Tokens,2870,1301015750.6900415,2053313429.5315104,0.0,1301015750.6900415,2053313429.5315104,3354329180.221552,21.93351764139356,-752297678.8414688,-0.2242766402526361,0.2242766402526361,6,-0.13589718573070542,0.3381249792198708,2022-10-10,-0.5863733729638382,0.2242766402526361,0.228594935534659,-0.0100482159673141,-0.8331708583215638,training
2022-10-10,Primary Market Tokens,2956,3651928607.2021065,952193813.71217,0.0,3651928607.2021065,952193813.71217,4604122420.914276,22.250217917790124,2699734793.4899364,0.5863733729638382,-0.5863733729638382,6,0.2629043871050557,0.31917344564364014,2022-10-17,-0.4503482957957378,-0.5863733729638382,0.2242766402526361,0.228594935534659,-0.0100482159673141,training
2022-10-17,Primary Market Tokens,3290,3198961548.9426517,1212339596.0523603,0.0,3198961548.9426517,1212339596.0523603,4411301144.995012,22.207435527331427,1986621952.8902907,0.4503482957957378,-0.4503482957957378,6,0.25122191449299813,0.3314604645017439,2022-10-24,0.6756902258829174,-0.4503482957957378,-0.5863733729638382,0.2242766402526361,0.228594935534659,training
2022-10-24,Primary Market Tokens,3301,1341174418.1723,6929772221.185589,0.0,1341174418.1723,6929772221.185589,8270946639.357889,22.836014806221744,-5588597803.0132885,-0.6756902258829174,0.6756902258829174,6,-0.37456161178398967,0.3052377345356697,2022-10-31,0.2766789641584498,0.6756902258829174,-0.4503482957957378,-0.5863733729638382,0.2242766402526361,training
2022-10-31,Primary Market Tokens,3345,2235492646.6817207,3945698099.639737,0.0,2235492646.6817207,3945698099.639737,6181190746.321458,22.54477676741618,-1710205452.9580164,-0.2766789641584498,0.2766789641584498,6,-0.16039965997407177,0.41784430316049714,2022-11-07,-0.7198474350038673,0.2766789641584498,0.6756902258829174,-0.4503482957957378,-0.5863733729638382,training
2022-11-07,Primary Market Tokens,3326,17939050446.185764,2922160939.282769,0.0,17939050446.185764,2922160939.282769,20861211385.468533,23.76115735705096,15016889506.902996,0.7198474350038673,-0.7198474350038673,6,0.46008629033961795,0.352905554406839,2022-11-14,-0.2369071686681715,-0.7198474350038673,0.2766789641584498,0.6756902258829174,-0.4503482957957378,training
2022-11-14,Primary Market Tokens,3156,4123687343.522595,2544052076.182988,0.0,4123687343.522595,2544052076.182988,6667739419.705584,22.620546721993005,1579635267.3396068,0.2369071686681715,-0.2369071686681715,6,-0.03728704964180221,0.4761569863414324,2022-11-21,0.2556231178603538,-0.2369071686681715,-0.7198474350038673,0.2766789641584498,0.6756902258829174,training
2022-11-21,Primary Market Tokens,3214,4691590158.863488,7913825918.481426,0.0,4691590158.863488,7913825918.481426,12605416077.344912,23.25739240603357,-3222235759.617938,-0.2556231178603538,0.2556231178603538,6,-0.23683245663419877,0.5248452595384089,2022-11-28,-0.0653009984322359,0.2556231178603538,-0.2369071686681715,-0.7198474350038673,0.2766789641584498,training
2022-11-28,Primary Market Tokens,3246,3692143154.304381,3239499939.502856,0.0,3692143154.304381,3239499939.502856,6931643093.807236,22.659362720862525,452643214.8015251,0.0653009984322359,-0.0653009984322359,6,0.015268146208966858,0.4497724027574977,2022-12-05,-0.262121454087126,-0.0653009984322359,0.2556231178603538,-0.2369071686681715,-0.7198474350038673,training
2022-12-05,Primary Market Tokens,3426,3354154391.2016096,1960951188.1225617,0.0,3354154391.2016096,1960951188.1225617,5315105579.324171,22.39381871313835,1393203203.079048,0.262121454087126,-0.262121454087126,6,0.21740000859341893,0.5142812231231557,2022-12-12,-0.7525918831356758,-0.262121454087126,-0.0653009984322359,0.2556231178603538,-0.2369071686681715,training
2022-12-12,Primary Market Tokens,3383,14330581943.095514,2023005085.3411813,0.0,14330581943.095514,2023005085.3411813,16353587028.436695,23.51771310040678,12307576857.754332,0.7525918831356758,-0.7525918831356758,6,0.6355180727044717,0.7098724781264929,2022-12-19,-0.3228543874469414,-0.7525918831356758,-0.262121454087126,-0.0653009984322359,0.2556231178603538,training
2022-12-19,Primary Market Tokens,3425,2718092236.850289,1391343030.7699113,0.0,2718092236.850289,1391343030.7699113,4109435267.6202,22.136551451785067,1326749206.0803776,0.3228543874469414,-0.3228543874469414,6,0.2251684444932247,0.5094170035140008,2022-12-26,-0.4579395735663338,-0.3228543874469414,-0.7525918831356758,-0.262121454087126,-0.0653009984322359,training
2022-12-26,Primary Market Tokens,3446,3342111168.6344786,1242593477.8814054,0.0,3342111168.6344786,1242593477.8814054,4584704646.515884,22.245991523462383,2099517690.7530727,0.4579395735663338,-0.4579395735663338,6,0.36614851481194655,0.5960787366983288,2023-01-02,0.5962470165990248,-0.4579395735663338,-0.3228543874469414,-0.7525918831356758,-0.262121454087126,training
2023-01-02,Primary Market Tokens,3431,1059632109.3953902,4189280730.676671,0.0,1059632109.3953902,4189280730.676671,5248912840.072061,22.38128681421532,-3129648621.2812805,-0.5962470165990248,0.5962470165990248,6,-0.4396952984836782,0.4920334671792956,2023-01-09,0.8771798890974313,0.5962470165990248,-0.4579395735663338,-0.3228543874469414,-0.7525918831356758,training
2023-01-09,Primary Market Tokens,3440,894351573.0291198,13669249883.715927,0.0,894351573.0291198,13669249883.715927,14563601456.745049,23.40179120199538,-12774898310.68681,-0.8771798890974313,0.8771798890974313,6,-0.6284571835156827,0.48518959457287497,2023-01-16,0.4634765061694079,0.8771798890974313,0.5962470165990248,-0.4579395735663338,-0.3228543874469414,training
2023-01-16,Primary Market Tokens,3443,2168591429.886568,5915272389.02498,0.0,2168591429.886568,5915272389.02498,8083863818.911548,22.81313579071397,-3746680959.138412,-0.4634765061694079,0.4634765061694079,6,-0.3265263914774581,0.3957519029529699,2023-01-23,-0.018914068640694,0.4634765061694079,0.8771798890974313,0.5962470165990248,-0.4579395735663338,training
2023-01-23,Primary Market Tokens,3628,2859430534.101397,2753271502.5209584,0.0,2859430534.101397,2753271502.5209584,5612702036.622355,22.448298087161508,106159031.5804386,0.018914068640694,-0.018914068640694,6,-0.1200000055805972,0.5036807065893825,2023-01-30,0.1258702765385728,-0.018914068640694,0.4634765061694079,0.8771798890974313,0.5962470165990248,training
2023-01-30,Primary Market Tokens,3678,2524790658.11378,3251904929.163528,0.0,2524790658.11378,3251904929.163528,5776695587.277308,22.477097658619478,-727114271.049748,-0.1258702765385728,0.1258702765385728,6,-0.057598543516023046,0.5115017248835754,2023-02-06,-0.5005839438537747,0.1258702765385728,-0.018914068640694,0.4634765061694079,0.8771798890974313,training
2023-02-06,Primary Market Tokens,3647,4874222184.904229,1622211693.21169,0.0,4874222184.904229,1622211693.21169,6496433878.115919,22.594519229311143,3252010491.692539,0.5005839438537747,-0.5005839438537747,6,0.3196605144975651,0.41495434124798514,2023-02-13,0.4700994633095885,-0.5005839438537747,0.1258702765385728,-0.018914068640694,0.4634765061694079,training
2023-02-13,Primary Market Tokens,3653,3377772338.854142,9370930879.86922,0.0,3377772338.854142,9370930879.86922,12748703218.723362,23.26869539512122,-5993158541.015077,-0.4700994633095885,0.4700994633095885,6,-0.3985558065774293,0.4619683713519071,2023-02-20,-0.3553418693187894,0.4700994633095885,-0.5005839438537747,0.1258702765385728,-0.018914068640694,training
2023-02-20,Primary Market Tokens,3711,5872725273.338099,2793317451.7933817,0.0,5872725273.338099,2793317451.7933817,8666042725.131481,22.88267809056948,3079407821.544717,0.3553418693187894,-0.3553418693187894,6,0.31652752711603793,0.5678914908998407,2023-02-27,-0.4919825878631636,-0.3553418693187894,0.4700994633095885,-0.5005839438537747,0.1258702765385728,training
2023-02-27,Primary Market Tokens,3736,7349641371.318669,2502539788.308561,0.0,7349641371.318669,2502539788.308561,9852181159.62723,23.010958705243844,4847101583.010109,0.4919825878631636,-0.4919825878631636,6,0.4124244891895625,0.5775338302384124,2023-03-06,-0.4421769325425159,-0.4919825878631636,-0.3553418693187894,0.4700994633095885,-0.5005839438537747,training
2023-03-06,Primary Market Tokens,3865,11929667163.852337,4614304514.880149,0.0,11929667163.852337,4614304514.880149,16543971678.732485,23.529287623455957,7315362648.972186,0.4421769325425159,-0.4421769325425159,6,0.35082164723579146,0.3893710727109418,2023-03-13,0.3882781037843936,-0.4421769325425159,-0.4919825878631636,-0.3553418693187894,0.4700994633095885,training
2023-03-13,Primary Market Tokens,3758,6030984901.395803,13687076324.485617,0.0,6030984901.395803,13687076324.485617,19718061225.88142,23.704800866220797,-7656091423.089813,-0.3882781037843936,0.3882781037843936,6,-0.4256933273464608,0.45551785704058856,2023-03-20,-0.2236416842677373,0.3882781037843936,-0.4421769325425159,-0.4919825878631636,-0.3553418693187894,training
2023-03-20,Primary Market Tokens,3743,5815304957.728719,3689609810.206416,0.0,5815304957.728719,3689609810.206416,9504914767.935137,22.97507484587502,2125695147.522303,0.2236416842677373,-0.2236416842677373,6,0.14430624910742185,0.524378639545619,2023-03-27,-0.0555186296791455,-0.2236416842677373,0.3882781037843936,-0.4421769325425159,-0.4919825878631636,training
2023-03-27,Primary Market Tokens,3809,3457319832.376731,3093620596.647587,0.0,3457319832.376731,3093620596.647587,6550940429.024318,22.602874453390317,363699235.7291441,0.0555186296791455,-0.0555186296791455,6,0.0241612358835246,0.4359758560559596,2023-04-03,0.0865206646281857,-0.0555186296791455,-0.2236416842677373,0.3882781037843936,-0.4421769325425159,training
2023-04-03,Primary Market Tokens,3993,2493162713.567781,2965445088.5517645,0.0,2493162713.567781,2965445088.5517645,5458607802.119546,22.42045961307638,-472282374.98398304,-0.0865206646281857,0.0865206646281857,6,-0.06439469816959122,0.3967271156282171,2023-04-10,0.2607884251380461,0.0865206646281857,-0.0555186296791455,-0.2236416842677373,0.3882781037843936,training
2023-04-10,Primary Market Tokens,3992,4806112369.640031,8197234799.369225,0.0,4806112369.640031,8197234799.369225,13003347169.009254,23.288472635883146,-3391122429.7291937,-0.2607884251380461,0.2607884251380461,6,-0.2963160598821406,0.42940444558201113,2023-04-17,-0.551238939109071,0.2607884251380461,0.0865206646281857,-0.0555186296791455,-0.2236416842677373,training
2023-04-17,Primary Market Tokens,4015,8010682438.761341,2317426580.16536,0.0,8010682438.761341,2317426580.16536,10328109018.9267,23.058135046198664,5693255858.595982,0.551238939109071,-0.551238939109071,6,0.3834181210099662,0.3376575427232446,2023-04-24,0.0249677077068629,-0.551238939109071,0.2607884251380461,0.0865206646281857,-0.0555186296791455,training
2023-04-24,Primary Market Tokens,4092,3385730484.425201,3559127672.9645305,0.0,3385730484.425201,3559127672.9645305,6944858157.389731,22.66126738938616,-173397188.53932953,-0.0249677077068629,0.0249677077068629,6,-0.13915024293749334,0.4008502822381418,2023-05-01,-0.2242029247024875,0.0249677077068629,-0.551238939109071,0.2607884251380461,0.0865206646281857,training
2023-05-01,Primary Market Tokens,4089,4396499151.238666,2786132196.1045485,0.0,4396499151.238666,2786132196.1045485,7182631347.343214,22.69493163592419,1610366955.1341171,0.2242029247024875,-0.2242029247024875,6,0.2131409310911943,0.42101025042194323,2023-05-08,-0.3690334781112319,-0.2242029247024875,0.0249677077068629,-0.551238939109071,0.2607884251380461,training
2023-05-08,Primary Market Tokens,4132,5239851638.476738,2414967213.295721,0.0,5239851638.476738,2414967213.295721,7654818851.772459,22.75860120186652,2824884425.181017,0.3690334781112319,-0.3690334781112319,6,0.39043696466930605,0.4631629610744016,2023-05-15,0.4679715198497374,-0.3690334781112319,-0.2242029247024875,0.0249677077068629,-0.551238939109071,training
2023-05-15,Primary Market Tokens,4187,1263681541.2602403,3486746634.702576,0.0,1263681541.2602403,3486746634.702576,4750428175.962816,22.281500593448857,-2223065093.442335,-0.4679715198497374,0.4679715198497374,6,-0.3653061477548518,0.4542830654763889,2023-05-22,-0.3029027246135125,0.4679715198497374,-0.3690334781112319,-0.2242029247024875,0.0249677077068629,training
2023-05-22,Primary Market Tokens,3949,5589023012.563193,2990317420.1173773,0.0,5589023012.563193,2990317420.1173773,8579340432.680571,22.87262287496004,2598705592.445816,0.3029027246135125,-0.3029027246135125,6,0.25309655154064564,0.38964108029386135,2023-05-29,-0.4009429160637514,-0.3029027246135125,0.4679715198497374,-0.3690334781112319,-0.2242029247024875,training
2023-05-29,Primary Market Tokens,4083,3746867142.7455754,1602197547.5891304,0.0,3746867142.7455754,1602197547.5891304,5349064690.334705,22.400187558521232,2144669595.156444,0.4009429160637514,-0.4009429160637514,6,0.29779705151620683,0.3941773861596258,2023-06-05,-0.7269301322619802,-0.4009429160637514,-0.3029027246135125,0.4679715198497374,-0.3690334781112319,training
2023-06-05,Primary Market Tokens,4066,12521007815.099064,1979877404.5000703,0.0,12521007815.099064,1979877404.5000703,14500885219.599134,23.397475534205974,10541130410.598991,0.7269301322619802,-0.7269301322619802,6,0.5576915831557855,0.5083414305530728,2023-06-12,-0.0574296130582694,-0.7269301322619802,-0.4009429160637514,-0.3029027246135125,0.4679715198497374,training
2023-06-12,Primary Market Tokens,4088,3414525358.724529,3043635669.789001,0.0,3414525358.724529,3043635669.789001,6458161028.513531,22.588610443860684,370889688.9355273,0.0574296130582694,-0.0574296130582694,6,0.003495763966888168,0.51547522874719,2023-06-19,0.6584235643376664,-0.0574296130582694,-0.7269301322619802,-0.4009429160637514,-0.3029027246135125,training
2023-06-19,Primary Market Tokens,4105,1679278439.3093345,8153240809.585166,0.0,1679278439.3093345,8153240809.585166,9832519248.8945,23.008961020050627,-6473962370.275831,-0.6584235643376664,0.6584235643376664,6,-0.5357992180622602,0.4128577552758032,2023-06-26,0.2662346291783641,0.6584235643376664,-0.0574296130582694,-0.7269301322619802,-0.4009429160637514,training
2023-06-26,Primary Market Tokens,4117,1760285519.8799906,3037666495.5139923,0.0,1760285519.8799906,3037666495.5139923,4797952015.393983,22.29145500056234,-1277380975.6340015,-0.2662346291783641,0.2662346291783641,6,-0.2069385534875194,0.40304691726218045,2023-07-03,-0.3911318203906361,0.2662346291783641,0.6584235643376664,-0.0574296130582694,-0.7269301322619802,training
2023-07-03,Primary Market Tokens,4093,4190777474.365001,1834212268.4304905,0.0,4190777474.365001,1834212268.4304905,6024989742.795491,22.519181614047078,2356565205.934511,0.3911318203906361,-0.3911318203906361,6,0.2730361926398042,0.38629783748048574,2023-07-10,0.4610759072523904,-0.3911318203906361,0.2662346291783641,0.6584235643376664,-0.0574296130582694,training
2023-07-10,Primary Market Tokens,4162,2566534011.070331,6958124639.780886,0.0,2566534011.070331,6958124639.780886,9524658650.851215,22.977149920241025,-4391590628.710554,-0.4610759072523904,0.4610759072523904,6,-0.34404192930762695,0.3982797027415346,2023-07-17,-0.4099196178972905,0.4610759072523904,-0.3911318203906361,0.2662346291783641,0.6584235643376664,training
2023-07-17,Primary Market Tokens,4170,4692972194.595054,1964105464.3341887,0.0,4692972194.595054,1964105464.3341887,6657077658.929243,22.61894643540188,2728866730.2608643,0.4099196178972905,-0.4099196178972905,6,0.2726181674343031,0.3884392089080643,2023-07-24,-0.0991128615560733,-0.4099196178972905,0.4610759072523904,-0.3911318203906361,0.2662346291783641,training
2023-07-24,Primary Market Tokens,4232,1991635742.32388,1632442934.1902206,0.0,1991635742.32388,1632442934.1902206,3624078676.514101,22.010865935022306,359192808.1336596,0.0991128615560733,-0.0991128615560733,6,0.13382747261638211,0.40131188204443224,2023-07-31,-0.1145418941637646,-0.0991128615560733,-0.4099196178972905,0.4610759072523904,-0.3911318203906361,training
2023-07-31,Primary Market Tokens,4275,4524225793.90576,3594312984.3969874,0.0,4524225793.90576,3594312984.3969874,8118538778.302748,22.817416021638625,929912809.5087724,0.1145418941637646,-0.1145418941637646,6,0.10773382462503661,0.3626090089624297,2023-08-07,0.3100242780691076,-0.1145418941637646,-0.0991128615560733,-0.4099196178972905,0.4610759072523904,training
2023-08-07,Primary Market Tokens,4088,1538906489.9978414,2921848986.1259327,0.0,1538906489.9978414,2921848986.1259327,4460755476.123774,22.21858397812324,-1382942496.128091,-0.3100242780691076,0.3100242780691076,6,-0.18088798681428392,0.3532514739113936,2023-08-14,-0.7462737306697256,0.3100242780691076,-0.1145418941637646,-0.0991128615560733,-0.4099196178972905,training
2023-08-14,Primary Market Tokens,4091,10282547109.399326,1494011088.5594723,0.0,10282547109.399326,1494011088.5594723,11776558197.9588,23.18937679921567,8788536020.839853,0.7462737306697256,-0.7462737306697256,6,0.5777903529798569,0.4010191115626587,2023-08-21,-0.2238486267421603,-0.7462737306697256,0.3100242780691076,-0.1145418941637646,-0.0991128615560733,training
2023-08-21,Primary Market Tokens,4112,2463594190.663452,1562384409.682652,0.0,2463594190.663452,1562384409.682652,4025978600.346104,22.11603384903466,901209780.9808002,0.2238486267421603,-0.2238486267421603,6,0.21596430891518403,0.4739490392063682,2023-08-28,-0.0695213326285999,-0.2238486267421603,-0.7462737306697256,0.3100242780691076,-0.1145418941637646,training
2023-08-28,Primary Market Tokens,4133,2763400066.152527,2404145417.696443,0.0,2763400066.152527,2404145417.696443,5167545483.84897,22.36566365158092,359254648.4560838,0.0695213326285999,-0.0695213326285999,6,0.09040707242652184,0.4495766329601135,2023-09-04,0.0712642447382463,-0.0695213326285999,-0.2238486267421603,-0.7462737306697256,0.3100242780691076,training
2023-09-04,Primary Market Tokens,4108,1868263911.5775745,2154977147.018313,0.0,1868263911.5775745,2154977147.018313,4023241058.595887,22.11535364847583,-286713235.44073844,-0.0712642447382463,0.0712642447382463,6,0.05014262916953399,0.37593768487427454,2023-09-11,0.4825764882699049,0.0712642447382463,-0.0695213326285999,-0.2238486267421603,-0.7462737306697256,training
2023-09-11,Primary Market Tokens,4092,1369355098.0040417,3923620837.416311,0.0,1369355098.0040417,3923620837.416311,5292975935.420353,22.38964648350933,-2554265739.412269,-0.4825764882699049,0.4825764882699049,6,-0.40495959639659485,0.3875598351335576,2023-09-18,-0.0893897247675526,0.4825764882699049,0.0712642447382463,-0.0695213326285999,-0.2238486267421603,training
2023-09-18,Primary Market Tokens,4099,2129475331.3614423,1780007717.6287928,0.0,2129475331.3614423,1780007717.6287928,3909483048.9902353,22.08667098992416,349467613.7326496,0.0893897247675526,-0.0893897247675526,6,0.010618910326529899,0.40314993162785673,2023-09-25,0.509226054885592,-0.0893897247675526,0.4825764882699049,0.0712642447382463,-0.0695213326285999,training
2023-09-25,Primary Market Tokens,4122,1641919345.9744315,5049223744.727628,0.0,1641919345.9744315,5049223744.727628,6691143090.702059,22.62405056221593,-3407304398.753196,-0.509226054885592,0.509226054885592,6,-0.37157225264977634,0.3653317493928652,2023-10-02,-0.4514701199529669,0.509226054885592,-0.0893897247675526,0.4825764882699049,0.0712642447382463,training
2023-10-02,Primary Market Tokens,4137,4124121469.667233,1558560402.9721708,0.0,4124121469.667233,1558560402.9721708,5682681872.639404,22.460689119098618,2565561066.695062,0.4514701199529669,-0.4514701199529669,6,0.25323061378251,0.34041836823147964,2023-10-09,-0.4042178771313108,-0.4514701199529669,0.509226054885592,-0.0893897247675526,0.4825764882699049,training
2023-10-09,Primary Market Tokens,4210,5270709111.8268175,2236258571.271472,0.0,5270709111.8268175,2236258571.271472,7506967683.0982895,22.7390974507589,3034450540.555345,0.4042178771313108,-0.4042178771313108,6,0.2742680923809972,0.292158602760947,2023-10-16,0.5948702423659381,-0.4042178771313108,-0.4514701199529669,0.509226054885592,-0.0893897247675526,training
2023-10-16,Primary Market Tokens,4225,1791135518.5501602,7051145181.886682,0.0,1791135518.5501602,7051145181.886682,8842280700.436842,22.902810678220323,-5260009663.336521,-0.5948702423659381,0.5948702423659381,6,-0.34707736677656326,0.3139990589847319,2023-10-23,0.6266825875866764,0.5948702423659381,-0.4042178771313108,-0.4514701199529669,0.509226054885592,training
2023-10-23,Primary Market Tokens,4237,1990886722.806961,8675032715.221945,0.0,1990886722.806961,8675032715.221945,10665919438.028906,23.09031939603319,-6684145992.414984,-0.6266825875866764,0.6266825875866764,6,-0.48624213113284687,0.3619231797925933,2023-10-30,0.577401431576121,0.6266825875866764,0.5948702423659381,-0.4042178771313108,-0.4514701199529669,training
2023-10-30,Primary Market Tokens,4322,1597971980.13976,5964628083.081213,0.0,1597971980.13976,5964628083.081213,7562600063.220973,22.74648089184836,-4366656102.941453,-0.577401431576121,0.577401431576121,6,-0.3013444209472981,0.3507701291451129,2023-11-06,0.7390405484780727,0.577401431576121,0.6266825875866764,0.5948702423659381,-0.4042178771313108,training
2023-11-06,Primary Market Tokens,4342,1415229164.1101007,9431123829.478909,0.0,1415229164.1101007,9431123829.478909,10846352993.589008,23.10709473089772,-8015894665.368806,-0.7390405484780727,0.7390405484780727,6,-0.4641288880583367,0.3662660475623252,2023-11-13,-0.3611635025279974,0.7390405484780727,0.577401431576121,0.6266825875866764,0.5948702423659381,training
2023-11-13,Primary Market Tokens,4417,5943544929.175356,2789491062.66076,0.0,5943544929.175356,2789491062.66076,8733035991.836117,22.890378911843936,3154053866.514596,0.3611635025279974,-0.3611635025279974,6,0.2001491509734684,0.35887309819816854,2023-11-20,0.2182829398272961,-0.3611635025279974,0.7390405484780727,0.577401431576121,0.6266825875866764,training
2023-11-20,Primary Market Tokens,4449,3247080668.1829166,5060479275.476348,0.0,3247080668.1829166,5060479275.476348,8307559943.659265,22.84043177389486,-1813398607.2934315,-0.2182829398272961,0.2182829398272961,6,-0.03539059396786986,0.34124976709077515,2023-11-27,0.4400903524413857,0.2182829398272961,-0.3611635025279974,0.7390405484780727,0.577401431576121,training
2023-11-27,Primary Market Tokens,4495,2484443800.710073,6390001608.627113,0.0,2484443800.710073,6390001608.627113,8874445409.337187,22.90644168137928,-3905557807.91704,-0.4400903524413857,0.4400903524413857,6,-0.2802915651425304,0.3320396268609153,2023-12-04,0.7098741473514606,0.4400903524413857,0.2182829398272961,-0.3611635025279974,0.7390405484780727,training
2023-12-04,Primary Market Tokens,4568,2065764032.0678265,12174704462.618908,0.0,2065764032.0678265,12174704462.618908,14240468494.686731,23.37935364236705,-10108940430.551085,-0.7098741473514606,0.7098741473514606,6,-0.39314857869784886,0.31999497193862964,2023-12-11,-0.2061415602874169,0.7098741473514606,0.4400903524413857,0.2182829398272961,-0.3611635025279974,training
2023-12-11,Primary Market Tokens,4550,7621462621.075582,5016295453.124977,0.0,7621462621.075582,5016295453.124977,12637758074.200558,23.259954842465344,2605167167.9506044,0.2061415602874169,-0.2061415602874169,6,0.15061894477281046,0.32636668094047394,2023-12-18,0.7070551984331896,-0.2061415602874169,0.7098741473514606,0.4400903524413857,0.2182829398272961,training
2023-12-18,Primary Market Tokens,4656,1997026433.7606225,11637121863.663055,0.0,1997026433.7606225,11637121863.663055,13634148297.423676,23.33584338693095,-9640095429.902431,-0.7070551984331896,0.7070551984331896,6,-0.47154397341446047,0.360981158369669,2023-12-25,0.3791635917695752,0.7070551984331896,-0.2061415602874169,0.7098741473514606,0.4400903524413857,training
2023-12-25,Primary Market Tokens,4858,3095543900.3241944,6876628669.733187,0.0,3095543900.3241944,6876628669.733187,9972172570.05738,23.023064308019293,-3781084769.408992,-0.3791635917695752,0.3791635917695752,6,-0.16925192236503706,0.3607685339277065,2024-01-01,0.0420604544615199,0.3791635917695752,0.7070551984331896,-0.2061415602874169,0.7098741473514606,validation
2024-01-01,Primary Market Tokens,4974,5509287921.524825,5993082864.155448,0.0,5509287921.524825,5993082864.155448,11502370785.680271,23.16581900643202,-483794942.63062286,-0.0420604544615199,0.0420604544615199,6,-0.09882575556265523,0.4414010150839093,2024-01-08,0.6596195298645045,0.0420604544615199,0.3791635917695752,0.7070551984331896,-0.2061415602874169,validation
2024-01-08,Primary Market Tokens,5046,3560859735.708641,17361960743.92209,0.0,3560859735.708641,17361960743.92209,20922820479.63073,23.76410628926532,-13801101008.213448,-0.6596195298645045,0.6596195298645045,6,-0.3784398409036653,0.30707043267449585,2024-01-15,-0.0982303389857641,0.6596195298645045,0.0420604544615199,0.3791635917695752,0.7070551984331896,validation
2024-01-15,Primary Market Tokens,5126,5780963453.190047,4746816099.010036,0.0,5780963453.190047,4746816099.010036,10527779552.200085,23.07728327221441,1034147354.1800108,0.0982303389857641,-0.0982303389857641,6,0.06376254189643883,0.3862164689741821,2024-01-22,-0.4215994657969125,-0.0982303389857641,0.6596195298645045,0.0420604544615199,0.3791635917695752,validation
2024-01-22,Primary Market Tokens,5206,11303324654.219591,4598938854.135393,0.0,11303324654.219591,4598938854.135393,15902263508.354984,23.489727295119437,6704385800.084198,0.4215994657969125,-0.4215994657969125,6,0.23690179964041763,0.307922781114286,2024-01-29,0.2275044739281016,-0.4215994657969125,-0.0982303389857641,0.6596195298645045,0.0420604544615199,validation
2024-01-29,Primary Market Tokens,5289,3492472032.104412,5549579123.488579,0.0,3492472032.104412,5549579123.488579,9042051155.59299,22.92515188346628,-2057107091.3841667,-0.2275044739281016,0.2275044739281016,6,-0.14565950415974388,0.32608901596622714,2024-02-05,0.7638922437237167,0.2275044739281016,-0.4215994657969125,-0.0982303389857641,0.6596195298645045,validation
2024-02-05,Primary Market Tokens,5173,2370513421.722742,17709414989.852764,0.0,2370513421.722742,17709414989.852764,20079928411.57551,23.722986566652803,-15338901568.130022,-0.7638922437237167,0.7638922437237167,6,-0.4218816124233394,0.2897417338163643,2024-02-12,0.8350056246335716,0.7638922437237167,0.2275044739281016,-0.4215994657969125,-0.0982303389857641,validation
2024-02-12,Primary Market Tokens,5217,1643151967.1214418,18274520541.07456,0.0,1643151967.1214418,18274520541.07456,19917672508.196003,23.714873240368483,-16631368573.95312,-0.8350056246335716,0.8350056246335716,6,-0.4840672127862947,0.29882760527512586,2024-02-19,0.3891221839329442,0.8350056246335716,0.7638922437237167,0.2275044739281016,-0.4215994657969125,validation
2024-02-19,Primary Market Tokens,5414,4320800585.42105,9825401721.41393,0.0,4320800585.42105,9825401721.41393,14146202306.83498,23.372712036874244,-5504601135.992881,-0.3891221839329442,0.3891221839329442,6,-0.18798232360021852,0.30499892665585804,2024-02-26,0.8445688485065558,0.3891221839329442,0.8350056246335716,0.7638922437237167,0.2275044739281016,validation
2024-02-26,Primary Market Tokens,4544,2608025180.349601,30950565298.98044,0.0,2608025180.349601,30950565298.98044,33558590479.330044,24.236558717673223,-28342540118.63084,-0.8445688485065558,0.8445688485065558,6,-0.39292464809035754,0.256736590843599,2024-03-04,0.871527278696813,0.8445688485065558,0.3891221839329442,0.8350056246335716,0.7638922437237167,validation
2024-03-04,Primary Market Tokens,4600,2229877256.230349,32483752744.149094,0.0,2229877256.230349,32483752744.149094,34713630000.37944,24.2703982422041,-30253875487.918743,-0.871527278696813,0.871527278696813,6,-0.4850668160478694,0.2948258038945441,2024-03-11,-0.3639246867934649,0.871527278696813,0.8445688485065558,0.3891221839329442,0.8350056246335716,validation
2024-03-11,Primary Market Tokens,4420,19501427904.518124,9094620093.359589,0.0,19501427904.518124,9094620093.359589,28596047997.877712,24.076534363366804,10406807811.158537,0.3639246867934649,-0.3639246867934649,6,0.17983734160217346,0.27923418885544016,2024-03-18,-0.1834085120683604,-0.3639246867934649,0.871527278696813,0.8445688485065558,0.3891221839329442,validation
2024-03-18,Primary Market Tokens,4414,18588067206.604248,12826388608.177816,0.0,18588067206.604248,12826388608.177816,31414455814.782063,24.170534000218755,5761678598.426432,0.1834085120683604,-0.1834085120683604,6,0.1495504718693541,0.37876662771286074,2024-03-25,0.561269075703819,-0.1834085120683604,-0.3639246867934649,0.871527278696813,0.8445688485065558,validation
2024-03-25,Primary Market Tokens,5342,5386523877.828835,19168498709.05619,0.0,5386523877.828835,19168498709.05619,24555022586.885025,23.924182256326628,-13781974831.227356,-0.561269075703819,0.561269075703819,6,-0.3754241948050976,0.29791145833210503,2024-04-01,-0.4485754041564044,0.561269075703819,-0.1834085120683604,-0.3639246867934649,0.871527278696813,validation
2024-04-01,Primary Market Tokens,5734,22539529304.34963,8580050994.579715,0.0,22539529304.34963,8580050994.579715,31119580298.929344,24.16110304965953,13959478309.769913,0.4485754041564044,-0.4485754041564044,6,0.24804787627311142,0.26980839157237013,2024-04-08,-0.6457349901577943,-0.4485754041564044,0.561269075703819,-0.1834085120683604,-0.3639246867934649,validation
2024-04-08,Primary Market Tokens,5781,36653343665.974106,7890089979.390332,0.0,36653343665.974106,7890089979.390332,44543433645.36444,24.51973058710116,28763253686.58377,0.6457349901577943,-0.6457349901577943,6,0.3732180127590227,0.3021944690125454,2024-04-15,0.1367044557308791,-0.6457349901577943,-0.4485754041564044,0.561269075703819,-0.1834085120683604,validation
2024-04-15,Primary Market Tokens,6221,7116842138.089751,9370772527.210016,0.0,7116842138.089751,9370772527.210016,16487614665.299768,23.52587530970712,-2253930389.120265,-0.1367044557308791,0.1367044557308791,6,-0.0880882928440768,0.27462243595010555,2024-04-22,0.0770189403906203,0.1367044557308791,-0.6457349901577943,-0.4485754041564044,0.561269075703819,validation
2024-04-22,Primary Market Tokens,6125,9483539668.71202,11066263753.528532,0.0,9483539668.71202,11066263753.528532,20549803422.240555,23.74611721206385,-1582724084.8165112,-0.0770189403906203,0.0770189403906203,6,-0.04292458871781743,0.2847553633777938,2024-04-29,-0.3667490522373558,0.0770189403906203,0.1367044557308791,-0.6457349901577943,-0.4485754041564044,validation
2024-04-29,Primary Market Tokens,6048,11474417093.153667,5316400613.096285,0.0,11474417093.153667,5316400613.096285,16790817706.249952,23.544098008889858,6158016480.057383,0.3667490522373558,-0.3667490522373558,6,0.1559712190253975,0.2515061864882771,2024-05-06,-0.5807815398212183,-0.3667490522373558,0.0770189403906203,0.1367044557308791,-0.6457349901577943,validation
2024-05-06,Primary Market Tokens,6151,23706086506.5178,6286782095.931705,0.0,23706086506.5178,6286782095.931705,29992868602.449505,24.12422547713195,17419304410.586094,0.5807815398212183,-0.5807815398212183,6,0.42985586001700365,0.35266011758813265,2024-05-13,0.2954488966029821,-0.5807815398212183,-0.3667490522373558,0.0770189403906203,0.1367044557308791,validation
2024-05-13,Primary Market Tokens,6193,9699013594.553793,17833449410.016518,0.0,9699013594.553793,17833449410.016518,27532463004.570312,24.03863161833845,-8134435815.462725,-0.2954488966029821,0.2954488966029821,6,-0.2822807654193306,0.3082887029966375,2024-05-20,0.8254876392062376,0.2954488966029821,-0.5807815398212183,-0.3667490522373558,0.0770189403906203,validation
2024-05-20,Primary Market Tokens,6279,3759241711.1690383,39323571380.92687,0.0,3759241711.1690383,39323571380.92687,43082813092.09591,24.48638998638533,-35564329669.757835,-0.8254876392062376,0.8254876392062376,6,-0.4963306711499812,0.2410510364138337,2024-05-27,-0.0833301534956953,0.8254876392062376,0.2954488966029821,-0.5807815398212183,-0.3667490522373558,validation
2024-05-27,Primary Market Tokens,6339,8622774941.689056,7296240907.477592,0.0,8622774941.689056,7296240907.477592,15919015849.166649,23.49078019699494,1326534034.211464,0.0833301534956953,-0.0833301534956953,6,0.05086238515698534,0.4036955921341327,2024-06-03,0.0754005656338677,-0.0833301534956953,0.8254876392062376,0.2954488966029821,-0.5807815398212183,validation
2024-06-03,Primary Market Tokens,6420,8275585566.383194,9625324295.31621,0.0,8275585566.383194,9625324295.31621,17900909861.6994,23.608117378819703,-1349738728.9330158,-0.0754005656338677,0.0754005656338677,6,-0.06903641548566893,0.2999790409847406,2024-06-10,-0.5045892161420873,0.0754005656338677,-0.0833301534956953,0.8254876392062376,0.2954488966029821,validation
2024-06-10,Primary Market Tokens,6466,16635313010.84526,5477450835.0898,0.0,16635313010.84526,5477450835.0898,22112763845.93506,23.81942082838759,11157862175.75546,0.5045892161420873,-0.5045892161420873,6,0.3296098275897124,0.301348994027684,2024-06-17,-0.6655379337938989,-0.5045892161420873,0.0754005656338677,-0.0833301534956953,0.8254876392062376,validation
2024-06-17,Primary Market Tokens,6510,14635586726.905516,2939019566.890959,0.0,14635586726.905516,2939019566.890959,17574606293.796474,23.589720872958168,11696567160.014557,0.6655379337938989,-0.6655379337938989,6,0.3427132057076196,0.28201662555706836,2024-06-24,-0.4719388327859542,-0.6655379337938989,-0.5045892161420873,0.0754005656338677,-0.0833301534956953,validation
2024-06-24,Primary Market Tokens,6541,12510615822.218012,4488209867.48682,0.0,12510615822.218012,4488209867.48682,16998825689.704832,23.556410101599337,8022405954.731192,0.4719388327859542,-0.4719388327859542,6,0.2708037597452374,0.25837410504736236,2024-07-01,-0.8010568155722092,-0.4719388327859542,-0.6655379337938989,-0.5045892161420873,0.0754005656338677,validation
2024-07-01,Primary Market Tokens,6655,26524337910.18234,2929855517.6417127,0.0,26524337910.18234,2929855517.6417127,29454193427.82405,24.10610212837841,23594482392.540627,0.8010568155722092,-0.8010568155722092,6,0.47593381900255244,0.2508646580862084,2024-07-08,0.7484402920131955,-0.8010568155722092,-0.4719388327859542,-0.6655379337938989,-0.5045892161420873,validation
2024-07-08,Primary Market Tokens,6618,2612825241.988355,18160177421.263344,0.0,2612825241.988355,18160177421.263344,20773002663.251698,23.75692003175446,-15547352179.274988,-0.7484402920131955,0.7484402920131955,6,-0.49197920118242344,0.2736910512498063,2024-07-15,0.8109654360688858,0.7484402920131955,-0.8010568155722092,-0.4719388327859542,-0.6655379337938989,validation
2024-07-15,Primary Market Tokens,6681,2488918144.457123,23844024283.61763,0.0,2488918144.457123,23844024283.61763,26332942428.074757,23.994086556169627,-21355106139.160507,-0.8109654360688858,0.8109654360688858,6,-0.4933256039030918,0.2683444194272255,2024-07-22,-0.5939815675448824,0.8109654360688858,0.7484402920131955,-0.8010568155722092,-0.4719388327859542,validation
2024-07-22,Primary Market Tokens,6766,16209138813.293678,4128786220.883068,0.0,16209138813.293678,4128786220.883068,20337925034.176743,23.73575320835993,12080352592.41061,0.5939815675448824,-0.5939815675448824,6,0.2904665995994481,0.2510151839263719,2024-07-29,-0.900415189063291,-0.5939815675448824,0.8109654360688858,0.7484402920131955,-0.8010568155722092,validation
2024-07-29,Primary Market Tokens,6766,38044918393.40159,1993614883.2702515,0.0,38044918393.40159,1993614883.2702515,40038533276.67184,24.413108159295707,36051303510.13134,0.900415189063291,-0.900415189063291,6,0.5327405020714485,0.2804430561818928,2024-08-05,-0.0737996809884179,-0.900415189063291,-0.5939815675448824,0.8109654360688858,0.7484402920131955,validation
2024-08-05,Primary Market Tokens,6721,10680576599.999031,9212475687.309729,0.0,10680576599.999031,9212475687.309729,19893052287.30876,23.71363637647559,1468100912.6893044,0.0737996809884179,-0.0737996809884179,6,-0.021349879836675204,0.3299638512947159,2024-08-12,0.587364248434705,-0.0737996809884179,-0.900415189063291,-0.5939815675448824,0.8109654360688858,validation
2024-08-12,Primary Market Tokens,6540,2813281891.502277,10822385308.105885,0.0,2813281891.502277,10822385308.105885,13635667199.608162,23.33595478498468,-8009103416.603607,-0.587364248434705,0.587364248434705,6,-0.3287531607468559,0.2711271324915516,2024-08-19,0.5215772125689706,0.587364248434705,-0.0737996809884179,-0.900415189063291,-0.5939815675448824,validation
2024-08-19,Primary Market Tokens,6661,5548273056.466307,17645743625.969242,0.0,5548273056.466307,17645743625.969242,23194016682.435547,23.86716018078029,-12097470569.502935,-0.5215772125689706,0.5215772125689706,6,-0.3699737617251823,0.27514233342015837,2024-08-26,-0.8232893016259045,0.5215772125689706,0.587364248434705,-0.0737996809884179,-0.900415189063291,validation
2024-08-26,Primary Market Tokens,6598,24230574661.13351,2348394062.6187515,0.0,24230574661.13351,2348394062.6187515,26578968723.752262,24.00338609056054,21882180598.51476,0.8232893016259045,-0.8232893016259045,6,0.5011000094064718,0.25924998783205777,2024-09-02,-0.6758268605972217,-0.8232893016259045,0.5215772125689706,0.587364248434705,-0.0737996809884179,validation
2024-09-02,Primary Market Tokens,6553,11705774450.930733,2264373332.4257107,0.0,11705774450.930733,2264373332.4257107,13970147783.356443,23.36018858885342,9441401118.505022,0.6758268605972217,-0.6758268605972217,6,0.3627680712170245,0.24485353663431375,2024-09-09,0.631742568381174,-0.6758268605972217,-0.8232893016259045,0.5215772125689706,0.587364248434705,validation
2024-09-09,Primary Market Tokens,6486,3264665511.574795,14465678705.640991,0.0,3264665511.574795,14465678705.640991,17730344217.215786,23.598543371295044,-11201013194.066196,-0.631742568381174,0.631742568381174,6,-0.36566998622059976,0.28347016408576436,2024-09-16,0.6302820968644862,0.631742568381174,-0.6758268605972217,-0.8232893016259045,0.5215772125689706,validation
2024-09-16,Primary Market Tokens,6484,4278963616.7383633,18868217412.090427,0.0,4278963616.7383633,18868217412.090427,23147181028.82879,23.8651388402943,-14589253795.352064,-0.6302820968644862,0.6302820968644862,6,-0.4310396369581446,0.25948246058875946,2024-09-23,0.5163443502466348,0.6302820968644862,0.631742568381174,-0.6758268605972217,-0.8232893016259045,validation
2024-09-23,Primary Market Tokens,6517,4726497983.044125,14818390970.302534,0.0,4726497983.044125,14818390970.302534,19544888953.346657,23.69597965463754,-10091892987.25841,-0.5163443502466348,0.5163443502466348,6,-0.32270679302008687,0.2702526688994839,2024-09-30,-0.8398135468603215,0.5163443502466348,0.6302820968644862,0.631742568381174,-0.6758268605972217,validation
2024-09-30,Primary Market Tokens,6477,31802630493.155792,2768949379.62818,0.0,31802630493.155792,2768949379.62818,34571579872.78397,24.26629779055262,29033681113.52761,0.8398135468603215,-0.8398135468603215,6,0.543438193982549,0.3442138845716928,2024-10-07,-0.1994008259417913,-0.8398135468603215,0.5163443502466348,0.6302820968644862,0.631742568381174,validation
2024-10-07,Primary Market Tokens,6470,10317172256.340113,6886704934.988117,0.0,10317172256.340113,6886704934.988117,17203877191.32823,23.568400613521582,3430467321.3519955,0.1994008259417913,-0.1994008259417913,6,0.19788445083805523,0.3577763989914326,2024-10-14,0.5104395860036359,-0.1994008259417913,-0.8398135468603215,0.5163443502466348,0.6302820968644862,validation
2024-10-14,Primary Market Tokens,6450,5092736114.27136,15712606673.55128,0.0,5092736114.27136,15712606673.55128,20805342787.82264,23.7584756555168,-10619870559.27992,-0.5104395860036359,0.5104395860036359,6,-0.3787447091000241,0.2693437636105366,2024-10-21,-0.7063799085008357,0.5104395860036359,-0.1994008259417913,-0.8398135468603215,0.5163443502466348,validation
2024-10-21,Primary Market Tokens,6454,18765360628.980988,3228991901.186297,0.0,18765360628.980988,3228991901.186297,21994352530.16729,23.81405155422208,15536368727.794691,0.7063799085008357,-0.7063799085008357,6,0.3721992953946888,0.23355377967760763,2024-10-28,-0.3272718203725693,-0.7063799085008357,0.5104395860036359,-0.1994008259417913,-0.8398135468603215,validation
2024-10-28,Primary Market Tokens,6438,8356274784.876663,4235380754.877102,0.0,8356274784.876663,4235380754.877102,12591655539.753763,23.256300172843368,4120894029.999561,0.3272718203725693,-0.3272718203725693,6,0.14510521029340287,0.29650963803399394,2024-11-04,0.9134325609107184,-0.3272718203725693,-0.7063799085008357,0.5104395860036359,-0.1994008259417913,validation
2024-11-04,Primary Market Tokens,6432,2449298617.9735103,54137765611.74033,0.0,2449298617.9735103,54137765611.74033,56587064229.71384,24.75904624887413,-51688466993.76682,-0.9134325609107184,0.9134325609107184,6,-0.5059201900821778,0.2602293796620768,2024-11-11,0.4146777964950858,0.9134325609107184,-0.3272718203725693,-0.7063799085008357,0.5104395860036359,validation
2024-11-11,Primary Market Tokens,6488,9543930027.364157,23066929325.706768,0.0,9543930027.364157,23066929325.706768,32610859353.070923,24.20791117887116,-13522999298.342611,-0.4146777964950858,0.4146777964950858,6,-0.3600620661864865,0.3618974979207694,2024-11-18,0.7005150083653012,0.4146777964950858,0.9134325609107184,-0.3272718203725693,-0.7063799085008357,validation
2024-11-18,Primary Market Tokens,6528,6268866762.731519,35595446560.70916,0.0,6268866762.731519,35595446560.70916,41864313323.44068,24.45769959032905,-29326579797.97764,-0.7005150083653012,0.7005150083653012,6,-0.4129691476385498,0.26940177565832535,2024-11-25,0.7308473600563314,0.7005150083653012,0.4146777964950858,0.9134325609107184,-0.3272718203725693,validation
2024-11-25,Primary Market Tokens,6456,4860057093.1939335,31253704185.24722,0.0,4860057093.1939335,31253704185.24722,36113761278.441154,24.3099398285239,-26393647092.053284,-0.7308473600563314,0.7308473600563314,6,-0.3296756365301005,0.24785509363848077,2024-12-02,0.731557143694055,0.7308473600563314,0.7005150083653012,0.4146777964950858,0.9134325609107184,validation
2024-12-02,Primary Market Tokens,6495,5301207527.78122,34194777582.28197,0.0,5301207527.78122,34194777582.28197,39495985110.0632,24.39946486092962,-28893570054.500755,-0.731557143694055,0.731557143694055,6,-0.4303382755818056,0.3325670842698414,2024-12-09,-0.0959725741991968,0.731557143694055,0.7308473600563314,0.7005150083653012,0.4146777964950858,validation
2024-12-09,Primary Market Tokens,6470,17169886374.968834,14162807123.341549,0.0,17169886374.968834,14162807123.341549,31332693498.310383,24.167927910105035,3007079251.627285,0.0959725741991968,-0.0959725741991968,6,0.039507187900135535,0.3252731269725553,2024-12-16,-0.73792667806131,-0.0959725741991968,0.731557143694055,0.7308473600563314,0.7005150083653012,validation
2024-12-16,Primary Market Tokens,6450,53696177466.94852,8097197529.57046,0.0,53696177466.94852,8097197529.57046,61793374996.518974,24.847061994976254,45598979937.37806,0.73792667806131,-0.73792667806131,6,0.3980828075109088,0.2736628820624645,2024-12-23,0.4890325459290855,-0.73792667806131,-0.0959725741991968,0.731557143694055,0.7308473600563314,validation
2024-12-23,Primary Market Tokens,6389,7521940794.435454,21920015770.53796,0.0,7521940794.435454,21920015770.53796,29441956564.97341,24.105686588040783,-14398074976.1025,-0.4890325459290855,0.4890325459290855,6,-0.2912480523549023,0.30902728231959503,2024-12-30,0.6508744664209445,0.4890325459290855,-0.73792667806131,-0.0959725741991968,0.731557143694055,validation
2024-12-30,Primary Market Tokens,6388,5448179224.768575,25762251985.556496,0.0,5448179224.768575,25762251985.556496,31210431210.32507,24.16401820958111,-20314072760.78792,-0.6508744664209445,0.6508744664209445,6,-0.4240320197562108,0.2742650538661254,2025-01-06,-0.6739264096379588,0.6508744664209445,0.4890325459290855,-0.73792667806131,-0.0959725741991968,test
2025-01-06,Primary Market Tokens,6340,31367438627.1461,6110240733.83648,0.0,31367438627.1461,6110240733.83648,37477679360.98258,24.347011375697008,25257197893.30962,0.6739264096379588,-0.6739264096379588,6,0.35372553067745205,0.2687827249375366,2025-01-13,0.635732167271717,-0.6739264096379588,0.6508744664209445,0.4890325459290855,-0.73792667806131,test
2025-01-13,Primary Market Tokens,6338,4656237597.36127,20908674695.26206,0.0,4656237597.36127,20908674695.26206,25564912292.62333,23.96448663475171,-16252437097.900787,-0.635732167271717,0.635732167271717,6,-0.508053284938353,0.35676075411206626,2025-01-20,0.4247730200396378,0.635732167271717,-0.6739264096379588,0.6508744664209445,0.4890325459290855,test
2025-01-20,Primary Market Tokens,6404,6968958982.256379,17261333493.721004,0.0,6968958982.256379,17261333493.721004,24230292475.977383,23.910869442563627,-10292374511.464626,-0.4247730200396378,0.4247730200396378,6,-0.2955966640157699,0.32329545415476735,2025-01-27,-0.2988948163896386,0.4247730200396378,0.635732167271717,-0.6739264096379588,0.6508744664209445,test
2025-01-27,Primary Market Tokens,6359,12809441136.184586,6914159227.067687,0.0,12809441136.184586,6914159227.067687,19723600363.252277,23.705081743708394,5895281909.116899,0.2988948163896386,-0.2988948163896386,6,0.16825394388388967,0.25819348926224867,2025-02-03,-0.0548106663787537,-0.2988948163896386,0.4247730200396378,0.635732167271717,-0.6739264096379588,test
2025-02-03,Primary Market Tokens,6382,14504254196.288366,12996897732.867958,0.0,14504254196.288366,12996897732.867958,27501151929.156326,24.037493729110963,1507356463.4204082,0.0548106663787537,-0.0548106663787537,6,-0.03202841009062059,0.3293033572868079,2025-02-10,0.2621359840451729,-0.0548106663787537,-0.2988948163896386,0.4247730200396378,0.635732167271717,test
2025-02-10,Primary Market Tokens,6320,7423311677.551722,12697771657.690329,0.0,7423311677.551722,12697771657.690329,20121083335.24205,23.72503402447803,-5274459980.138605,-0.2621359840451729,0.2621359840451729,6,-0.1739757500911798,0.36829669198462817,2025-02-17,0.1062317526558111,0.2621359840451729,-0.0548106663787537,-0.2988948163896386,0.4247730200396378,test
2025-02-17,Primary Market Tokens,6292,9896859870.526575,12249507266.44626,0.0,9896859870.526575,12249507266.44626,22146367136.97284,23.82093930815648,-2352647395.9196835,-0.1062317526558111,0.1062317526558111,6,0.014455987167308101,0.3302173472635558,2025-02-24,-0.8237945240920325,0.1062317526558111,0.2621359840451729,-0.0548106663787537,-0.2988948163896386,test
2025-02-24,Primary Market Tokens,6254,43242820893.551,4177894896.874169,0.0,43242820893.551,4177894896.874169,47420715790.42517,24.58232501218559,39064925996.676834,0.8237945240920325,-0.8237945240920325,6,0.49897651069074717,0.24077465585792324,2025-03-03,-0.8094066533697948,-0.8237945240920325,0.1062317526558111,0.2621359840451729,-0.0548106663787537,test
2025-03-03,Primary Market Tokens,6170,36723866906.50217,3868298307.556852,0.0,36723866906.50217,3868298307.556852,40592165214.05902,24.42684090993348,32855568598.945312,0.8094066533697948,-0.8094066533697948,6,0.5188402053435445,0.2980821176741563,2025-03-10,-0.0009915689470783,-0.8094066533697948,-0.8237945240920325,0.1062317526558111,0.2621359840451729,test
2025-03-10,Primary Market Tokens,6123,11242685325.357044,11220411615.97481,0.0,11242685325.357044,11220411615.97481,22463096941.331856,23.83513966376505,22273709.382234573,0.0009915689470783,-0.0009915689470783,6,-0.03804882862340793,0.2522425013856968,2025-03-17,0.4393705686644197,-0.0009915689470783,-0.8094066533697948,-0.8237945240920325,0.1062317526558111,test
2025-03-17,Primary Market Tokens,6040,6912176801.14741,17746452998.8637,0.0,6912176801.14741,17746452998.8637,24658629800.011112,23.92839276951404,-10834276197.71629,-0.4393705686644197,0.4393705686644197,6,-0.3204511742191548,0.3865289559315097,2025-03-24,-0.3168093720620847,0.4393705686644197,-0.0009915689470783,-0.8094066533697948,-0.8237945240920325,test
2025-03-24,Primary Market Tokens,6024,20264436555.817986,10513650213.240278,0.0,20264436555.817986,10513650213.240278,30778086769.058266,24.15006880520751,9750786342.577707,0.3168093720620847,-0.3168093720620847,6,0.21414519441593682,0.2369798695981016,2025-03-31,-0.0141118267849624,-0.3168093720620847,0.4393705686644197,-0.0009915689470783,-0.8094066533697948,test
2025-03-31,Primary Market Tokens,5962,9872406255.108532,9597648218.877851,0.0,9872406255.108532,9597648218.877851,19470054473.986385,23.6921434542201,274758036.23067856,0.0141118267849624,-0.0141118267849624,6,-0.0843858475415217,0.31908679569556997,2025-04-07,0.4701150051137563,-0.0141118267849624,-0.3168093720620847,0.4393705686644197,-0.0009915689470783,test
2025-04-07,Primary Market Tokens,5936,6070625739.242396,16842367826.63748,0.0,6070625739.242396,16842367826.63748,22912993565.879875,23.854969991260685,-10771742087.395084,-0.4701150051137563,0.4701150051137563,6,-0.4116973121979162,0.32635350489579096,2025-04-14,0.0202077729171697,0.4701150051137563,-0.0141118267849624,-0.3168093720620847,0.4393705686644197,test
2025-04-14,Primary Market Tokens,5905,5884367475.275593,6127092327.371191,0.0,5884367475.275593,6127092327.371191,12011459802.646784,23.20912701466488,-242724852.09559825,-0.0202077729171697,0.0202077729171697,6,0.033019926555889756,0.2723356883315051,2025-04-21,0.7290282963750417,0.0202077729171697,0.4701150051137563,-0.0141118267849624,-0.3168093720620847,test
2025-04-21,Primary Market Tokens,5981,3768036244.606491,24043253231.003765,0.0,3768036244.606491,24043253231.003765,27811289475.610256,24.04870787148917,-20275216986.397278,-0.7290282963750417,0.7290282963750417,6,-0.44256340745931866,0.24704013464183555,2025-04-28,0.2139225933827426,0.7290282963750417,0.0202077729171697,0.4701150051137563,-0.0141118267849624,test
2025-04-28,Primary Market Tokens,5906,5414052375.634191,8360805749.172094,0.0,5414052375.634191,8360805749.172094,13774858124.806286,23.346110892535343,-2946753373.537904,-0.2139225933827426,0.2139225933827426,6,-0.1974968831521584,0.2617125329672396,2025-05-05,0.776419410287763,0.2139225933827426,0.7290282963750417,0.0202077729171697,0.4701150051137563,test
2025-05-05,Primary Market Tokens,5976,7611501559.219076,60475818265.95521,0.0,7611501559.219076,60475818265.95521,68087319825.174286,24.94405683344267,-52864316706.73613,-0.776419410287763,0.776419410287763,6,-0.49117906379028564,0.24207928888693414,2025-05-12,-0.1831633848772304,0.776419410287763,0.2139225933827426,0.7290282963750417,0.0202077729171697,test
2025-05-12,Primary Market Tokens,5949,11584996893.496489,7998092038.381828,0.0,11584996893.496489,7998092038.381828,19583088931.87832,23.69793222120146,3586904855.1146603,0.1831633848772304,-0.1831633848772304,6,0.15610612934148144,0.28623357214941103,2025-05-19,0.1872152585126485,-0.1831633848772304,0.776419410287763,0.2139225933827426,0.7290282963750417,test
2025-05-19,Primary Market Tokens,5930,8352353302.400547,12200082972.710129,0.0,8352353302.400547,12200082972.710129,20552436275.110672,23.746245324443763,-3847729670.30958,-0.1872152585126485,0.1872152585126485,6,-0.10015265806350276,0.3003558508435894,2025-05-26,-0.3233019323565935,0.1872152585126485,-0.1831633848772304,0.776419410287763,0.2139225933827426,test
2025-05-26,Primary Market Tokens,5868,14590590649.994368,7461203114.125377,0.0,14590590649.994368,7461203114.125377,22051793764.119743,23.816659785422598,7129387535.868991,0.3233019323565935,-0.3233019323565935,6,0.284896910600238,0.3218190435563198,2025-06-02,0.0562919326180884,-0.3233019323565935,0.1872152585126485,-0.1831633848772304,0.776419410287763,test
2025-06-02,Primary Market Tokens,5825,7920554727.396669,8865472649.417692,0.0,7920554727.396669,8865472649.417692,16786027376.814362,23.543812673596683,-944917922.0210228,-0.0562919326180884,0.0562919326180884,6,0.044179912886830056,0.301150028857216,2025-06-09,-0.1388839077088814,0.0562919326180884,-0.3233019323565935,0.1872152585126485,-0.1831633848772304,test
2025-06-09,Primary Market Tokens,5790,11190981431.994247,8461559720.347431,0.0,11190981431.994247,8461559720.347431,19652541152.34168,23.70147248768122,2729421711.6468163,0.1388839077088814,-0.1388839077088814,6,0.08088007601470987,0.231366547256368,2025-06-16,-0.6812822884533262,-0.1388839077088814,0.0562919326180884,-0.3233019323565935,0.1872152585126485,test
2025-06-16,Primary Market Tokens,5690,21908109110.94966,4153081518.856761,0.0,21908109110.94966,4153081518.856761,26061190629.806423,23.98371309565801,17755027592.0929,0.6812822884533262,-0.6812822884533262,6,0.39311663162517496,0.23284377774392906,2025-06-23,0.6754124454860109,-0.6812822884533262,-0.1388839077088814,0.0562919326180884,-0.3233019323565935,test
2025-06-23,Primary Market Tokens,5662,4326408619.770643,22331474959.58381,0.0,4326408619.770643,22331474959.58381,26657883579.35445,24.00635076296267,-18005066339.813164,-0.6754124454860109,0.6754124454860109,6,-0.5282887037646031,0.28606236956649533,2025-06-30,0.0281265098724379,0.6754124454860109,-0.6812822884533262,-0.1388839077088814,0.0562919326180884,test
2025-06-30,Primary Market Tokens,5677,6471805389.623771,6846400025.72164,0.0,6471805389.623771,6846400025.72164,13318205415.34541,23.31239776447936,-374594636.0978689,-0.0281265098724379,0.0281265098724379,6,0.011213105186596465,0.27362273320965114,2025-07-07,0.8342848251152,0.0281265098724379,0.6754124454860109,-0.6812822884533262,-0.1388839077088814,test
2025-07-07,Primary Market Tokens,5771,4138821821.069454,45812207997.97563,0.0,4138821821.069454,45812207997.97563,49951029819.04509,24.634308958846365,-41673386176.90617,-0.8342848251152,0.8342848251152,6,-0.6512100914315,0.36477026592778716,2025-07-14,0.754089558652622,0.8342848251152,0.0281265098724379,0.6754124454860109,-0.6812822884533262,test
2025-07-14,Primary Market Tokens,5783,7031605615.075365,50156739674.76432,0.0,7031605615.075365,50156739674.76432,57188345289.83968,24.76961596091492,-43125134059.68896,-0.754089558652622,0.754089558652622,6,-0.5005380271065079,0.2700609093830468,2025-07-21,0.1106944069836931,0.754089558652622,0.8342848251152,0.0281265098724379,0.6754124454860109,test
2025-07-21,Primary Market Tokens,5836,11009663127.10445,13750471552.2747,0.0,11009663127.10445,13750471552.2747,24760134679.37915,23.932500724181743,-2740808425.17025,-0.1106944069836931,0.1106944069836931,6,-0.05398985277279218,0.27527217002053106,2025-07-28,-0.652989582705676,0.1106944069836931,0.754089558652622,0.8342848251152,0.0281265098724379,test
2025-07-28,Primary Market Tokens,5789,41909188528.90727,8797953206.74568,0.0,41909188528.90727,8797953206.74568,50707141735.65296,24.64933260027921,33111235322.16159,0.652989582705676,-0.652989582705676,6,0.4801125066908222,0.2784392515061208,2025-08-04,0.8505930473973515,-0.652989582705676,0.1106944069836931,0.754089558652622,0.8342848251152,test
2025-08-04,Primary Market Tokens,5757,4601938035.062168,57000791354.662186,0.0,4601938035.062168,57000791354.662186,61602729389.72435,24.84397201479528,-52398853319.60002,-0.8505930473973515,0.8505930473973515,6,-0.6045696141066422,0.26248722185992523,2025-08-11,0.3261097049578108,0.8505930473973515,-0.652989582705676,0.1106944069836931,0.754089558652622,test
2025-08-11,Primary Market Tokens,5783,11951948849.565613,23519548328.821133,0.0,11951948849.565613,23519548328.821133,35471497178.38675,24.291995314578568,-11567599479.25552,-0.3261097049578108,0.3261097049578108,6,-0.18349349252300134,0.24938738710401429,2025-08-18,-0.8497770501196605,0.3261097049578108,0.8505930473973515,-0.652989582705676,0.1106944069836931,test
2025-08-18,Primary Market Tokens,5245,9397169855.364506,763157147.023821,0.0,9397169855.364506,763157147.023821,10160327002.388329,23.041756463951675,8634012708.340685,0.8497770501196605,-0.8497770501196605,6,0.5770339065782929,0.26178444623648384,,,-0.8497770501196605,0.3261097049578108,0.8505930473973515,-0.652989582705676,unavailable
2020-03-23,Privacy & Security,0,0.0,0.0,0.0,0.0,0.0,0.0,0.0,0.0,,,0,,,2020-03-30,,,,,,training
2020-03-30,Privacy & Security,0,0.0,0.0,0.0,0.0,0.0,0.0,0.0,0.0,,,0,,,2020-04-06,,,,,,training
2020-04-06,Privacy & Security,0,0.0,0.0,0.0,0.0,0.0,0.0,0.0,0.0,,,0,,,2020-04-13,,,,,,training
2020-04-13,Privacy & Security,0,0.0,0.0,0.0,0.0,0.0,0.0,0.0,0.0,,,0,,,2020-04-20,,,,,,training
2020-04-20,Privacy & Security,0,0.0,0.0,0.0,0.0,0.0,0.0,0.0,0.0,,,0,,,2020-04-27,,,,,,training
2020-04-27,Privacy & Security,0,0.0,0.0,0.0,0.0,0.0,0.0,0.0,0.0,,,0,,,2020-05-04,,,,,,training
2020-05-04,Privacy & Security,0,0.0,0.0,0.0,0.0,0.0,0.0,0.0,0.0,,,0,,,2020-05-11,,,,,,training
2020-05-11,Privacy & Security,0,0.0,0.0,0.0,0.0,0.0,0.0,0.0,0.0,,,0,,,2020-05-18,,,,,,training
2020-05-18,Privacy & Security,0,0.0,0.0,0.0,0.0,0.0,0.0,0.0,0.0,,,0,,,2020-05-25,,,,,,training
2020-05-25,Privacy & Security,0,0.0,0.0,0.0,0.0,0.0,0.0,0.0,0.0,,,0,,,2020-06-01,,,,,,training
2020-06-01,Privacy & Security,0,0.0,0.0,0.0,0.0,0.0,0.0,0.0,0.0,,,0,,,2020-06-08,,,,,,training
2020-06-08,Privacy & Security,0,0.0,0.0,0.0,0.0,0.0,0.0,0.0,0.0,,,0,,,2020-06-15,,,,,,training
2020-06-15,Privacy & Security,0,0.0,0.0,0.0,0.0,0.0,0.0,0.0,0.0,,,0,,,2020-06-22,,,,,,training
2020-06-22,Privacy & Security,0,0.0,0.0,0.0,0.0,0.0,0.0,0.0,0.0,,,0,,,2020-06-29,,,,,,training
2020-06-29,Privacy & Security,0,0.0,0.0,0.0,0.0,0.0,0.0,0.0,0.0,,,0,,,2020-07-06,,,,,,training
2020-07-06,Privacy & Security,0,0.0,0.0,0.0,0.0,0.0,0.0,0.0,0.0,,,0,,,2020-07-13,,,,,,training
2020-07-13,Privacy & Security,0,0.0,0.0,0.0,0.0,0.0,0.0,0.0,0.0,,,0,,,2020-07-20,,,,,,training
2020-07-20,Privacy & Security,0,0.0,0.0,0.0,0.0,0.0,0.0,0.0,0.0,,,0,,,2020-07-27,,,,,,training
2020-07-27,Privacy & Security,0,0.0,0.0,0.0,0.0,0.0,0.0,0.0,0.0,,,0,,,2020-08-03,,,,,,training
2020-08-03,Privacy & Security,0,0.0,0.0,0.0,0.0,0.0,0.0,0.0,0.0,,,0,,,2020-08-10,,,,,,training
2020-08-10,Privacy & Security,0,0.0,0.0,0.0,0.0,0.0,0.0,0.0,0.0,,,0,,,2020-08-17,,,,,,training
2020-08-17,Privacy & Security,0,0.0,0.0,0.0,0.0,0.0,0.0,0.0,0.0,,,0,,,2020-08-24,,,,,,training
2020-08-24,Privacy & Security,0,0.0,0.0,0.0,0.0,0.0,0.0,0.0,0.0,,,0,,,2020-08-31,,,,,,training
2020-08-31,Privacy & Security,0,0.0,0.0,0.0,0.0,0.0,0.0,0.0,0.0,,,0,,,2020-09-07,,,,,,training
2020-09-07,Privacy & Security,0,0.0,0.0,0.0,0.0,0.0,0.0,0.0,0.0,,,0,,,2020-09-14,,,,,,training
2020-09-14,Privacy & Security,0,0.0,0.0,0.0,0.0,0.0,0.0,0.0,0.0,,,0,,,2020-09-21,,,,,,training
2020-09-21,Privacy & Security,0,0.0,0.0,0.0,0.0,0.0,0.0,0.0,0.0,,,0,,,2020-09-28,,,,,,training
2020-09-28,Privacy & Security,0,0.0,0.0,0.0,0.0,0.0,0.0,0.0,0.0,,,0,,,2020-10-05,,,,,,training
2020-10-05,Privacy & Security,0,0.0,0.0,0.0,0.0,0.0,0.0,0.0,0.0,,,0,,,2020-10-12,,,,,,training
2020-10-12,Privacy & Security,0,0.0,0.0,0.0,0.0,0.0,0.0,0.0,0.0,,,0,,,2020-10-19,,,,,,training
2020-10-19,Privacy & Security,0,0.0,0.0,0.0,0.0,0.0,0.0,0.0,0.0,,,0,,,2020-10-26,,,,,,training
2020-10-26,Privacy & Security,0,0.0,0.0,0.0,0.0,0.0,0.0,0.0,0.0,,,0,,,2020-11-02,,,,,,training
2020-11-02,Privacy & Security,0,0.0,0.0,0.0,0.0,0.0,0.0,0.0,0.0,,,0,,,2020-11-09,,,,,,training
2020-11-09,Privacy & Security,0,0.0,0.0,0.0,0.0,0.0,0.0,0.0,0.0,,,0,,,2020-11-16,,,,,,training
2020-11-16,Privacy & Security,0,0.0,0.0,0.0,0.0,0.0,0.0,0.0,0.0,,,0,,,2020-11-23,,,,,,training
2020-11-23,Privacy & Security,0,0.0,0.0,0.0,0.0,0.0,0.0,0.0,0.0,,,0,,,2020-11-30,,,,,,training
2020-11-30,Privacy & Security,0,0.0,0.0,0.0,0.0,0.0,0.0,0.0,0.0,,,0,,,2020-12-07,,,,,,training
2020-12-07,Privacy & Security,0,0.0,0.0,0.0,0.0,0.0,0.0,0.0,0.0,,,0,,,2020-12-14,,,,,,training
2020-12-14,Privacy & Security,0,0.0,0.0,0.0,0.0,0.0,0.0,0.0,0.0,,,0,,,2020-12-21,,,,,,training
2020-12-21,Privacy & Security,0,0.0,0.0,0.0,0.0,0.0,0.0,0.0,0.0,,,0,,,2020-12-28,,,,,,training
2020-12-28,Privacy & Security,0,0.0,0.0,0.0,0.0,0.0,0.0,0.0,0.0,,,0,,,2021-01-04,,,,,,training
2021-01-04,Privacy & Security,0,0.0,0.0,0.0,0.0,0.0,0.0,0.0,0.0,,,0,,,2021-01-11,,,,,,training
2021-01-11,Privacy & Security,0,0.0,0.0,0.0,0.0,0.0,0.0,0.0,0.0,,,0,,,2021-01-18,,,,,,training
2021-01-18,Privacy & Security,0,0.0,0.0,0.0,0.0,0.0,0.0,0.0,0.0,,,0,,,2021-01-25,,,,,,training
2021-01-25,Privacy & Security,0,0.0,0.0,0.0,0.0,0.0,0.0,0.0,0.0,,,0,,,2021-02-01,,,,,,training
2021-02-01,Privacy & Security,0,0.0,0.0,0.0,0.0,0.0,0.0,0.0,0.0,,,0,,,2021-02-08,,,,,,training
2021-02-08,Privacy & Security,0,0.0,0.0,0.0,0.0,0.0,0.0,0.0,0.0,,,0,,,2021-02-15,,,,,,training
2021-02-15,Privacy & Security,0,0.0,0.0,0.0,0.0,0.0,0.0,0.0,0.0,,,0,,,2021-02-22,,,,,,training
2021-02-22,Privacy & Security,1,0.0,0.0,0.0,0.0,0.0,0.0,0.0,0.0,,,0,,,2021-03-01,,,,,,training
2021-03-01,Privacy & Security,0,0.0,0.0,0.0,0.0,0.0,0.0,0.0,0.0,,,0,,,2021-03-08,,,,,,training
2021-03-08,Privacy & Security,0,0.0,0.0,0.0,0.0,0.0,0.0,0.0,0.0,,,0,,,2021-03-15,,,,,,training
2021-03-15,Privacy & Security,0,0.0,0.0,0.0,0.0,0.0,0.0,0.0,0.0,,,0,,,2021-03-22,,,,,,training
2021-03-22,Privacy & Security,0,0.0,0.0,0.0,0.0,0.0,0.0,0.0,0.0,,,0,,,2021-03-29,,,,,,training
2021-03-29,Privacy & Security,0,0.0,0.0,0.0,0.0,0.0,0.0,0.0,0.0,,,0,,,2021-04-05,,,,,,training
2021-04-05,Privacy & Security,0,0.0,0.0,0.0,0.0,0.0,0.0,0.0,0.0,,,0,,,2021-04-12,,,,,,training
2021-04-12,Privacy & Security,0,0.0,0.0,0.0,0.0,0.0,0.0,0.0,0.0,,,0,,,2021-04-19,,,,,,training
2021-04-19,Privacy & Security,0,0.0,0.0,0.0,0.0,0.0,0.0,0.0,0.0,,,0,,,2021-04-26,,,,,,training
2021-04-26,Privacy & Security,0,0.0,0.0,0.0,0.0,0.0,0.0,0.0,0.0,,,0,,,2021-05-03,1.0,,,,,training
2021-05-03,Privacy & Security,2,0.0,31196.3705,0.0,0.0,31196.3705,31196.3705,10.34808909139976,-31196.3705,-1.0,1.0,1,-0.5978226199258349,1.0,2021-05-10,0.9744807161988324,1.0,,,,training
2021-05-10,Privacy & Security,2,51.15098999999998,3957.659790000005,0.0,51.15098999999998,3957.659790000005,4008.810780000005,8.296499332154854,-3906.508800000005,-0.9744807161988324,0.9744807161988324,1,0.6577365327483726,1.0,2021-05-17,-1.0,0.9744807161988324,1.0,,,training
2021-05-17,Privacy & Security,2,2621760.7590399995,0.0,0.0,2621760.7590399995,0.0,2621760.7590399995,14.779357076873968,2621760.7590399995,1.0,-1.0,2,-0.709207233217546,0.9478312848823023,2021-05-24,-0.7666651681492122,-1.0,0.9744807161988324,1.0,,training
2021-05-24,Privacy & Security,2,249333.8546099998,32931.12588000001,0.0,249333.8546099998,32931.12588000001,282264.9804899998,12.550605098619965,216402.7287299998,0.7666651681492122,-0.7666651681492122,2,-0.07114519491086918,0.79388774002663,2021-05-31,-0.9089346019352632,-0.7666651681492122,-1.0,0.9744807161988324,1.0,training
2021-05-31,Privacy & Security,2,745140.0924300008,35546.78042,0.0,745140.0924300008,35546.78042,780686.8728500007,13.567930698300016,709593.3120100008,0.9089346019352632,-0.9089346019352632,2,0.16455892354599683,0.9111605468687838,2021-06-07,0.2523175666436626,-0.9089346019352632,-0.7666651681492122,-1.0,0.9744807161988324,training
2021-06-07,Privacy & Security,3,63234.99051999999,105914.33731999992,0.0,63234.99051999999,105914.33731999992,169149.32783999993,12.038543112368371,-42679.34679999993,-0.2523175666436626,0.2523175666436626,4,-0.18899375305714491,0.3397398931060547,2021-06-14,0.619238851508292,0.2523175666436626,-0.9089346019352632,-0.7666651681492122,-1.0,training
2021-06-14,Privacy & Security,3,4336.724200000681,18442.512690000058,0.0,4336.724200000681,18442.512690000058,22779.23689000074,10.033648635981375,-14105.788489999377,-0.619238851508292,0.619238851508292,4,-0.37226129669185887,0.37315239212239937,2021-06-21,-0.4676938223788078,0.619238851508292,0.2523175666436626,-0.9089346019352632,-0.7666651681492122,training
2021-06-21,Privacy & Security,4,342293.7187700001,124143.78141,0.0,342293.7187700001,124143.78141,466437.50018000015,13.052881458167304,218149.93736000016,0.4676938223788078,-0.4676938223788078,4,-0.19708354217924762,0.47038682504809753,2021-06-28,0.9523894017873143,-0.4676938223788078,0.619238851508292,0.2523175666436626,-0.9089346019352632,training
2021-06-28,Privacy & Security,5,222768.95070999948,9135187.43181,0.0,222768.95070999948,9135187.43181,9357956.382519998,16.051737596275252,-8912418.4811,-0.9523894017873143,0.9523894017873143,4,-0.637799246249437,0.9532181391949618,2021-07-05,0.9751228539296106,0.9523894017873143,-0.4676938223788078,0.619238851508292,0.2523175666436626,training
2021-07-05,Privacy & Security,5,13893.433139999384,1103070.1526900008,0.0,13893.433139999384,1103070.1526900008,1116963.5858300002,13.926125372830738,-1089176.7195500014,-0.9751228539296106,0.9751228539296106,4,0.28578945589936156,0.8157520201670571,2021-07-12,-0.6150439107468814,0.9751228539296106,0.9523894017873143,-0.4676938223788078,0.619238851508292,training
2021-07-12,Privacy & Security,5,297873.35366000154,71000.02702999991,0.0,297873.35366000154,71000.02702999991,368873.3806900014,12.818211433328214,226873.32663000163,0.6150439107468814,-0.6150439107468814,4,0.3686180941504186,0.6540154240510343,2021-07-19,0.709625443812592,-0.6150439107468814,0.9751228539296106,0.9523894017873143,-0.4676938223788078,training
2021-07-19,Privacy & Security,4,184741.902949999,1087696.7388900004,0.0,184741.902949999,1087696.7388900004,1272438.6418399997,14.056446593543145,-902954.8359400014,-0.709625443812592,0.709625443812592,4,0.06170720470143487,0.6219455458651342,2021-07-26,0.0967783638884191,0.709625443812592,-0.6150439107468814,0.9751228539296106,0.9523894017873143,training
2021-07-26,Privacy & Security,4,439837.0541599995,534092.3482700007,0.0,439837.0541599995,534092.3482700007,973929.40243,13.789095124660935,-94255.29411000118,-0.0967783638884191,0.0967783638884191,4,-0.1536981363929962,0.4488404159610524,2021-08-02,0.7953852916117096,0.0967783638884191,0.709625443812592,-0.6150439107468814,0.9751228539296106,training
2021-08-02,Privacy & Security,4,219964.2041500001,1930068.957030001,0.0,219964.2041500001,1930068.957030001,2150033.161180001,14.580994288898548,-1710104.752880001,-0.7953852916117096,0.7953852916117096,4,-0.13499855831472768,0.4138332502988659,2021-08-09,0.7651228817283799,0.7953852916117096,0.0967783638884191,0.709625443812592,-0.6150439107468814,training
2021-08-09,Privacy & Security,4,75710.54881999995,568971.6524700008,0.0,75710.54881999995,568971.6524700008,644682.2012900007,13.376514314328242,-493261.1036500008,-0.7651228817283799,0.7651228817283799,3,-0.5593944786060714,0.8612121588696989,2021-08-16,-0.4289348177321482,0.7651228817283799,0.7953852916117096,0.0967783638884191,0.709625443812592,training
2021-08-16,Privacy & Security,4,174970.18154,69925.77784000008,0.0,174970.18154,69925.77784000008,244895.95938000007,12.408592827101648,105044.40369999992,0.4289348177321482,-0.4289348177321482,3,-0.26111660040545015,0.7410728825492501,2021-08-23,0.6139581006174224,-0.4289348177321482,0.7651228817283799,0.7953852916117096,0.0967783638884191,training
2021-08-23,Privacy & Security,5,60661.33162000141,253611.9724799996,0.0,60661.33162000141,253611.9724799996,314273.304100001,12.658021463477825,-192950.6408599982,-0.6139581006174224,0.6139581006174224,5,0.049670630309740366,0.331699906608483,2021-08-30,0.0013535766480342,0.6139581006174224,-0.4289348177321482,0.7651228817283799,0.7953852916117096,training
2021-08-30,Privacy & Security,6,855650.8006400004,857970.3181699999,0.0,855650.8006400004,857970.3181699999,1713621.1188100004,14.354119886394605,-2319.517529999488,-0.0013535766480342,0.0013535766480342,5,-0.051978866339787266,0.4300883686888682,2021-09-06,-0.4742421275700052,0.0013535766480342,0.6139581006174224,-0.4289348177321482,0.7651228817283799,training
2021-09-06,Privacy & Security,6,1360975.49615,485363.67799,103228.52761000008,1257746.96854,382135.15037999983,1846339.17414,14.428715953416996,875611.81816,0.4742421275700052,-0.4742421275700052,5,0.0927430379247315,0.2929539161389765,2021-09-13,0.1492274317268005,-0.4742421275700052,0.0013535766480342,0.6139581006174224,-0.4289348177321482,training
2021-09-13,Privacy & Security,6,361893.2230399997,488847.0018699996,21516.64474000005,340376.57829999964,467330.3571299996,850740.2249099994,13.653863277775722,-126953.77882999992,-0.1492274317268005,0.1492274317268005,5,-0.07493126552737897,0.3490229432829645,2021-09-20,-0.4387997461073901,0.1492274317268005,-0.4742421275700052,0.0013535766480342,0.6139581006174224,training
2021-09-20,Privacy & Security,6,1384435.2303300025,539995.5100500004,138423.31831,1246011.9120200025,401572.1917400004,1924430.740380003,14.470141282321388,844439.7202800019,0.4387997461073901,-0.4387997461073901,5,0.07477884287619863,0.2499859818721209,2021-09-27,-0.1775696840446297,-0.4387997461073901,0.1492274317268005,-0.4742421275700052,0.0013535766480342,training
2021-09-27,Privacy & Security,6,2133345.23546,1489956.6622800005,589163.9329400001,1544181.3025199994,900792.7293400004,3623301.89774,15.10289657050624,643388.5731799991,0.1775696840446297,-0.1775696840446297,5,-0.07186130937393055,0.33296053573479545,2021-10-04,-0.1479218579178207,-0.1775696840446297,-0.4387997461073901,0.1492274317268005,-0.4742421275700052,training
2021-10-04,Privacy & Security,6,967976.3736900002,718508.4109899988,161820.72999999986,806155.6436900003,556687.680989999,1686484.784679999,14.338157504560089,249467.9627000013,0.1479218579178207,-0.1479218579178207,5,0.17570225912179316,0.3408818669042496,2021-10-11,0.0634770089934024,-0.1479218579178207,-0.1775696840446297,-0.4387997461073901,0.1492274317268005,training
2021-10-11,Privacy & Security,6,801746.8586400002,910430.7736000014,97985.63555000004,703761.2230900002,812445.1380500013,1712177.6322400016,14.353277171502336,-108683.91496000112,-0.0634770089934024,0.0634770089934024,5,-0.11378392739432167,0.345004606191174,2021-10-18,0.1859498076786452,0.0634770089934024,-0.1479218579178207,-0.1775696840446297,-0.4387997461073901,training
2021-10-18,Privacy & Security,6,1316833.9289399995,1918430.77921,68517.44254999996,1248316.4863899995,1849913.33666,3235264.7081499994,14.9896216179847,-601596.8502700005,-0.1859498076786452,0.1859498076786452,5,-0.20179481156274218,0.42945769376310516,2021-10-25,-0.0431667418578753,0.1859498076786452,0.0634770089934024,-0.1479218579178207,-0.1775696840446297,training
2021-10-25,Privacy & Security,6,1072760.9747800005,983978.2438599992,265417.75691,807343.2178700003,718560.4869499992,2056739.21864,14.536632869283876,88782.73092000105,0.0431667418578753,-0.0431667418578753,5,-0.07363998173029299,0.38280789303925533,2021-11-01,0.3352773185421505,-0.0431667418578753,0.1859498076786452,0.0634770089934024,-0.1479218579178207,training
2021-11-01,Privacy & Security,6,606538.0484400005,1218397.568650001,130705.13527000004,475832.9131700005,1087692.433380001,1824935.6170900012,14.417055814033972,-611859.5202100005,-0.3352773185421505,0.3352773185421505,5,0.15796945432102696,0.28032509968404684,2021-11-08,0.0882948429614594,0.3352773185421505,-0.0431667418578753,0.1859498076786452,0.0634770089934024,training
2021-11-08,Privacy & Security,6,1170481.37848,1397193.860480001,75992.88282999999,1094488.49565,1321200.977650001,2567675.2389600007,14.758511860672508,-226712.482000001,-0.0882948429614594,0.0882948429614594,5,0.07303262772608211,0.29815900142168544,2021-11-15,-0.3536668050087287,0.0882948429614594,0.3352773185421505,-0.0431667418578753,0.1859498076786452,training
2021-11-15,Privacy & Security,6,1834880.270050001,876097.4436100003,131280.59501000005,1703599.6750400013,744816.8486000003,2710977.7136600018,14.812820276609328,958782.826440001,0.3536668050087287,-0.3536668050087287,5,0.19910044032905796,0.35880946942576575,2021-11-22,-0.6479626672891835,-0.3536668050087287,0.0882948429614594,0.3352773185421505,-0.0431667418578753,training
2021-11-22,Privacy & Security,7,1640205.6617199983,350380.2833100004,110243.19666000002,1529962.4650599984,240137.0866500004,1990585.945029999,14.503940100463542,1289825.378409998,0.6479626672891835,-0.6479626672891835,5,-0.0043429828513023225,0.2584130282688291,2021-11-29,-0.6116469827258323,-0.6479626672891835,-0.3536668050087287,0.0882948429614594,0.3352773185421505,training
2021-11-29,Privacy & Security,7,1431088.761209999,344844.52511000005,66202.84633999997,1364885.914869999,278641.67877000006,1775933.286319999,14.389837200903754,1086244.236099999,0.6116469827258323,-0.6116469827258323,5,0.022047512946382825,0.3806551542520974,2021-12-06,-0.9208362347060104,-0.6116469827258323,-0.6479626672891835,-0.3536668050087287,0.0882948429614594,training
2021-12-06,Privacy & Security,7,3169290.0935,130616.51617000012,70811.12949,3098478.96401,59805.38668000011,3299906.60967,15.009405028975086,3038673.57733,0.9208362347060104,-0.9208362347060104,5,-0.24320970914172962,0.4669974273501345,2021-12-13,0.164564701823306,-0.9208362347060104,-0.6116469827258323,-0.6479626672891835,-0.3536668050087287,training
2021-12-13,Privacy & Security,7,661603.51633,922249.87788,166085.20794999992,495518.30838000006,756164.66993,1583853.39421,14.275371924284125,-260646.3615499999,-0.164564701823306,0.164564701823306,5,-0.01976325416117203,0.3206020784344847,2021-12-20,-0.3743942039601921,0.164564701823306,-0.9208362347060104,-0.6116469827258323,-0.6479626672891835,training
2021-12-20,Privacy & Security,7,2140457.669160002,974307.604139998,358722.48686000006,1781735.1823000018,615585.1172799979,3114765.2733,14.951664674740126,1166150.0650200038,0.3743942039601921,-0.3743942039601921,5,0.3280168446127866,0.3557444095051405,2021-12-27,0.5022680316483035,-0.3743942039601921,0.164564701823306,-0.9208362347060104,-0.6116469827258323,training
2021-12-27,Privacy & Security,7,814824.9196599995,2459326.5171400006,258516.12533000007,556308.7943299995,2200810.3918100004,3274151.4368000003,15.001569595633864,-1644501.597480001,-0.5022680316483035,0.5022680316483035,5,-0.12118920082980075,0.398991430299723,2022-01-03,0.4706245968131156,0.5022680316483035,-0.3743942039601921,0.164564701823306,-0.9208362347060104,training
2022-01-03,Privacy & Security,7,1077224.05523,2992568.5673399977,164725.2919,912498.76333,2827843.2754399977,4069792.622569998,15.219102849147877,-1915344.5121099977,-0.4706245968131156,0.4706245968131156,5,-0.38851349560301,0.5104330334021868,2022-01-10,-0.4475252700348687,0.4706245968131156,0.5022680316483035,-0.3743942039601921,0.164564701823306,training
2022-01-10,Privacy & Security,7,1578468.69753,602451.7053199995,223987.03931999995,1354481.65821,378464.6659999995,2180920.4028499997,14.595258007326708,976016.9922100004,0.4475252700348687,-0.4475252700348687,5,0.34446548198515203,0.4083844307664044,2022-01-17,0.4174044533653135,-0.4475252700348687,0.4706245968131156,0.5022680316483035,-0.3743942039601921,training
2022-01-17,Privacy & Security,7,2553951.564200001,6213542.72563,872479.17788,1681472.386320001,5341063.54775,8767494.289830001,15.986561723765645,-3659591.16143,-0.4174044533653135,0.4174044533653135,5,-0.08106230629063044,0.3313586109044538,2022-01-24,0.0080909862245609,0.4174044533653135,-0.4475252700348687,0.4706245968131156,0.5022680316483035,training
2022-01-24,Privacy & Security,7,24919074.12023002,25325603.111570023,23922275.58967002,996798.530559998,1403327.521900002,50244677.23180004,17.732415193460216,-406528.9913400039,-0.0080909862245609,0.0080909862245609,5,0.034239292899436474,0.39790101742516093,2022-01-31,0.1069539929541553,0.0080909862245609,0.4174044533653135,-0.4475252700348687,0.4706245968131156,training
2022-01-31,Privacy & Security,7,17002051.868480038,21074490.06629004,15308920.42312004,1693131.4453599993,5765569.643169997,38076541.93477008,17.4551089794903,-4072438.197809998,-0.1069539929541553,0.1069539929541553,5,0.11917253314183658,0.3641028772731503,2022-02-07,-0.0049793642897794,0.1069539929541553,0.0080909862245609,0.4174044533653135,-0.4475252700348687,training
2022-02-07,Privacy & Security,7,20137851.597389992,19938297.849959992,19277919.147169992,859932.45022,660378.7027899995,40076149.44734998,17.506291963405296,199553.74743000045,0.0049793642897794,-0.0049793642897794,5,-0.035845384538412274,0.3478685195155359,2022-02-14,-0.0528588666318493,-0.0049793642897794,0.1069539929541553,0.0080909862245609,0.4174044533653135,training
2022-02-14,Privacy & Security,7,44167989.19104003,39733074.07746004,39434650.08662003,4733339.104419999,298423.9908400029,83901063.26850006,18.245148856321222,4434915.113579996,0.0528588666318493,-0.0528588666318493,5,0.26246166117958675,0.6641596743226134,2022-02-21,-0.3862871271000045,-0.0528588666318493,-0.0049793642897794,0.1069539929541553,0.0080909862245609,training
2022-02-21,Privacy & Security,7,7114429.159199996,3149576.0675999965,2487382.856619997,4627046.302579999,662193.2109799995,10264005.226799993,16.144153791941495,3964853.0916,0.3862871271000045,-0.3862871271000045,5,0.0034169345378512322,0.306189803023576,2022-02-28,0.0760354048810368,-0.3862871271000045,-0.0528588666318493,-0.0049793642897794,0.1069539929541553,training
2022-02-28,Privacy & Security,7,8636084.681150004,10057455.583860004,7986401.7853200035,649682.8958300008,2071053.7985400008,18693540.265010007,16.743688635267162,-1421370.90271,-0.0760354048810368,0.0760354048810368,5,0.06470810411608824,0.6094804687558826,2022-03-07,-0.3297744830953783,0.0760354048810368,-0.3862871271000045,-0.0528588666318493,-0.0049793642897794,training
2022-03-07,Privacy & Security,7,2956097.0697899777,1489915.5547099784,1449605.2879499784,1506491.7818399994,40310.26676000003,4446012.624499956,15.30751843794152,1466181.515079999,0.3297744830953783,-0.3297744830953783,5,0.02653216752237586,0.3255458038158768,2022-03-14,-0.0054771117819302,-0.3297744830953783,0.0760354048810368,-0.3862871271000045,-0.0528588666318493,training
2022-03-14,Privacy & Security,7,23053171.8849,22802017.88475,20768697.72489,2284474.160009999,2033320.15986,45855189.76965,17.64099896224676,251154.0001499988,0.0054771117819302,-0.0054771117819302,5,0.2047573542352164,0.4518065908703863,2022-03-21,0.0324447352490013,-0.0054771117819302,-0.3297744830953783,0.0760354048810368,-0.3862871271000045,training
2022-03-21,Privacy & Security,7,20833509.09138003,22230716.48904003,20347712.96405003,485796.12733000144,1883003.52499,43064225.58042006,17.57820320069014,-1397207.3976599984,-0.0324447352490013,0.0324447352490013,5,-0.16810123671788785,0.4783762949115778,2022-03-28,-0.0010084713603603,0.0324447352490013,-0.0054771117819302,-0.3297744830953783,0.0760354048810368,training
2022-03-28,Privacy & Security,7,64823690.74013999,64693076.7894,61809288.95497999,3014401.7851599976,2883787.834420003,129516767.52954,18.67932091743578,130613.95073999465,0.0010084713603603,-0.0010084713603603,5,0.04933781819520721,0.36907997399802484,2022-04-04,-0.003487208486452,-0.0010084713603603,0.0324447352490013,-0.0054771117819302,-0.3297744830953783,training
2022-04-04,Privacy & Security,7,51359044.37123001,51002089.75562001,50000858.84721001,1358185.5240200013,1001230.9084099978,102361134.12685002,18.444017658749377,356954.6156100035,0.003487208486452,-0.003487208486452,5,-0.0682082146614439,0.3184828941443635,2022-04-11,0.0089325760715093,-0.003487208486452,-0.0010084713603603,0.0324447352490013,-0.0054771117819302,training
2022-04-11,Privacy & Security,7,58127147.31767002,59174957.29043002,57279854.048170015,847293.2695000023,1895103.2422600016,117302104.60810004,18.580263264085783,-1047809.9727599992,-0.0089325760715093,0.0089325760715093,5,-0.027681491767655886,0.311520245856533,2022-04-18,0.0161447562715281,0.0089325760715093,-0.003487208486452,-0.0010084713603603,0.0324447352490013,training
2022-04-18,Privacy & Security,7,37950644.28753997,39196160.65038998,37612705.12223998,337939.16529999673,1583455.5281499997,77146804.93792996,18.161220735241493,-1245516.362850003,-0.0161447562715281,0.0161447562715281,5,-0.005346107177559178,0.4573889714237411,2022-04-25,0.3002310010020672,0.0161447562715281,0.0089325760715093,-0.003487208486452,-0.0010084713603603,training
2022-04-25,Privacy & Security,7,1473050.4961999997,2737054.547919999,205690.40799999947,1267360.0882,2531364.1399199995,4210105.044119999,15.252998393968412,-1264004.0517199994,-0.3002310010020672,0.3002310010020672,5,0.18194059169743415,0.42693458049349176,2022-05-02,0.0006628419470978,0.3002310010020672,0.0161447562715281,0.0089325760715093,-0.003487208486452,training
2022-05-02,Privacy & Security,7,27157871.51384997,27193898.146679968,25985191.41008997,1172680.1037600003,1208706.736589998,54351769.66052994,17.81098774985141,-36026.63282999769,-0.0006628419470978,0.0006628419470978,5,0.0250179525433811,0.42661457029392097,2022-05-09,-0.0020818876253037,0.0006628419470978,0.3002310010020672,0.0161447562715281,0.0089325760715093,training
2022-05-09,Privacy & Security,7,78959513.69514002,78631427.06571002,75521148.53210002,3438365.163039997,3110278.533610001,157590940.76085004,18.875513257599497,328086.629429996,0.0020818876253037,-0.0020818876253037,5,-0.025790232668923274,0.36001738294798,2022-05-16,-0.0131285443610003,-0.0020818876253037,0.0006628419470978,0.3002310010020672,0.0161447562715281,training
2022-05-16,Privacy & Security,7,10791889.16858,10512197.5214,9872525.256630002,919363.9119499996,639672.2647699993,21304086.68998,16.87440952259492,279691.6471800003,0.0131285443610003,-0.0131285443610003,5,0.16412590696246626,0.3274604013842461,2022-05-23,0.2399094414087006,-0.0131285443610003,-0.0020818876253037,0.0006628419470978,0.3002310010020672,training
2022-05-23,Privacy & Security,7,51863732.55915001,84603513.27869006,16681903.514500009,35181829.04465,67921609.76419005,136467245.83784008,18.73159519389077,-32739780.719540045,-0.2399094414087006,0.2399094414087006,6,-0.5893679206798152,0.600096578185094,2022-05-30,0.3068016521508589,0.2399094414087006,-0.0131285443610003,-0.0020818876253037,0.0006628419470978,training
2022-05-30,Privacy & Security,7,6576381.543759988,12397643.896909956,5182529.361749988,1393852.1820099996,7215114.535159968,18974025.440669943,16.75858157245512,-5821262.353149968,-0.3068016521508589,0.3068016521508589,6,0.1267538577157225,0.486093608655036,2022-06-06,0.4591843238356795,0.3068016521508589,0.2399094414087006,-0.0131285443610003,-0.0020818876253037,training
2022-06-06,Privacy & Security,7,32296136.253920007,87138775.40758,8089445.570250006,24206690.68367,79049329.83733,119434911.6615,18.598282117032063,-54842639.15366,-0.4591843238356795,0.4591843238356795,6,-0.7107787828695711,0.9721473611881825,2022-06-13,0.2678144904395463,0.4591843238356795,0.3068016521508589,0.2399094414087006,-0.0131285443610003,training
2022-06-13,Privacy & Security,7,88837466.93644,153826354.66738003,44813942.03219,44023524.90425,109012412.63519004,242663821.60382003,19.307187597384967,-64988887.73094003,-0.2678144904395463,0.2678144904395463,6,-0.43418483401179253,0.5652611778400995,2022-06-20,-0.7320430329603086,0.2678144904395463,0.4591843238356795,0.3068016521508589,0.2399094414087006,training
2022-06-20,Privacy & Security,7,51214015.27251003,7923101.182359998,6628162.21996,44585853.05255003,1294938.9623999975,59137116.45487003,17.89536933016031,43290914.09015003,0.7320430329603086,-0.7320430329603086,6,0.5064485352525835,0.8597431588415162,2022-06-27,0.3732437966666888,-0.7320430329603086,0.2678144904395463,0.4591843238356795,0.3068016521508589,training
2022-06-27,Privacy & Security,7,40345750.2247,88398887.67477998,39342057.64534,1003692.5793600008,49056830.02943999,128744637.89948,18.67334145702548,-48053137.45007999,-0.3732437966666888,0.3732437966666888,6,-0.5989208740436713,0.5745693119999403,2022-07-04,-0.7658715261328775,0.3732437966666888,-0.7320430329603086,0.2678144904395463,0.4591843238356795,training
2022-07-04,Privacy & Security,7,38633672.167539984,5122254.122459998,3275477.158599999,35358195.00893998,1846776.96386,43755926.289999984,17.594137642505473,33511418.045079984,0.7658715261328775,-0.7658715261328775,5,0.4877739124101655,0.886461219222451,2022-07-11,-0.7512253649355308,-0.7658715261328775,0.3732437966666888,-0.7320430329603086,0.2678144904395463,training
2022-07-11,Privacy & Security,7,79153467.03809002,11244340.831719993,8457738.183089996,70695728.85500002,2786602.648629997,90397807.86981,18.31973058690284,67909126.20637003,0.7512253649355308,-0.7512253649355308,6,0.31676049732103845,0.9326454808370501,2022-07-18,-0.8505727211253069,-0.7512253649355308,-0.7658715261328775,0.3732437966666888,-0.7320430329603086,training
2022-07-18,Privacy & Security,7,55746249.13895997,4501314.766619996,4062620.685579997,51683628.45337997,438694.0810399992,60247563.90557997,17.913972713013372,51244934.37233998,0.8505727211253069,-0.8505727211253069,6,0.5568923152460458,0.9385330035156885,2022-07-25,-0.93858203336838,-0.8505727211253069,-0.7512253649355308,-0.7658715261328775,0.3732437966666888,training
2022-07-25,Privacy & Security,7,42313638.527970016,1340576.56289,101791.64904999782,42211846.87892002,1238784.913840002,43654215.09086002,17.59181042415046,40973061.965080015,0.93858203336838,-0.93858203336838,6,0.4052794640223545,0.9124585415893962,2022-08-01,-0.2055827271208868,-0.93858203336838,-0.8505727211253069,-0.7512253649355308,-0.7658715261328775,training
2022-08-01,Privacy & Security,7,15841543.33753997,10438765.729880003,9566707.13877,6274836.19876997,872058.5911100022,26280309.067419976,17.084330550119148,5402777.607659968,0.2055827271208868,-0.2055827271208868,6,0.11124594386513603,0.406365573897032,2022-08-08,0.3962226846805112,-0.2055827271208868,-0.93858203336838,-0.8505727211253069,-0.7512253649355308,training
2022-08-08,Privacy & Security,7,18403817.68286001,42558451.736359976,12055996.050950006,6347821.63191,30502455.68540997,60962269.41921999,17.925765713058887,-24154634.05349997,-0.3962226846805112,0.3962226846805112,6,0.27510192337848494,0.49488492042925136,2022-08-15,0.7596210712379604,0.3962226846805112,-0.2055827271208868,-0.93858203336838,-0.8505727211253069,training
2022-08-15,Privacy & Security,7,30195357.32358,221035958.82453004,28444657.20606,1750700.1175200008,192591301.61847004,251231316.14811003,19.341884654963238,-190840601.50095004,-0.7596210712379604,0.7596210712379604,6,-0.6619396277577898,0.6824302867152605,2022-08-22,0.2457975661857897,0.7596210712379604,0.3962226846805112,-0.2055827271208868,-0.93858203336838,training
2022-08-22,Privacy & Security,7,31367397.69962,51812916.47939,2200914.46772,29166483.231900003,49612002.01166999,83180314.17901,18.23652128139196,-20445518.779769994,-0.2457975661857897,0.2457975661857897,6,-0.5805764353176902,0.9293180995488248,2022-08-29,0.6843390352243833,0.2457975661857897,0.7596210712379604,0.3962226846805112,-0.2055827271208868,training
2022-08-29,Privacy & Security,7,4078705.921080006,21763614.645730007,2905807.056460005,1172898.8646200006,18857807.589270003,25842320.56681001,17.06752407675975,-17684908.724650003,-0.6843390352243833,0.6843390352243833,5,0.2223320384670003,0.6800006993316097,2022-09-05,-0.7497636540045282,0.6843390352243833,0.2457975661857897,0.7596210712379604,0.3962226846805112,training
2022-09-05,Privacy & Security,7,48777981.68724998,6975812.918799995,6052861.472379996,42725120.21486998,922951.446419999,55753794.60604998,17.836456048606717,41802168.768449984,0.7497636540045282,-0.7497636540045282,6,0.40365327679217833,0.8956658370353454,2022-09-12,0.2002311787871912,-0.7497636540045282,0.6843390352243833,0.2457975661857897,0.7596210712379604,training
2022-09-12,Privacy & Security,7,31727263.9449,47613823.38778,7393525.605340004,24333738.33956,40220297.78244,79341087.33268,18.18926669028282,-15886559.44288,-0.2002311787871912,0.2002311787871912,6,-0.7804316417605713,0.9231976956426978,2022-09-19,0.1738323026977899,0.2002311787871912,-0.7497636540045282,0.6843390352243833,0.2457975661857897,training
2022-09-19,Privacy & Security,7,3216200.2056899983,4569628.788089991,2607908.475199999,608291.7304899995,1961720.312889992,7785828.993779989,15.867815972054148,-1353428.5823999925,-0.1738323026977899,0.1738323026977899,5,0.07468272689372353,0.3231917792154738,2022-09-26,-0.1369803210656073,0.1738323026977899,0.2002311787871912,-0.7497636540045282,0.6843390352243833,training
2022-09-26,Privacy & Security,7,8254965.5991199985,6265893.638589993,3538965.497759996,4716000.1013600025,2726928.140829997,14520859.237709992,16.491096810627358,1989071.9605300052,0.1369803210656073,-0.1369803210656073,6,0.16221907723679843,0.5660771899407733,2022-10-03,-0.6241842933832633,-0.1369803210656073,0.1738323026977899,0.2002311787871912,-0.7497636540045282,training
2022-10-03,Privacy & Security,7,5720806.867599999,1323722.365819997,305202.05233999825,5415604.8152600005,1018520.3134799986,7044529.233419996,15.767762020242822,4397084.501780001,0.6241842933832633,-0.6241842933832633,6,0.20447761235735323,0.6289753572928168,2022-10-10,0.5126341949502111,-0.6241842933832633,-0.1369803210656073,0.1738323026977899,0.2002311787871912,training
2022-10-10,Privacy & Security,7,2798639.813880001,8686120.852060009,2378388.575500002,420251.2383799991,6307732.276560007,11484760.665940007,16.256531642121622,-5887481.038180008,-0.5126341949502111,0.5126341949502111,6,-0.4959440741631343,0.7913250476837619,2022-10-17,0.4177367906875577,0.5126341949502111,-0.6241842933832633,-0.1369803210656073,0.1738323026977899,training
2022-10-17,Privacy & Security,7,988797.6768499988,2407596.4659899976,369140.8855799989,619656.7912699999,2038455.5804099988,3396394.1428399966,15.038225175015638,-1418798.7891399986,-0.4177367906875577,0.4177367906875577,6,-0.24375164054077955,0.542191196640489,2022-10-24,-0.8162317256341297,0.4177367906875577,0.5126341949502111,-0.6241842933832633,-0.1369803210656073,training
2022-10-24,Privacy & Security,7,41366715.18535,4185528.618679999,3815143.867619999,37551571.31773,370384.75106000016,45552243.80403,17.63437046265196,37181186.56667,0.8162317256341297,-0.8162317256341297,6,0.46532236098895385,0.6908657275407939,2022-10-31,-0.7118345902549091,-0.8162317256341297,0.4177367906875577,0.5126341949502111,-0.6241842933832633,training
2022-10-31,Privacy & Security,7,54883099.06665999,9238866.196920006,3562927.799300004,51320171.26735999,5675938.397620002,64121965.26358,17.976297550606322,45644232.86973998,0.7118345902549091,-0.7118345902549091,6,0.5114659546199396,0.6062427907114805,2022-11-07,0.5603226774393059,-0.7118345902549091,-0.8162317256341297,0.4177367906875577,0.5126341949502111,training
2022-11-07,Privacy & Security,7,10735679.10618,38098675.34110001,8448889.219020002,2286789.8871599995,29649786.12208001,48834354.447280005,17.703944628195266,-27362996.234920006,-0.5603226774393059,0.5603226774393059,6,-0.6354563499595587,0.8440431216209855,2022-11-14,0.1990315983226479,0.5603226774393059,-0.7118345902549091,-0.8162317256341297,0.4177367906875577,training
2022-11-14,Privacy & Security,7,7332750.36441,10976961.601890003,6482011.189300001,850739.1751099993,4494950.412590003,18309711.966300003,16.722942240192484,-3644211.2374800034,-0.1990315983226479,0.1990315983226479,6,-0.06431011285191011,0.48310989433883117,2022-11-21,-0.9091666017129684,0.1990315983226479,0.5603226774393059,-0.7118345902549091,-0.8162317256341297,training
2022-11-21,Privacy & Security,8,12118104.15528,576549.2546499983,351713.654359998,11766390.500920003,224835.60029000023,12694653.40993,16.356691550216308,11541554.900630005,0.9091666017129684,-0.9091666017129684,6,0.269804591937042,0.8436652265414379,2022-11-28,-0.4141657142325933,-0.9091666017129684,0.1990315983226479,0.5603226774393059,-0.7118345902549091,training
2022-11-28,Privacy & Security,8,38668750.63051999,16018971.2416,13578734.32692,25090016.30359999,2440236.9146799985,54687721.87211999,17.817149797449712,22649779.388919994,0.4141657142325933,-0.4141657142325933,6,0.42697081782147367,0.4640255517371865,2022-12-05,0.3009362427426265,-0.4141657142325933,-0.9091666017129684,0.1990315983226479,0.5603226774393059,training
2022-12-05,Privacy & Security,8,4704250.609570004,8754466.312120004,2863651.24508,1840599.3644900045,5890815.067040004,13458716.921690008,16.415137626655337,-4050215.70255,-0.3009362427426265,0.3009362427426265,6,-0.16168222715067665,0.5724361696087922,2022-12-12,0.1110310499836643,0.3009362427426265,-0.4141657142325933,-0.9091666017129684,0.1990315983226479,training
2022-12-12,Privacy & Security,8,12895440.621220002,16116687.68986001,11978947.237930004,916493.3832899964,4137740.451930005,29012128.31108001,17.183224552613925,-3221247.0686400086,-0.1110310499836643,0.1110310499836643,6,-0.5910062850888711,0.6401307632781612,2022-12-19,-0.1760586864205588,0.1110310499836643,0.3009362427426265,-0.4141657142325933,-0.9091666017129684,training
2022-12-19,Privacy & Security,8,9160021.96596,6417469.313559999,4266569.269979999,4893452.69598,2150900.04358,15577491.279519998,16.561337627782994,2742552.652400001,0.1760586864205588,-0.1760586864205588,6,-0.24286469308309935,0.6434703953178276,2022-12-26,0.1429326309674144,-0.1760586864205588,0.1110310499836643,0.3009362427426265,-0.4141657142325933,training
2022-12-26,Privacy & Security,9,6594195.3158399975,8793615.617349986,4762015.806039998,1832179.5097999992,4031599.811309988,15387810.933189984,16.54908632112575,-2199420.3015099885,-0.1429326309674144,0.1429326309674144,6,-0.2685719100454612,0.4888374853942314,2023-01-02,-0.61301333994741,0.1429326309674144,-0.1760586864205588,0.1110310499836643,0.3009362427426265,training
2023-01-02,Privacy & Security,9,12216079.812789995,2930825.064249996,1817314.172379997,10398765.64041,1113510.8918699988,15146904.877039991,16.533306836522733,9285254.74854,0.61301333994741,-0.61301333994741,6,0.4789701712208318,0.7398966012895257,2023-01-09,-0.740655608599062,-0.61301333994741,0.1429326309674144,-0.1760586864205588,0.1110310499836643,training
2023-01-09,Privacy & Security,9,37014961.26388002,5514946.526060004,4469779.330480003,32545181.93340002,1045167.195580001,42529907.78994003,17.565718122622297,31500014.737820014,0.740655608599062,-0.740655608599062,6,0.8225098187977091,0.9062006070449723,2023-01-16,-0.3826502293866766,-0.740655608599062,-0.61301333994741,0.1429326309674144,-0.1760586864205588,training
2023-01-16,Privacy & Security,9,27850111.71269002,12435003.236509996,11897269.241839996,15952842.470850024,537733.9946699999,40285114.94920002,17.511492627411954,15415108.476180024,0.3826502293866766,-0.3826502293866766,6,0.35504523367917584,0.7139830288493421,2023-01-23,0.0989311936741265,-0.3826502293866766,-0.740655608599062,-0.61301333994741,0.1429326309674144,training
2023-01-23,Privacy & Security,9,14982558.047609998,18272522.901649997,13271407.857299997,1711150.1903100014,5001115.044349996,33255080.94925999,17.319718153966452,-3289964.854039995,-0.0989311936741265,0.0989311936741265,6,-0.01100556152931861,0.48039464395041215,2023-01-30,-0.2804519192732523,0.0989311936741265,-0.3826502293866766,-0.740655608599062,-0.61301333994741,training
2023-01-30,Privacy & Security,9,54453874.20200998,30600274.856420003,28825308.742080003,25628565.45992998,1774966.11434,85054149.05842999,18.258798671129263,23853599.34558998,0.2804519192732523,-0.2804519192732523,6,0.11128317584268468,0.8384641521285462,2023-02-06,0.7339577310819873,-0.2804519192732523,0.0989311936741265,-0.3826502293866766,-0.740655608599062,training
2023-02-06,Privacy & Security,9,1855858.5348,12095748.045220012,413010.4693399999,1442848.06546,11682737.575880012,13951606.580020012,16.45110529830329,-10239889.510420011,-0.7339577310819873,0.7339577310819873,6,-0.43818260481499055,0.7163201993777026,2023-02-13,-0.7399401963209784,0.7339577310819873,-0.2804519192732523,0.0989311936741265,-0.3826502293866766,training
2023-02-13,Privacy & Security,9,25046841.832849994,3743621.0644499953,2092892.466759988,22953949.366090007,1650728.5976900074,28790462.89729999,17.17555477559852,21303220.7684,0.7399401963209784,-0.7399401963209784,6,0.4313303489202889,0.7703595120955443,2023-02-20,0.4797682682729083,-0.7399401963209784,0.7339577310819873,-0.2804519192732523,0.0989311936741265,training
2023-02-20,Privacy & Security,9,7527644.709639996,21411938.36672999,7115594.975759996,412049.7338800002,14296343.390969994,28939583.076369982,17.18072090713517,-13884293.657089991,-0.4797682682729083,0.4797682682729083,6,-0.3158923670728591,0.7222800859635304,2023-02-27,0.2901720129607459,0.4797682682729083,-0.7399401963209784,0.7339577310819873,-0.2804519192732523,training
2023-02-27,Privacy & Security,9,11881513.33946,21595648.892529994,8085113.841019999,3796399.4984399993,13510535.051509997,33477162.231989995,17.32637406976844,-9714135.553069996,-0.2901720129607459,0.2901720129607459,6,-0.4308655956823121,0.7632766833615344,2023-03-06,0.5621815793357788,0.2901720129607459,0.4797682682729083,-0.7399401963209784,0.7339577310819873,training
2023-03-06,Privacy & Security,9,7714418.056340001,27525844.53762001,6118593.470340001,1595824.5859999992,21407251.067280013,35240262.59396002,17.37769983896909,-19811426.48128001,-0.5621815793357788,0.5621815793357788,6,-0.36095597448415895,0.662818577290085,2023-03-13,-0.5342351482302644,0.5621815793357788,0.2901720129607459,0.4797682682729083,-0.7399401963209784,training
2023-03-13,Privacy & Security,9,33384937.165739976,10135037.206179995,6532744.746999998,26852192.41873998,3602292.45918,43519974.371919975,17.588730594609228,23249899.959559977,0.5342351482302644,-0.5342351482302644,6,0.34761146057293185,0.7339590450702407,2023-03-20,0.3279131325383495,-0.5342351482302644,0.5621815793357788,0.2901720129607459,0.4797682682729083,training
2023-03-20,Privacy & Security,9,12455776.50868,24610195.50093,11313943.90274,1141832.6059399992,13296251.598189997,37065972.00961,17.428209937168027,-12154418.992249995,-0.3279131325383495,0.3279131325383495,6,-0.1290873447671082,0.4262798759691996,2023-03-27,-0.2027569298079086,0.3279131325383495,-0.5342351482302644,0.5621815793357788,0.2901720129607459,training
2023-03-27,Privacy & Security,9,8855000.294249987,5869504.840240009,1433067.9849200053,7421932.309329982,4436436.855320004,14724505.134489996,16.505023747685822,2985495.454009978,0.2027569298079086,-0.2027569298079086,6,-0.06490502268397302,0.6860236969891096,2023-04-03,-0.3416975265443326,-0.2027569298079086,0.3279131325383495,-0.5342351482302644,0.5621815793357788,training
2023-04-03,Privacy & Security,9,17422341.24647998,8548253.320169998,3537010.857559996,13885330.388919985,5011242.462610003,25970594.56664998,17.072475516246595,8874087.926309982,0.3416975265443326,-0.3416975265443326,6,0.0854376412650887,0.7883520722799798,2023-04-10,-0.7992253097532317,-0.3416975265443326,-0.2027569298079086,0.3279131325383495,-0.5342351482302644,training
2023-04-10,Privacy & Security,10,54176895.96281,6045573.862540002,5770328.183500002,48406567.77931,275245.67903999984,60222469.82535,17.913556110155398,48131322.10027,0.7992253097532317,-0.7992253097532317,6,0.24053799321864486,0.9157319223476101,2023-04-17,0.6367915321590744,-0.7992253097532317,-0.3416975265443326,-0.2027569298079086,0.3279131325383495,training
2023-04-17,Privacy & Security,11,8716042.11911,39278665.55343999,3609515.4994799984,5106526.6196300015,35669150.05395999,47994707.67254999,17.68660132680719,-30562623.43432999,-0.6367915321590744,0.6367915321590744,6,-0.5475161920965503,0.7061824197665203,2023-04-24,-0.4519673870521547,0.6367915321590744,-0.7992253097532317,-0.3416975265443326,-0.2027569298079086,training
2023-04-24,Privacy & Security,12,12305908.365109997,4644759.363170002,3374660.6199399987,8931247.745169997,1270098.743230003,16950667.72828,16.645817844008356,7661149.001939995,0.4519673870521547,-0.4519673870521547,6,0.061165095497182846,0.6728441600427358,2023-05-01,-0.0661259081364749,-0.4519673870521547,0.6367915321590744,-0.7992253097532317,-0.3416975265443326,training
2023-05-01,Privacy & Security,13,10968056.811419984,9607480.707579998,1274069.1540799977,9693987.657339986,8333411.5535,20575537.518999983,16.839613477647827,1360576.103839986,0.0661259081364749,-0.0661259081364749,6,-0.2239320805154562,0.4974783616219845,2023-05-08,0.2747046673243957,-0.0661259081364749,-0.4519673870521547,0.6367915321590744,-0.7992253097532317,training
2023-05-08,Privacy & Security,13,7543036.124250009,13256866.437989997,3237360.666600005,4305675.457650004,10019505.77138999,20799902.562240005,16.850458908230028,-5713830.313739986,-0.2747046673243957,0.2747046673243957,6,-0.44753739183398156,0.4591937830708663,2023-05-15,-0.6338446132851834,0.2747046673243957,-0.0661259081364749,-0.4519673870521547,0.6367915321590744,training
2023-05-15,Privacy & Security,13,19418777.19904998,4351876.437349999,2491961.058279997,16926816.14076998,1859915.379070002,23770653.636399977,16.983962379403085,15066900.76169998,0.6338446132851834,-0.6338446132851834,6,0.3281870967127439,0.684764793856127,2023-05-22,-0.4531981630154418,-0.6338446132851834,0.2747046673243957,-0.0661259081364749,-0.4519673870521547,training
2023-05-22,Privacy & Security,13,31193066.444619983,11737164.598190002,9305077.00614,21887989.438479982,2432087.592050003,42930231.04280999,17.575086845329626,19455901.84642998,0.4531981630154418,-0.4531981630154418,6,-0.2369872645494507,0.8233044417691772,2023-05-29,0.0621468125014834,-0.4531981630154418,-0.6338446132851834,0.2747046673243957,-0.0661259081364749,training
2023-05-29,Privacy & Security,13,7516886.168930005,8513098.628540004,1622399.0527200005,5894487.116210004,6890699.575820003,16029984.797470007,16.589971638588462,-996212.4596099984,-0.0621468125014834,0.0621468125014834,6,-0.3744439663666997,0.9005499451501853,2023-06-05,0.9503217235133764,0.0621468125014834,-0.4531981630154418,-0.6338446132851834,0.2747046673243957,training
2023-06-05,Privacy & Security,13,776284.7071199993,30476196.74034,202025.51345999897,574259.1936600003,30274171.226880003,31252481.44746,17.257609369310348,-29699912.033220004,-0.9503217235133764,0.9503217235133764,6,-0.7063862713807482,0.9433955960742822,2023-06-12,0.3121592125678246,0.9503217235133764,0.0621468125014834,-0.4531981630154418,-0.6338446132851834,training
2023-06-12,Privacy & Security,13,12106523.008869994,23095003.943509985,9897650.082879996,2208872.9259899985,13197353.860629989,35201526.95237998,17.376600047364306,-10988480.93463999,-0.3121592125678246,0.3121592125678246,6,-0.054570687864747384,0.7913142459894301,2023-06-19,-0.7441379223064329,0.3121592125678246,0.9503217235133764,0.0621468125014834,-0.4531981630154418,training
2023-06-19,Privacy & Security,13,18137483.34392002,2660738.071889997,869700.1405999972,17267783.203320023,1791037.9312899995,20798221.41581001,16.850378080241203,15476745.272030022,0.7441379223064329,-0.7441379223064329,6,0.6400216161791331,0.9559246100050054,2023-06-26,0.080152730355393,-0.7441379223064329,0.3121592125678246,0.9503217235133764,0.0621468125014834,training
2023-06-26,Privacy & Security,13,11037925.66499001,12961549.09402,6155695.755080002,4882229.909910007,6805853.338939997,23999474.75901001,16.993542544699068,-1923623.42902999,-0.080152730355393,0.080152730355393,6,0.15325985090791108,0.5514669442402063,2023-07-03,0.8830413752580994,0.080152730355393,-0.7441379223064329,0.3121592125678246,0.9503217235133764,training
2023-07-03,Privacy & Security,13,888120.1580899939,14298791.624600004,782512.8513199942,105607.30676999968,13516278.77328001,15186911.782689998,16.53594461380331,-13410671.46651001,-0.8830413752580994,0.8830413752580994,6,-0.3730534470169286,0.918672392755856,2023-07-10,-0.4307161041222369,0.8830413752580994,0.080152730355393,-0.7441379223064329,0.3121592125678246,training
2023-07-10,Privacy & Security,13,5352900.593100011,2129926.471860002,816484.6417600019,4536415.951340009,1313441.8301,7482827.064960013,15.828121362045888,3222974.1212400096,0.4307161041222369,-0.4307161041222369,6,0.3877543142320409,0.7349931593940837,2023-07-17,0.5796944162743676,-0.4307161041222369,0.8830413752580994,0.080152730355393,-0.7441379223064329,training
2023-07-17,Privacy & Security,13,2542102.2671299987,9554345.486890016,1336090.555939998,1206011.7111900006,8218254.930950018,12096447.754020017,16.308422476086633,-7012243.2197600175,-0.5796944162743676,0.5796944162743676,6,-0.37489135732302775,0.857026327777765,2023-07-24,-0.0732576673334345,0.5796944162743676,-0.4307161041222369,0.8830413752580994,0.080152730355393,training
2023-07-24,Privacy & Security,13,2769293.4870400163,2391244.5111099947,1050311.8278199984,1718981.659220018,1340932.6832899963,5160537.998150012,15.456551589008308,378048.9759300216,0.0732576673334345,-0.0732576673334345,6,-0.10525046935174424,0.780579876039625,2023-07-31,-0.4587216454446224,-0.0732576673334345,0.5796944162743676,-0.4307161041222369,0.8830413752580994,training
2023-07-31,Privacy & Security,13,4098728.265210013,1520888.4423499953,124330.76415999696,3974397.501050016,1396557.6781899985,5619616.707560008,15.541774195990332,2577839.8228600184,0.4587216454446224,-0.4587216454446224,6,-0.1009593719319935,0.7685222700507038,2023-08-07,-0.0846939984009736,-0.4587216454446224,-0.0732576673334345,0.5796944162743676,-0.4307161041222369,training
2023-08-07,Privacy & Security,12,5350758.883389998,4515173.612369988,2705293.0094000003,2645465.873989998,1809880.602969988,9865932.495759986,16.10459832000305,835585.2710200101,0.0846939984009736,-0.0846939984009736,6,0.28628074693988004,0.8767131794985069,2023-08-14,0.8435795350775803,-0.0846939984009736,-0.4587216454446224,-0.0732576673334345,0.5796944162743676,training
2023-08-14,Privacy & Security,12,2999363.870109999,35350654.73643999,2498164.43782,501199.432289999,32852490.29861999,38350018.60654999,17.462265597030342,-32351290.86632999,-0.8435795350775803,0.8435795350775803,6,-0.7300303575810049,0.9572355320992516,2023-08-21,0.6945326883007757,0.8435795350775803,-0.0846939984009736,-0.4587216454446224,-0.0732576673334345,training
2023-08-21,Privacy & Security,12,2756258.6460299995,15289918.738369975,2089629.8728999973,666628.773130002,13200288.86546998,18046177.384399977,16.70844449647055,-12533660.092339978,-0.6945326883007757,0.6945326883007757,6,-0.2181794168368588,0.9342704237365073,2023-08-28,0.3811662050844096,0.6945326883007757,0.8435795350775803,-0.0846939984009736,-0.4587216454446224,training
2023-08-28,Privacy & Security,12,2816575.2580899987,6286273.620660015,1498130.8692599991,1318444.3888299996,4788142.751400016,9102848.878750017,16.02409809594751,-3469698.3625700166,-0.3811662050844096,0.3811662050844096,6,-0.06338262362804324,0.8323563115913747,2023-09-04,0.2148482477961169,0.3811662050844096,0.6945326883007757,0.8435795350775803,-0.0846939984009736,training
2023-09-04,Privacy & Security,12,2664972.3470799974,4123453.812829978,534972.3338599986,2130000.0132199987,3588481.47896998,6788426.159909976,15.730729832040767,-1458481.4657499809,-0.2148482477961169,0.2148482477961169,5,0.04551600606647447,0.8400911523210787,2023-09-11,0.2132042454251569,0.2148482477961169,0.3811662050844096,0.6945326883007757,0.8435795350775803,training
2023-09-11,Privacy & Security,12,3093529.3619000018,4770085.417189997,2239402.5046800007,854126.857220001,2530682.912509996,7863614.779089998,15.877757081412334,-1676556.055289995,-0.2132042454251569,0.2132042454251569,5,0.4428225947467235,0.7649057370918604,2023-09-18,0.169187868938239,0.2132042454251569,0.2148482477961169,0.3811662050844096,0.6945326883007757,training
2023-09-18,Privacy & Security,12,1984218.0382000136,2792356.50619,1054303.7518799996,929914.2863200142,1738052.7543100005,4776574.544390013,15.379234434413464,-808138.4679899863,-0.169187868938239,0.169187868938239,5,-0.045074434943739465,0.636008687880594,2023-09-25,-0.8300466666421316,0.169187868938239,0.2132042454251569,0.2148482477961169,0.3811662050844096,training
2023-09-25,Privacy & Security,12,10773373.855890002,1000504.9771100004,386977.0862600007,10386396.769630002,613527.8908499997,11773878.833000002,16.281394062386106,9772868.878780002,0.8300466666421316,-0.8300466666421316,5,0.4943717279756954,0.9323784678492839,2023-10-02,0.7274822062385349,-0.8300466666421316,0.169187868938239,0.2132042454251569,0.2148482477961169,training
2023-10-02,Privacy & Security,12,2957977.19596,18750529.651479974,2363434.423580001,594542.7723799986,16387095.227899976,21708506.84743998,16.893214808374925,-15792552.455519978,-0.7274822062385349,0.7274822062385349,5,-0.43607016772957363,0.9465174129442632,2023-10-09,0.5891309725257636,0.7274822062385349,-0.8300466666421316,0.169187868938239,0.2132042454251569,training
2023-10-09,Privacy & Security,12,3069077.3042100016,11870366.16310002,764858.0109999999,2304219.2932100017,11105508.15210002,14939443.467310024,16.51951555272793,-8801288.85889002,-0.5891309725257636,0.5891309725257636,5,-0.3700999854082324,0.9084533293955025,2023-10-16,-0.9203433286403871,0.5891309725257636,0.7274822062385349,-0.8300466666421316,0.169187868938239,training
2023-10-16,Privacy & Security,13,13715574.0351,568927.9396699962,71566.66881999746,13644007.366280004,497361.2708499987,14284501.974769996,16.474685799535926,13146646.095430003,0.9203433286403871,-0.9203433286403871,5,0.5683538065601292,0.917677114296772,2023-10-23,-0.8801329352670308,-0.9203433286403871,0.5891309725257636,0.7274822062385349,-0.8300466666421316,training
2023-10-23,Privacy & Security,13,21675516.99,1381913.2410399967,230584.0455799972,21444932.94442001,1151329.1954599996,23057430.23104,16.953498671589028,20293603.748960007,0.8801329352670308,-0.8801329352670308,6,0.3406875910191266,0.6119874463858446,2023-10-30,-0.5588408941593082,-0.8801329352670308,-0.9203433286403871,0.5891309725257636,0.7274822062385349,training
2023-10-30,Privacy & Security,13,14435739.416069996,4085380.3084099977,899199.2965999991,13536540.119469998,3186181.0118099987,18521119.72448,16.73442229963217,10350359.10766,0.5588408941593082,-0.5588408941593082,6,0.4333548373502814,0.6871452843957909,2023-11-06,-0.7311012992776672,-0.5588408941593082,-0.8801329352670308,-0.9203433286403871,0.5891309725257636,training
2023-11-06,Privacy & Security,13,23767710.83064,3691931.006099999,2245061.7554599987,21522649.07518,1446869.2506400002,27459641.83674,17.128227951545803,20075779.82454,0.7311012992776672,-0.7311012992776672,6,0.6608615120957514,0.8584281608018968,2023-11-13,0.6025427041142621,-0.7311012992776672,-0.5588408941593082,-0.8801329352670308,-0.9203433286403871,training
2023-11-13,Privacy & Security,14,3335560.522940002,13448937.11978999,1778384.3852600006,1557176.137680001,11670552.734529989,16784497.64272999,16.635966318586455,-10113376.596849987,-0.6025427041142621,0.6025427041142621,6,-0.2792490496553143,0.6645735174757584,2023-11-20,-0.4072316692560668,0.6025427041142621,-0.7311012992776672,-0.5588408941593082,-0.8801329352670308,training
2023-11-20,Privacy & Security,14,26908407.36892,11334631.011739995,9674308.821779996,17234098.547140002,1660322.1899599992,38243038.38066,17.459472124700792,15573776.357180003,0.4072316692560668,-0.4072316692560668,6,0.21034297858872641,0.9530081146548377,2023-11-27,-0.5306320003250746,-0.4072316692560668,0.6025427041142621,-0.7311012992776672,-0.5588408941593082,training
2023-11-27,Privacy & Security,14,31609658.899230044,9693095.639440006,5351330.744140004,26258328.15509004,4341764.895300002,41302754.53867005,17.536439775770226,21916563.25979004,0.5306320003250746,-0.5306320003250746,6,0.4287584554438892,0.934097734154607,2023-12-04,-0.659310182997612,-0.5306320003250746,-0.4072316692560668,0.6025427041142621,-0.7311012992776672,training
2023-12-04,Privacy & Security,14,26111202.1723,5361155.967669997,2680694.9021399976,23430507.27016,2680461.06553,31472358.13997,17.264620230958233,20750046.20463,0.659310182997612,-0.659310182997612,6,0.6819746400297196,0.8974324652533436,2023-12-11,0.6504764480661087,-0.659310182997612,-0.5306320003250746,-0.4072316692560668,0.6025427041142621,training
2023-12-11,Privacy & Security,14,6348150.569729999,29976443.49328002,4048853.960419999,2299296.60931,25927589.532860026,36324594.06301002,17.408005619746923,-23628292.92355002,-0.6504764480661087,0.6504764480661087,6,-0.2103189088455575,0.617258454334842,2023-12-18,-0.6502989044593601,0.6504764480661087,-0.659310182997612,-0.5306320003250746,-0.4072316692560668,training
2023-12-18,Privacy & Security,14,17067317.303199966,3616593.056409998,1735354.156339998,15331963.146859968,1881238.90007,20683910.35960996,16.84486672703219,13450724.246789968,0.6502989044593601,-0.6502989044593601,6,0.5154758286387131,0.7254798068783054,2023-12-25,-0.4253301175124178,-0.6502989044593601,0.6504764480661087,-0.659310182997612,-0.5306320003250746,training
2023-12-25,Privacy & Security,14,15013105.874579972,6053039.701270003,5333750.568920001,9679355.30565997,719289.1323500015,21066145.575849973,16.863177882289005,8960066.173309969,0.4253301175124178,-0.4253301175124178,6,0.29437694746624016,0.7137686592463074,2024-01-01,-0.3129371970816385,-0.4253301175124178,-0.6502989044593601,0.6504764480661087,-0.659310182997612,validation
2024-01-01,Privacy & Security,14,12102208.666340036,6333111.306679999,5292003.909199998,6810204.757140039,1041107.3974800009,18435319.97302004,16.729779000565806,5769097.359660038,0.3129371970816385,-0.3129371970816385,6,0.03126282866879114,0.6291799670702328,2024-01-08,-0.9027965294018324,-0.3129371970816385,-0.4253301175124178,-0.6502989044593601,0.6504764480661087,validation
2024-01-08,Privacy & Security,14,53860928.89758001,2751460.357210004,638311.3735200046,53222617.52406001,2113148.9836899987,56612389.254790016,17.851738428311542,51109468.54037001,0.9027965294018324,-0.9027965294018324,6,0.6289096733005489,0.9340860637074266,2024-01-15,-0.7576287419617342,-0.9027965294018324,-0.3129371970816385,-0.4253301175124178,-0.6502989044593601,validation
2024-01-15,Privacy & Security,14,7417280.152010013,1022818.6867599972,408561.3935399982,7008718.758470016,614257.293219999,8440098.83877001,15.948504695740327,6394461.465250016,0.7576287419617342,-0.7576287419617342,6,-0.0597390860715714,0.4513117200789756,2024-01-22,0.5594806550002899,-0.7576287419617342,-0.9027965294018324,-0.3129371970816385,-0.4253301175124178,validation
2024-01-22,Privacy & Security,14,12066864.12414,42717854.236630015,9161390.142660003,2905473.981479997,33556464.093970016,54784718.36077002,17.81892186925252,-30650990.112490013,-0.5594806550002899,0.5594806550002899,6,-0.3596648180177794,0.8393823671926887,2024-01-29,-0.2422624034227126,0.5594806550002899,-0.7576287419617342,-0.9027965294018324,-0.3129371970816385,validation
2024-01-29,Privacy & Security,14,6876640.373240007,4194515.534389999,208668.5033399984,6667971.869900009,3985847.03105,11071155.907630006,16.21985380759186,2682124.8388500083,0.2422624034227126,-0.2422624034227126,6,0.1368301357145875,0.5506574459215735,2024-02-05,-0.8721041144513624,-0.2422624034227126,0.5594806550002899,-0.7576287419617342,-0.9027965294018324,validation
2024-02-05,Privacy & Security,14,31574378.282879997,2157055.8175500026,777614.2853000025,30796763.99757999,1379441.5322500002,33731434.10043,17.333940752839833,29417322.46532999,0.8721041144513624,-0.8721041144513624,5,0.7437556180931395,0.9398484824335822,2024-02-12,-0.8087615512053221,-0.8721041144513624,-0.2422624034227126,0.5594806550002899,-0.7576287419617342,validation
2024-02-12,Privacy & Security,14,50377146.97985996,5326322.55297,3982122.526259999,46395024.45359996,1344200.0267100008,55703469.53282996,17.835553010547677,45050824.42688996,0.8087615512053221,-0.8087615512053221,5,0.7985969608339266,0.9385933507379498,2024-02-19,-0.6201400055363939,-0.8087615512053221,-0.8721041144513624,-0.2422624034227126,0.5594806550002899,validation
2024-02-19,Privacy & Security,14,13379925.377040014,3137073.5629499964,1379932.0755799988,11999993.301460017,1757141.4873699977,16516998.93999001,16.619900707870002,10242851.814090015,0.6201400055363939,-0.6201400055363939,6,0.3504878915541908,0.8838837791823969,2024-02-26,-0.5933480689243351,-0.6201400055363939,-0.8087615512053221,-0.8721041144513624,-0.2422624034227126,validation
2024-02-26,Privacy & Security,14,50938366.70960002,13000414.40555,11451855.3482,39486511.361400016,1548559.0573499985,63938781.11515002,17.973436654106937,37937952.30405001,0.5933480689243351,-0.5933480689243351,6,0.8159674682400543,0.9220586754789082,2024-03-04,-0.6772356464266462,-0.5933480689243351,-0.6201400055363939,-0.8087615512053221,-0.8721041144513624,validation
2024-03-04,Privacy & Security,15,83344836.08369,16038737.430570005,9813495.92324,73531340.16045,6225241.507330002,99383573.51426,18.41449741163671,67306098.65312,0.6772356464266462,-0.6772356464266462,6,0.7631675971127599,0.7870348841557402,2024-03-11,0.4887806193273991,-0.6772356464266462,-0.5933480689243351,-0.6201400055363939,-0.8087615512053221,validation
2024-03-11,Privacy & Security,15,14911802.419929998,43426370.91109999,2764629.4352999977,12147172.98463,40661741.47579999,58338173.33102999,17.881767228308263,-28514568.49117,-0.4887806193273991,0.4887806193273991,5,-0.33848070630122606,0.9014759340047762,2024-03-18,0.4879648042405719,0.4887806193273991,-0.6772356464266462,-0.5933480689243351,-0.6201400055363939,validation
2024-03-18,Privacy & Security,14,16694323.93619,48513396.44885,12428286.40884,4266037.527349999,36085110.04001,65207720.38504,17.99308844603598,-31819072.51266,-0.4879648042405719,0.4879648042405719,5,-0.16417277814770498,0.7900158307576239,2024-03-25,-0.1022451745242509,0.4879648042405719,0.4887806193273991,-0.6772356464266462,-0.5933480689243351,validation
2024-03-25,Privacy & Security,15,14906490.071880044,12141013.362759994,5004618.097239998,9901871.974640043,7136395.265519996,27047503.434640035,17.113105301501335,2765476.709120048,0.1022451745242509,-0.1022451745242509,6,0.4076704999502906,0.6309650844155322,2024-04-01,0.6557800089768498,-0.1022451745242509,0.4879648042405719,0.4887806193273991,-0.6772356464266462,validation
2024-04-01,Privacy & Security,15,6307191.491319997,30339090.861849967,3910619.426859997,2396572.06446,26428471.43498997,36646282.35316996,17.416822571964225,-24031899.37052997,-0.6557800089768498,0.6557800089768498,5,-0.3385507463564376,0.684510845352421,2024-04-08,0.8626683634608577,0.6557800089768498,-0.1022451745242509,0.4879648042405719,0.4887806193273991,validation
2024-04-08,Privacy & Security,15,6948571.742219997,94245470.90271004,1949832.0790399984,4998739.663179998,92295638.82367004,101194042.64493003,18.432550455821943,-87296899.16049004,-0.8626683634608577,0.8626683634608577,5,-0.6005373573269954,0.8837864177434028,2024-04-15,-0.2060697103772414,0.8626683634608577,0.6557800089768498,-0.1022451745242509,0.4879648042405719,validation
2024-04-15,Privacy & Security,16,197923684.13055,130288992.84422004,123994903.48322,73928780.64732999,6294089.361000031,328212676.97477007,19.609172364682145,67634691.28632995,0.2060697103772414,-0.2060697103772414,6,0.12821006970589852,0.9156867056871164,2024-04-22,-0.112767385509958,-0.2060697103772414,0.8626683634608577,0.6557800089768498,-0.1022451745242509,validation
2024-04-22,Privacy & Security,16,86249915.62704998,68768854.24375,42306721.3073,43943194.31974998,26462132.936450005,155018769.8708,18.859056769943475,17481061.383299977,0.112767385509958,-0.112767385509958,6,0.058782262777872095,0.890328681034488,2024-04-29,0.7256839689439524,-0.112767385509958,-0.2060697103772414,0.8626683634608577,0.6557800089768498,validation
2024-04-29,Privacy & Security,16,5204731.309089988,32742240.211699985,1731758.151659995,3472973.157429992,31010482.06003999,37946971.52078997,17.451700283150426,-27537508.90261,-0.7256839689439524,0.7256839689439524,6,-0.31584522871249016,0.8462458983662965,2024-05-06,0.4319027397199758,0.7256839689439524,-0.112767385509958,-0.2060697103772414,0.8626683634608577,validation
2024-05-06,Privacy & Security,16,20658838.69061,52071097.30811997,11491685.936959997,9167152.753650002,40579411.37115997,72729935.99872997,18.10226364589537,-31412258.61750997,-0.4319027397199758,0.4319027397199758,6,-0.44773156680723253,0.7054481367720972,2024-05-13,-0.1308889947706474,0.4319027397199758,0.7256839689439524,-0.112767385509958,-0.2060697103772414,validation
2024-05-13,Privacy & Security,16,53115074.73676999,40820006.39388,21929332.59154001,31185742.14522998,18890673.802339997,93935081.13064998,18.358114486018067,12295068.342889989,0.1308889947706474,-0.1308889947706474,6,0.21050396343842137,0.7365149841164451,2024-05-20,-0.6708958317799618,-0.1308889947706474,0.4319027397199758,0.7256839689439524,-0.112767385509958,validation
2024-05-20,Privacy & Security,16,143214029.51129997,28207823.111000005,20826679.073760003,122387350.43753996,7381144.037240002,171421852.62229997,18.959638056713963,115006206.40029997,0.6708958317799618,-0.6708958317799618,6,0.7440484274655284,0.8834588045858,2024-05-27,-0.1104359639703177,-0.6708958317799618,-0.1308889947706474,0.4319027397199758,0.7256839689439524,validation
2024-05-27,Privacy & Security,16,18984233.853169996,15208163.491909957,4491348.850799993,14492885.00237,10716814.641109964,34192397.34507995,17.347513906715363,3776070.361260036,0.1104359639703177,-0.1104359639703177,6,-0.08098747823466415,0.88196063738284,2024-06-03,-0.3753496952567076,-0.1104359639703177,-0.6708958317799618,-0.1308889947706474,0.4319027397199758,validation
2024-06-03,Privacy & Security,16,47213434.71257997,21443191.126520004,9220265.00202,37993169.71055997,12222926.124500005,68656625.83909997,18.044628216314795,25770243.58605997,0.3753496952567076,-0.3753496952567076,6,0.06357605357624833,0.8123797545323065,2024-06-10,0.4188410896600889,-0.3753496952567076,-0.1104359639703177,-0.6708958317799618,-0.1308889947706474,validation
2024-06-10,Privacy & Security,16,24954051.72245,60922810.108179934,16242801.774059996,8711249.94839,44680008.33411994,85876861.83062993,18.26842500062237,-35968758.38572994,-0.4188410896600889,0.4188410896600889,6,-0.4812562646189574,0.8784193898319501,2024-06-17,0.8453846191292848,0.4188410896600889,-0.3753496952567076,-0.1104359639703177,-0.6708958317799618,validation
2024-06-17,Privacy & Security,16,2875595.839699999,34321167.166749984,1022935.8483799994,1852659.99132,33298231.318369985,37196763.00644998,17.43173232638568,-31445571.327049986,-0.8453846191292848,0.8453846191292848,6,-0.5850796457664341,0.7912885401008528,2024-06-24,0.4357073573222635,0.8453846191292848,0.4188410896600889,-0.3753496952567076,-0.1104359639703177,validation
2024-06-24,Privacy & Security,16,9350146.160829997,23789205.493520025,4649751.166639999,4700394.994189998,19139454.326880027,33139351.65435002,17.316232036107152,-14439059.332690028,-0.4357073573222635,0.4357073573222635,6,-0.39258522999475703,0.720527143047224,2024-07-01,0.7966883028270225,0.4357073573222635,0.8453846191292848,0.4188410896600889,-0.3753496952567076,validation
2024-07-01,Privacy & Security,16,8265039.333559997,73039080.87677999,4642695.477779999,3622343.855779998,68396385.39899999,81304120.21034,18.21370726462737,-64774041.54321999,-0.7966883028270225,0.7966883028270225,6,-0.7648876339236887,0.9285818248652854,2024-07-08,-0.3781447855384311,0.7966883028270225,0.4357073573222635,0.8453846191292848,0.4188410896600889,validation
2024-07-08,Privacy & Security,16,111137391.94790004,50148117.548810005,46955573.9584,64181817.98950002,3192543.5904100016,161285509.49671003,18.898686709529898,60989274.39909002,0.3781447855384311,-0.3781447855384311,6,0.6893959461209787,0.9096518585444758,2024-07-15,-0.5018343116122254,-0.3781447855384311,0.7966883028270225,0.4357073573222635,0.8453846191292848,validation
2024-07-15,Privacy & Security,16,69058254.75172,22906956.347479988,13141112.318639994,55917142.43308,9765844.028839994,91965211.09919998,18.33692093414786,46151298.40424001,0.5018343116122254,-0.5018343116122254,6,0.7273388536838356,0.8885186170540678,2024-07-22,0.6964864387829154,-0.5018343116122254,-0.3781447855384311,0.7966883028270225,0.4357073573222635,validation
2024-07-22,Privacy & Security,16,10799005.674319992,60360949.29451996,8809099.046299994,1989906.6280199976,51551850.24821997,71159954.96883996,18.08044080199893,-49561943.62019997,-0.6964864387829154,0.6964864387829154,6,-0.5660453324208342,0.9417830818335033,2024-07-29,0.7068733031054153,0.6964864387829154,-0.5018343116122254,-0.3781447855384311,0.7966883028270225,validation
2024-07-29,Privacy & Security,16,20696312.27834001,120514382.60274,16858421.70570001,3837890.572640002,103655960.89703998,141210694.88108,18.765763630020544,-99818070.32439998,-0.7068733031054153,0.7068733031054153,6,-0.8631607880015869,0.9349283308564754,2024-08-05,-0.2916730912603165,0.7068733031054153,0.6964864387829154,-0.5018343116122254,-0.3781447855384311,validation
2024-08-05,Privacy & Security,16,43830764.907340005,24035888.356409997,8540026.036559999,35290738.870780006,15495862.319849994,67866653.26375,18.03305537121834,19794876.55093001,0.2916730912603165,-0.2916730912603165,6,-0.06734830710926727,0.9514611191802125,2024-08-12,-0.8382674511180991,-0.2916730912603165,0.7068733031054153,0.6964864387829154,-0.5018343116122254,validation
2024-08-12,Privacy & Security,16,23639546.578380037,2079830.1793399907,942042.5520599931,22697504.02632004,1137787.6272799976,25719376.757720023,17.062755264106357,21559716.399040043,0.8382674511180991,-0.8382674511180991,6,0.562750244525395,0.9448289700580778,2024-08-19,-0.226286764812941,-0.8382674511180991,-0.2916730912603165,0.7068733031054153,0.6964864387829154,validation
2024-08-19,Privacy & Security,16,24607026.472959995,15525554.549739985,6379541.094739988,18227485.378220007,9146013.454999996,40132581.02269998,17.50769908163104,9081471.92322001,0.226286764812941,-0.226286764812941,6,0.4147365256376545,0.7724734555546826,2024-08-26,0.7263530254362968,-0.226286764812941,-0.8382674511180991,-0.2916730912603165,0.7068733031054153,validation
2024-08-26,Privacy & Security,16,13060644.432889998,82395513.66068003,10204790.7821,2855853.6507899985,72190722.87858003,95456158.09357002,18.37417763296437,-69334869.22779003,-0.7263530254362968,0.7263530254362968,6,-0.7643338575599474,0.9128344062598741,2024-09-02,0.6610365012104719,0.7263530254362968,-0.226286764812941,-0.8382674511180991,-0.2916730912603165,validation
2024-09-02,Privacy & Security,16,4561541.634049999,22353106.40527997,4147348.923859999,414192.71019,18205757.481419977,26914648.039329976,17.10818127029827,-17791564.771229975,-0.6610365012104719,0.6610365012104719,6,-0.6144601927501758,0.8817287672173467,2024-09-09,-0.1424084741074281,0.6610365012104719,0.7263530254362968,-0.226286764812941,-0.8382674511180991,validation
2024-09-09,Privacy & Security,16,39391876.49449,29570981.16510002,20137272.40846001,19254604.08602999,9433708.756640011,68962857.65959002,18.04907863734089,9820895.329389978,0.1424084741074281,-0.1424084741074281,6,0.5280648250616723,0.8235537604155253,2024-09-16,-0.7827459532851869,-0.1424084741074281,0.6610365012104719,0.7263530254362968,-0.226286764812941,validation
2024-09-16,Privacy & Security,16,65008765.19372999,7922282.636089992,4891315.052639991,60117450.14109,3030967.5834500007,72931047.82981998,18.10502501617909,57086482.55764,0.7827459532851869,-0.7827459532851869,6,0.5799559306045969,0.9016433919264684,2024-09-23,-0.7068376719998011,-0.7827459532851869,-0.1424084741074281,0.6610365012104719,0.7263530254362968,validation
2024-09-23,Privacy & Security,16,50966899.56159004,8753951.926150007,5778672.082880005,45188227.47871003,2975279.843270002,59720851.48774005,17.905191805277855,42212947.63544003,0.7068376719998011,-0.7068376719998011,6,0.4239032196945685,0.7916700629211016,2024-09-30,0.6298105418975238,-0.7068376719998011,-0.7827459532851869,-0.1424084741074281,0.6610365012104719,validation
2024-09-30,Privacy & Security,16,16630625.14182,73218638.67603995,13821873.676,2808751.465820001,59396765.00003995,89849263.81785995,18.31364398883271,-56588013.53421995,-0.6298105418975238,0.6298105418975238,6,-0.794377558955011,0.9228469768378537,2024-10-07,0.0082599152151341,0.6298105418975238,-0.7068376719998011,-0.7827459532851869,-0.1424084741074281,validation
2024-10-07,Privacy & Security,16,16555131.69959001,16830897.469899993,8385892.764759995,8169238.934830015,8445004.705139998,33386029.16949,17.323648112053984,-275765.7703099828,-0.0082599152151341,0.0082599152151341,6,-0.18359572176482397,0.8414404715027095,2024-10-14,-0.7591516979764023,0.0082599152151341,0.6298105418975238,-0.7068376719998011,-0.7827459532851869,validation
2024-10-14,Privacy & Security,16,72151058.10015,9878317.971450005,4380298.570600003,67770759.52955,5498019.40085,82029376.0716,18.222587998040552,62272740.1287,0.7591516979764023,-0.7591516979764023,6,0.47482881200732197,0.8684392742687634,2024-10-21,0.6438070911323557,-0.7591516979764023,0.0082599152151341,0.6298105418975238,-0.7068376719998011,validation
2024-10-21,Privacy & Security,16,7483727.911690005,34536917.22400998,2179819.569860004,5303908.341830001,32357097.65414998,42020645.13569999,17.553671630123922,-27053189.31231998,-0.6438070911323557,0.6438070911323557,6,-0.6207332441564885,0.8275574101757943,2024-10-28,0.7251793146873998,0.6438070911323557,-0.7591516979764023,0.0082599152151341,0.6298105418975238,validation
2024-10-28,Privacy & Security,16,2897577.504809997,18189463.316109955,1967428.271619998,930149.2331899992,16222035.044489956,21087040.820919957,16.86416927808022,-15291885.811299955,-0.7251793146873998,0.7251793146873998,6,-0.2803328250557153,0.787045020304315,2024-11-04,-0.7096658578455154,0.7251793146873998,0.6438070911323557,-0.7591516979764023,0.0082599152151341,validation
2024-11-04,Privacy & Security,16,153443530.68179992,26057662.463820003,21779501.131900005,131664029.5498999,4278161.331919998,179501193.14561993,19.00569241849232,127385868.21797992,0.7096658578455154,-0.7096658578455154,6,0.8760239835688143,0.927960707035509,2024-11-11,0.3135076470230456,-0.7096658578455154,0.7251793146873998,0.6438070911323557,-0.7591516979764023,validation
2024-11-11,Privacy & Security,16,25502663.95174,48795800.81963998,20394976.23862,5107687.713119999,28400824.581019983,74298464.77137998,18.1236008603682,-23293136.867899984,-0.3135076470230456,0.3135076470230456,6,0.39966819784213514,0.9423883338416263,2024-11-18,-0.9098151026931902,0.3135076470230456,-0.7096658578455154,0.7251793146873998,0.6438070911323557,validation
2024-11-18,Privacy & Security,16,69465927.71817002,3280305.7996300003,2805415.34262,66660512.37555002,474890.45701,72746233.51780002,18.102487703470825,66185621.918540016,0.9098151026931902,-0.9098151026931902,6,0.6491719110573453,0.9076324656861735,2024-11-25,-0.5266258530969187,-0.9098151026931902,0.3135076470230456,-0.7096658578455154,0.7251793146873998,validation
2024-11-25,Privacy & Security,16,67070221.51914001,20797046.52572,15204061.467059992,51866160.05208002,5592985.058660004,87867268.04486,18.29133792749502,46273174.99342002,0.5266258530969187,-0.5266258530969187,6,0.6520429955950371,0.859031432968572,2024-12-02,-0.6738371000949199,-0.5266258530969187,-0.9098151026931902,0.3135076470230456,-0.7096658578455154,validation
2024-12-02,Privacy & Security,16,54662628.60357997,10651527.23689,2165715.238079995,52496913.36549997,8485811.998810004,65314155.84046997,17.994719367694007,44011101.366689965,0.6738371000949199,-0.6738371000949199,6,0.6563691763351033,0.7454285086438692,2024-12-09,0.2353843392075821,-0.6738371000949199,-0.5266258530969187,-0.9098151026931902,0.3135076470230456,validation
2024-12-09,Privacy & Security,16,28935089.366869982,46750227.71618005,15990180.088959992,12944909.277909994,30760047.627220057,75685317.08305004,18.14209475089244,-17815138.349310063,-0.2353843392075821,0.2353843392075821,6,-0.08076054775113817,0.8420840116936922,2024-12-16,0.6895574199906993,0.2353843392075821,-0.6738371000949199,-0.5266258530969187,-0.9098151026931902,validation
2024-12-16,Privacy & Security,16,28079688.5777,152821324.27213997,19975281.81386,8104406.763839997,132846042.45827997,180901012.84984,19.013460554826544,-124741635.69443998,-0.6895574199906993,0.6895574199906993,6,-0.6920147172554134,0.8991913640199637,2024-12-23,-0.7875749415145356,0.6895574199906993,0.2353843392075821,-0.6738371000949199,-0.5266258530969187,validation
2024-12-23,Privacy & Security,16,30734468.28489993,3652306.301300001,670371.7982800007,30064096.48661993,2981934.5030200006,34386774.58619994,17.353182617797504,27082161.98359993,0.7875749415145356,-0.7875749415145356,6,0.45083873778741806,0.8891743620600745,2024-12-30,-0.9103212226630976,-0.7875749415145356,0.6895574199906993,0.2353843392075821,-0.6738371000949199,validation
2024-12-30,Privacy & Security,16,82001960.00257994,3849528.249499994,482454.7784799933,81519505.22409995,3367073.4710200005,85851488.25207993,18.26812949229859,78152431.75307995,0.9103212226630976,-0.9103212226630976,6,0.6230767898405366,0.944970365911927,2025-01-06,0.7279981736822754,-0.9103212226630976,-0.7875749415145356,0.6895574199906993,0.2353843392075821,test
2025-01-06,Privacy & Security,16,17027365.864240002,108173013.07991004,15176729.837400004,1850636.0268399976,92996283.24251004,125200378.94415005,18.64542605132335,-91145647.21567003,-0.7279981736822754,0.7279981736822754,6,-0.6514365203938334,0.9436947977522149,2025-01-13,-0.2835100113923453,0.7279981736822754,-0.9103212226630976,-0.7875749415145356,0.6895574199906993,test
2025-01-13,Privacy & Security,16,16549246.72251003,9238236.936550004,5375810.849959999,11173435.872550031,3862426.086590003,25787483.65906003,17.065399841463165,7311009.785960028,0.2835100113923453,-0.2835100113923453,6,0.47482482718765073,0.6907666565564914,2025-01-20,-0.4815306581923327,-0.2835100113923453,0.7279981736822754,-0.9103212226630976,-0.7875749415145356,test
2025-01-20,Privacy & Security,16,22769409.055869974,7968272.854340007,4318334.489300013,18451074.566569965,3649938.365039994,30737681.910209984,17.240999916207382,14801136.201529972,0.4815306581923327,-0.4815306581923327,6,0.36841308438197484,0.7809578391895352,2025-01-27,0.1352132063115936,-0.4815306581923327,-0.2835100113923453,0.7279981736822754,-0.9103212226630976,test
2025-01-27,Privacy & Security,16,9011604.257919995,11829611.920889948,1962927.2719599977,7048676.985959997,9866684.64892995,20841216.17880994,16.852443179036875,-2818007.6629699524,-0.1352132063115936,0.1352132063115936,6,-0.2608953411808099,0.8561948314964096,2025-02-03,0.3862888589343753,0.1352132063115936,-0.4815306581923327,-0.2835100113923453,0.7279981736822754,test
2025-02-03,Privacy & Security,16,6633164.442210029,14983403.999720016,2564708.117559999,4068456.3246500297,12418695.882160015,21616568.441930044,16.888970682373717,-8350239.557509986,-0.3862888589343753,0.3862888589343753,6,-0.029979376874961886,0.7823076242860693,2025-02-10,-0.3197326186067016,0.3862888589343753,0.1352132063115936,-0.4815306581923327,-0.2835100113923453,test
2025-02-10,Privacy & Security,16,27511335.048029985,14180951.192610009,5660565.243160002,21850769.804869983,8520385.949450005,41692286.24063999,17.545826711404107,13330383.855419978,0.3197326186067016,-0.3197326186067016,6,0.2231492739947574,0.6794798717006167,2025-02-17,-0.711561630842152,-0.3197326186067016,0.3862888589343753,0.1352132063115936,-0.4815306581923327,test
2025-02-17,Privacy & Security,16,32150716.05502999,5418151.434960005,2698064.069260001,29452651.985769987,2720087.365700004,37568867.48999,17.44168629971546,26732564.620069984,0.711561630842152,-0.711561630842152,6,0.0714497051528755,0.7873213711427565,2025-02-24,0.8251921079083726,-0.711561630842152,-0.3197326186067016,0.3862888589343753,0.1352132063115936,test
2025-02-24,Privacy & Security,16,12659982.832360009,132184539.69897,10662767.522100007,1997215.31026,121521772.17687,144844522.53133002,18.79117147360387,-119524556.86661,-0.8251921079083726,0.8251921079083726,6,-0.8009852732073257,0.9463659275596464,2025-03-03,0.7867432772428735,0.8251921079083726,-0.711561630842152,-0.3197326186067016,0.3862888589343753,test
2025-03-03,Privacy & Security,16,10188575.461749995,85363633.44425997,8573837.228539996,1614738.2332100011,76789796.21571997,95552208.90600996,18.375183356651128,-75175057.98250997,-0.7867432772428735,0.7867432772428735,6,-0.7385932949832836,0.8577084272555275,2025-03-10,0.611165283690937,0.7867432772428735,0.8251921079083726,-0.711561630842152,-0.3197326186067016,test
2025-03-10,Privacy & Security,16,8674580.602279998,35943763.58582001,4193116.399679996,4481464.202600002,31750647.186140016,44618344.18810001,17.61365565950594,-27269182.983540013,-0.611165283690937,0.611165283690937,6,0.011039057397373393,0.8483968276883715,2025-03-17,-0.6703812139933216,0.611165283690937,0.7867432772428735,0.8251921079083726,-0.711561630842152,test
2025-03-17,Privacy & Security,16,22881472.44511999,4515234.669920005,2703813.038400002,20177659.406719983,1811421.631520003,27396707.115039997,17.125933422353835,18366237.775199983,0.6703812139933216,-0.6703812139933216,6,0.40298686859225846,0.8792004263063677,2025-03-24,0.8031379477245452,-0.6703812139933216,0.611165283690937,0.7867432772428735,0.8251921079083726,test
2025-03-24,Privacy & Security,16,3699742.83756,33887418.27141,1215337.2141200006,2484405.6234399998,32672081.057290003,37587161.10897,17.44217311678644,-30187675.433850005,-0.8031379477245452,0.8031379477245452,6,-0.29203963410279127,0.8290373496583439,2025-03-31,0.2731107384179393,0.8031379477245452,-0.6703812139933216,0.611165283690937,0.7867432772428735,test
2025-03-31,Privacy & Security,16,9802598.913829995,17168769.166349992,6398017.208939999,3404581.704889998,10770751.957409993,26971368.08017999,17.110286456904262,-7366170.252519995,-0.2731107384179393,0.2731107384179393,6,-0.005081918783557298,0.6826022826885311,2025-04-07,-0.1122193484222556,0.2731107384179393,0.8031379477245452,-0.6703812139933216,0.611165283690937,test
2025-04-07,Privacy & Security,16,40545558.05742,32363725.736170005,31012565.815240003,9532992.242179995,1351159.920930002,72909283.79359001,18.104726552292583,8181832.321249995,0.1122193484222556,-0.1122193484222556,6,0.3858586013191857,0.7768533750960395,2025-04-14,0.322141162349689,-0.1122193484222556,0.2731107384179393,0.8031379477245452,-0.6703812139933216,test
2025-04-14,Privacy & Security,16,2735029.6063800068,5334584.462120002,1109204.5436400026,1625825.0627400042,4225379.91848,8069614.068500008,15.903616340037864,-2599554.8557399954,-0.322141162349689,0.322141162349689,6,-0.028616224759322424,0.5867065136819603,2025-04-21,-0.7176734832629085,0.322141162349689,-0.1122193484222556,0.2731107384179393,0.8031379477245452,test
2025-04-21,Privacy & Security,16,33031007.64075,5429163.005890003,2078636.9101800025,30952370.73057,3350526.095710001,38460170.64664,17.46513376110611,27601844.63486,0.7176734832629085,-0.7176734832629085,6,0.6431850079633573,0.8419823119438588,2025-04-28,-0.3886254317271053,-0.7176734832629085,0.322141162349689,-0.1122193484222556,0.2731107384179393,test
2025-04-28,Privacy & Security,16,7492571.310999999,3298778.378859995,1087171.756619997,6405399.5543800015,2211606.6222399976,10791349.689859994,16.194255509183115,4193792.932140004,0.3886254317271053,-0.3886254317271053,6,0.13813438994128163,0.71723509540924,2025-05-05,-0.7877552086479974,-0.3886254317271053,-0.7176734832629085,0.322141162349689,-0.1122193484222556,test
2025-05-05,Privacy & Security,16,145109292.97369996,17227577.61323,15819793.21418,129289499.75951996,1407784.399050001,162336870.58692995,18.905184188364608,127881715.36046997,0.7877552086479974,-0.7877552086479974,6,0.7577568386823884,0.9628251692072833,2025-05-12,-0.4035297856808393,-0.7877552086479974,-0.3886254317271053,-0.7176734832629085,0.322141162349689,test
2025-05-12,Privacy & Security,16,14250668.46615998,6056230.057190007,2232238.87910001,12018429.58705997,3823991.178089997,20306898.523349985,16.82647126426411,8194438.408969972,0.4035297856808393,-0.4035297856808393,6,-0.16964249437081869,0.8873278494824633,2025-05-19,-0.7618334479730801,-0.4035297856808393,-0.7877552086479974,-0.3886254317271053,-0.7176734832629085,test
2025-05-19,Privacy & Security,16,13790869.264309986,1864264.6306400013,819372.389200002,12971496.875109984,1044892.2414399995,15655133.894949988,16.566309529438193,11926604.633669984,0.7618334479730801,-0.7618334479730801,6,0.15281343832543443,0.8493484014602399,2025-05-26,0.5394719050415858,-0.7618334479730801,-0.4035297856808393,-0.7877552086479974,-0.3886254317271053,test
2025-05-26,Privacy & Security,16,4734645.348309996,15827163.584270049,2753916.087239996,1980729.26107,13073247.497030051,20561808.932580043,16.838946026416945,-11092518.235960051,-0.5394719050415858,0.5394719050415858,6,-0.2707744617413372,0.7398259118320092,2025-06-02,0.1305513751707779,0.5394719050415858,-0.7618334479730801,-0.4035297856808393,-0.7877552086479974,test
2025-06-02,Privacy & Security,16,8648302.670940004,11245460.85681004,5763265.753920004,2885036.9170200005,5482195.102890035,19893763.527750045,16.805916900279318,-2597158.1858700346,-0.1305513751707779,0.1305513751707779,6,0.027109217226395973,0.5779357411546242,2025-06-09,-0.6231349908322108,0.1305513751707779,0.5394719050415858,-0.7618334479730801,-0.4035297856808393,test
2025-06-09,Privacy & Security,16,26216706.643090047,6087084.219860009,3149299.081280008,23067407.56181004,2937785.138580001,32303790.862950057,17.290695176440387,20129622.42323004,0.6231349908322108,-0.6231349908322108,6,-0.12640456859881044,0.8219775361037657,2025-06-16,0.6982539449846868,-0.6231349908322108,0.1305513751707779,0.5394719050415858,-0.7618334479730801,test
2025-06-16,Privacy & Security,16,9364864.097259996,52706297.67341997,8750819.712899998,614044.3843599986,43955477.96051997,62071161.770679966,17.943792071429773,-43341433.57615997,-0.6982539449846868,0.6982539449846868,6,-0.6579708170561077,0.953088962757696,2025-06-23,-0.8029723094717701,0.6982539449846868,-0.6231349908322108,0.1305513751707779,0.5394719050415858,test
2025-06-23,Privacy & Security,16,55829599.98102002,6101023.897919999,5326292.040720001,50503307.94030002,774731.8571999986,61930623.878940016,17.94152536294795,49728576.08310002,0.8029723094717701,-0.8029723094717701,6,0.6563282042350606,0.9615512542951467,2025-06-30,-0.3914386348822897,-0.8029723094717701,0.6982539449846868,-0.6231349908322108,0.1305513751707779,test
2025-06-30,Privacy & Security,16,8143120.157970009,3561485.3543799995,2310415.3882800043,5832704.769690005,1251069.9660999952,11704605.512350008,16.27549304128527,4581634.80359001,0.3914386348822897,-0.3914386348822897,6,-0.024862316535286127,0.7351847201696549,2025-07-07,-0.916644310131707,-0.3914386348822897,-0.8029723094717701,0.6982539449846868,-0.6231349908322108,test
2025-07-07,Privacy & Security,16,81619416.52708995,3549663.719710003,1994743.076800004,79624673.45028995,1554920.6429099997,85169080.24679996,18.26014902977248,78069752.80737995,0.916644310131707,-0.916644310131707,6,0.8187264000861697,0.9654332242942035,2025-07-14,-0.8891950637814808,-0.916644310131707,-0.3914386348822897,-0.8029723094717701,0.6982539449846868,test
2025-07-14,Privacy & Security,16,144617671.61428997,8482105.52023,4410309.081100002,140207362.53318995,4071796.439129999,153099777.13451996,18.84660041147285,136135566.09405997,0.8891950637814808,-0.8891950637814808,6,0.7285335036665069,0.9356710543725499,2025-07-21,-0.1525051768935042,-0.8891950637814808,-0.916644310131707,-0.3914386348822897,-0.8029723094717701,test
2025-07-21,Privacy & Security,16,16572203.074569993,12186371.562359948,6296439.685139999,10275763.389429994,5889931.877219949,28758574.63692994,17.174446563753747,4385831.512210045,0.1525051768935042,-0.1525051768935042,6,0.11261742862835812,0.881975669952713,2025-07-28,0.7925666726108623,-0.1525051768935042,-0.8891950637814808,-0.916644310131707,-0.3914386348822897,test
2025-07-28,Privacy & Security,16,13048759.340340002,112762840.02586006,11576290.3522,1472468.98814,101186549.67366004,125811599.36620006,18.650296110747163,-99714080.68552004,-0.7925666726108623,0.7925666726108623,6,-0.6434100855066127,0.9616620765140543,2025-08-04,-0.8422591519637166,0.7925666726108623,-0.1525051768935042,-0.8891950637814808,-0.916644310131707,test
2025-08-04,Privacy & Security,16,123088917.10199,10539315.354650004,8258465.308300003,114830451.79369,2280850.0463500004,133628232.45664,18.71057212500841,112549601.74734,0.8422591519637166,-0.8422591519637166,6,0.8228541143980241,0.9589205866604176,2025-08-11,-0.933017931499608,-0.8422591519637166,0.7925666726108623,-0.1525051768935042,-0.8891950637814808,test
2025-08-11,Privacy & Security,16,65154833.38217001,2257716.000259996,1325652.5798999963,63829180.80227001,932063.4203599994,67412549.38243,18.02634176600253,62897117.38191001,0.933017931499608,-0.933017931499608,6,0.3172399550076883,0.9629491148841681,2025-08-18,0.8441414562810691,-0.933017931499608,-0.8422591519637166,0.7925666726108623,-0.1525051768935042,test
2025-08-18,Privacy & Security,16,2095332.5756999927,24792286.48839998,2030557.201879993,64775.373820000095,22761729.286519986,26887619.06409997,17.107176517972604,-22696953.912699983,-0.8441414562810691,0.8441414562810691,6,-0.781293652749422,0.8963988391323721,,,0.8441414562810691,-0.933017931499608,-0.8422591519637166,0.7925666726108623,unavailable
2020-03-23,Trading & Exchanges,1,0.0,0.0,0.0,0.0,0.0,0.0,0.0,0.0,,,0,,,2020-03-30,-0.9897775573338248,,,,,training
2020-03-30,Trading & Exchanges,11,6648508.842499999,34156.58207999995,16118.003809999998,6632390.83869,18038.57826999995,6682665.424579999,15.71502763122382,6614352.260419999,0.9897775573338248,-0.9897775573338248,3,0.7319516261306083,0.9729031862839685,2020-04-06,-0.9818823038023452,-0.9897775573338248,,,,training
2020-04-06,Trading & Exchanges,12,7780746.525710001,71128.94719999998,21658.708170000005,7759087.81754,49470.239029999975,7851875.472910001,15.876263102327844,7709617.57851,0.9818823038023452,-0.9818823038023452,3,0.9011964305648972,0.9526785652526725,2020-04-13,-0.7514160943381211,-0.9818823038023452,-0.9897775573338248,,,training
2020-04-13,Trading & Exchanges,14,10185679.337249992,1445684.985800001,23145.828180000004,10162533.509069992,1422539.1576200011,11631364.323049994,16.2692159142553,8739994.35144999,0.7514160943381211,-0.7514160943381211,4,0.6297862518181158,0.9280691754920344,2020-04-20,-0.8856390242409062,-0.7514160943381211,-0.9818823038023452,-0.9897775573338248,,training
2020-04-20,Trading & Exchanges,14,13246535.92001,803381.1104700002,3915.3628200000026,13242620.55719,799465.7476500002,14049917.03048,16.458127119597474,12443154.809539998,0.8856390242409062,-0.8856390242409062,4,0.4540043602840195,0.9472265517325307,2020-04-27,-0.9891826343495442,-0.8856390242409062,-0.7514160943381211,-0.9818823038023452,-0.9897775573338248,training
2020-04-27,Trading & Exchanges,14,10717791.17697,58284.37475999992,30780.54256,10687010.63441,27503.83219999992,10776075.55173,16.192839100956718,10659506.80221,0.9891826343495442,-0.9891826343495442,4,0.4920908261423275,0.9731293629118649,2020-05-04,-0.5704285988669738,-0.9891826343495442,-0.8856390242409062,-0.7514160943381211,-0.9818823038023452,training
2020-05-04,Trading & Exchanges,15,6339310.401520003,1734040.28261,64416.14831,6274894.253210003,1669624.1342999998,8073350.684130003,15.904079280432152,4605270.1189100025,0.5704285988669738,-0.5704285988669738,4,0.6208699099638018,0.6745748696840108,2020-05-11,-0.9065971006210112,-0.5704285988669738,-0.9891826343495442,-0.8856390242409062,-0.7514160943381211,training
2020-05-11,Trading & Exchanges,15,13917579.477330005,681812.78315,17329.553759999995,13900249.923570003,664483.22939,14599392.260480003,16.496490528313657,13235766.694180004,0.9065971006210112,-0.9065971006210112,4,0.8766675404143601,0.8995918681858267,2020-05-18,-0.3035961911536799,-0.9065971006210112,-0.5704285988669738,-0.9891826343495442,-0.8856390242409062,training
2020-05-18,Trading & Exchanges,15,29942199.16905,15995644.731140004,21175.40350999999,29921023.76554,15974469.327630004,45937843.90019,17.64279984294049,13946554.437909992,0.3035961911536799,-0.3035961911536799,4,0.1803039188665472,0.9521374179556888,2020-05-25,-0.9437948032276364,-0.3035961911536799,-0.9065971006210112,-0.5704285988669738,-0.9891826343495442,training
2020-05-25,Trading & Exchanges,14,20580089.422169995,595077.2034399996,68585.61795,20511503.804219995,526491.5854899996,21175166.625609998,16.8683397146746,19985012.218729995,0.9437948032276364,-0.9437948032276364,4,0.839116527837886,0.8260782012154015,2020-06-01,-0.6944060652122098,-0.9437948032276364,-0.3035961911536799,-0.9065971006210112,-0.5704285988669738,training
2020-06-01,Trading & Exchanges,16,14533336.189680004,2621154.092270006,1592699.2124100002,12940636.977270003,1028454.8798600058,17154490.281950008,16.65777057962048,11912182.097409995,0.6944060652122098,-0.6944060652122098,4,0.6935654702766751,0.7084837142411164,2020-06-08,-0.1773425314494185,-0.6944060652122098,-0.9437948032276364,-0.3035961911536799,-0.9065971006210112,training
2020-06-08,Trading & Exchanges,19,7440801.610140001,5199192.97322,359667.7601100001,7081133.850030001,4839525.21311,12639994.58336,16.352376597265202,2241608.6369200014,0.1773425314494185,-0.1773425314494185,5,-0.10923876347475756,0.6793766581434754,2020-06-15,-0.0560167725616572,-0.1773425314494185,-0.6944060652122098,-0.9437948032276364,-0.3035961911536799,training
2020-06-15,Trading & Exchanges,22,38825924.78926,34706855.74618,1460294.26362,37365630.52564,33246561.48256,73532780.53544,18.11324187203628,4119069.043080002,0.0560167725616572,-0.0560167725616572,5,0.18819460840803715,0.504590653818369,2020-06-22,-0.8439177756121836,-0.0560167725616572,-0.1773425314494185,-0.6944060652122098,-0.9437948032276364,training
2020-06-22,Trading & Exchanges,25,174320348.68998,14755705.56315,7985255.73154,166335092.95844,6770449.83161,189076054.25313,19.05765990082595,159564643.12683,0.8439177756121836,-0.8439177756121836,5,-0.12911912066272524,0.4862280000546508,2020-06-29,-0.3198567062520895,-0.8439177756121836,-0.0560167725616572,-0.1773425314494185,-0.6944060652122098,training
2020-06-29,Trading & Exchanges,25,67342987.64751,34702919.803670004,2166045.2724699997,65176942.37504001,32536874.531200007,102045907.45118,18.440933352846343,32640067.843840003,0.3198567062520895,-0.3198567062520895,5,0.5227709825966242,0.5507792012044891,2020-07-06,-0.6040484172721522,-0.3198567062520895,-0.8439177756121836,-0.0560167725616572,-0.1773425314494185,training
2020-07-06,Trading & Exchanges,26,71750015.79377998,17711143.883430004,2202858.690810001,69547157.10296999,15508285.192620002,89461159.67720999,18.30931513014381,54038871.91034998,0.6040484172721522,-0.6040484172721522,5,-0.022233670029932952,0.6891855887216027,2020-07-13,-0.624113177049369,-0.6040484172721522,-0.3198567062520895,-0.8439177756121836,-0.0560167725616572,training
2020-07-13,Trading & Exchanges,27,74514389.31297,17245705.20008,2446858.9230400003,72067530.38993,14798846.27704,91760094.51305,18.33468807168557,57268684.11289,0.624113177049369,-0.624113177049369,5,-0.0012025755027516055,0.7262354838939243,2020-07-20,-0.7389244746143386,-0.624113177049369,-0.6040484172721522,-0.3198567062520895,-0.8439177756121836,training
2020-07-20,Trading & Exchanges,26,354934500.17025995,53288519.69261,9577466.95222,345357033.21804,43711052.74039,408223019.86287,19.82732420278821,301645980.4776499,0.7389244746143386,-0.7389244746143386,5,0.47238766328576853,0.7489553241742499,2020-07-27,-0.6625124720425364,-0.7389244746143386,-0.624113177049369,-0.6040484172721522,-0.3198567062520895,training
2020-07-27,Trading & Exchanges,28,190314465.52128,38633549.87311,5413819.225399997,184900646.29588,33219730.64771,228948015.39439,19.249005533104928,151680915.64817,0.6625124720425364,-0.6625124720425364,5,0.19932421570639347,0.491331204513773,2020-08-03,-0.0992049094718943,-0.6625124720425364,-0.7389244746143386,-0.624113177049369,-0.6040484172721522,training
2020-08-03,Trading & Exchanges,30,136963596.13563,112241251.76016995,16729578.915069995,120234017.22056,95511672.84509996,249204847.8958,19.333785802536585,24722344.375460044,0.0992049094718943,-0.0992049094718943,5,0.10817119782534523,0.6379951630534335,2020-08-10,-0.7463440102068285,-0.0992049094718943,-0.6625124720425364,-0.7389244746143386,-0.624113177049369,training
2020-08-10,Trading & Exchanges,30,889772814.8987799,129239257.97843,17893547.12441,871879267.7743698,111345710.85401998,1019012072.87721,20.742099439867744,760533556.9203498,0.7463440102068285,-0.7463440102068285,5,0.7967393447266945,0.8913597774922422,2020-08-17,-0.7042421048600387,-0.7463440102068285,-0.0992049094718943,-0.6625124720425364,-0.7389244746143386,training
2020-08-17,Trading & Exchanges,32,318028060.22367,55191283.80818999,22820624.97794,295207435.24573,32370658.83024999,373219344.03186,19.737676861156373,262836776.41548,0.7042421048600387,-0.7042421048600387,5,0.4534301838878563,0.6109717560745656,2020-08-24,-0.7741073100658851,-0.7042421048600387,-0.7463440102068285,-0.0992049094718943,-0.6625124720425364,training
2020-08-24,Trading & Exchanges,34,766843899.5026898,97640334.51381,47533078.66386,719310820.8388299,50107255.84994999,864484234.0164999,20.57764362696588,669203564.9888798,0.7741073100658851,-0.7741073100658851,5,0.856552900140529,0.8086169002920945,2020-08-31,-0.2920367514757351,-0.7741073100658851,-0.7042421048600387,-0.7463440102068285,-0.0992049094718943,training
2020-08-31,Trading & Exchanges,38,578535368.26162,317004743.27287006,56950776.44284,521584591.81878006,260053966.83003008,895540111.5344901,20.61293757191186,261530624.98875,0.2920367514757351,-0.2920367514757351,5,0.02500742792517284,0.7346585459810336,2020-09-07,-0.0533192694987867,-0.2920367514757351,-0.7741073100658851,-0.7042421048600387,-0.7463440102068285,training
2020-09-07,Trading & Exchanges,41,1126745663.3391404,1012673401.64254,21491740.53348,1105253922.8056605,991181661.1090598,2139419064.9816804,21.483800164632477,114072261.69660056,0.0533192694987867,-0.0533192694987867,5,0.10008628647898338,0.9547794936678065,2020-09-14,-0.6193148015342284,-0.0533192694987867,-0.2920367514757351,-0.7741073100658851,-0.7042421048600387,training
2020-09-14,Trading & Exchanges,42,2157497604.36877,507206753.70248026,46946015.26999,2110551589.09878,460260738.4324902,2664704358.0712504,21.703358953728053,1650290850.6662898,0.6193148015342284,-0.6193148015342284,5,0.4919187723781536,0.8772506516782318,2020-09-21,-0.1918963880026628,-0.6193148015342284,-0.0533192694987867,-0.2920367514757351,-0.7741073100658851,training
2020-09-21,Trading & Exchanges,44,234405248.72006983,158926337.95061004,16441123.571549997,217964125.14851987,142485214.37906003,393331586.6706799,19.79016354862064,75478910.76945981,0.1918963880026628,-0.1918963880026628,5,0.5278987643896567,0.779044290924356,2020-09-28,-0.0086874313428171,-0.1918963880026628,-0.6193148015342284,-0.0533192694987867,-0.2920367514757351,training
2020-09-28,Trading & Exchanges,47,328213801.7718003,322560246.90424,9821536.932190005,318392264.8396103,312738709.97205,650774048.6760403,20.29367305801513,5653554.867560267,0.0086874313428171,-0.0086874313428171,5,-0.09010157755947969,0.7628649555903166,2020-10-05,-0.2681749396007334,-0.0086874313428171,-0.1918963880026628,-0.6193148015342284,-0.0533192694987867,training
2020-10-05,Trading & Exchanges,51,461472084.8598202,266301458.75728995,39236928.43602002,422235156.4238002,227064530.32126996,727773543.6171101,20.405500492683792,195170626.10253024,0.2681749396007334,-0.2681749396007334,5,-0.04285209103495204,0.7610803533473406,2020-10-12,0.1821900310185316,-0.2681749396007334,-0.0086874313428171,-0.1918963880026628,-0.6193148015342284,training
2020-10-12,Trading & Exchanges,50,184794882.81214988,267131334.3316701,4903576.145479992,179891306.6666699,262227758.18619013,451926217.14382,19.929029490277262,-82336451.51952022,-0.1821900310185316,0.1821900310185316,5,-0.13015174336191473,0.8251841731975971,2020-10-19,-0.0436012839628414,0.1821900310185316,-0.2681749396007334,-0.0086874313428171,-0.1918963880026628,training
2020-10-19,Trading & Exchanges,49,284482362.1763599,260711221.90223,5156964.528229999,279325397.6481299,255554257.374,545193584.0785899,20.116651491537294,23771140.274129897,0.0436012839628414,-0.0436012839628414,5,0.33127869629813933,0.9387698860719914,2020-10-26,-0.0002172330052744,-0.0436012839628414,0.1821900310185316,-0.2681749396007334,-0.0086874313428171,training
2020-10-26,Trading & Exchanges,50,237233498.97755,237130451.4710002,13353774.48247,223879724.49508,223776676.9885302,474363950.44855016,19.97748541508889,103047.5065497756,0.0002172330052744,-0.0002172330052744,5,-0.09111090502423717,0.8330857067869255,2020-11-02,-0.5010891216238019,-0.0002172330052744,-0.0436012839628414,0.1821900310185316,-0.2681749396007334,training
2020-11-02,Trading & Exchanges,51,259043200.76535013,86097133.72076,3462650.39237,255580550.37298012,82634483.32839,345140334.4861101,19.65946166181229,172946067.04459012,0.5010891216238019,-0.5010891216238019,5,0.6000304744954227,0.7680023223493444,2020-11-09,-0.836242527902733,-0.5010891216238019,-0.0002172330052744,-0.0436012839628414,0.1821900310185316,training
2020-11-09,Trading & Exchanges,52,528375280.92784,47120899.88584,11649926.692719996,516725354.23512,35470973.19312,575496180.8136799,20.170743151549345,481254381.042,0.836242527902733,-0.836242527902733,5,0.8470349126676693,0.8810754156360132,2020-11-16,0.0744780692390264,-0.836242527902733,-0.5010891216238019,-0.0002172330052744,-0.0436012839628414,training
2020-11-16,Trading & Exchanges,53,1359070376.9657998,1577803038.5530703,17969552.906970005,1341100824.0588298,1559833485.6461003,2936873415.5188704,21.800611388649084,-218732661.5872705,-0.0744780692390264,0.0744780692390264,5,0.07928615223602002,0.9672849669761598,2020-11-23,0.6350052735724783,0.0744780692390264,-0.836242527902733,-0.5010891216238019,-0.0002172330052744,training
2020-11-23,Trading & Exchanges,52,67284291.45602003,301402084.4518297,15330226.631460004,51954064.82456002,286071857.82036966,368686375.90784967,19.725456913533,-234117792.99580964,-0.6350052735724783,0.6350052735724783,5,-0.21720314345589914,0.8182225845009531,2020-11-30,-0.8277363787742802,0.6350052735724783,0.0744780692390264,-0.836242527902733,-0.5010891216238019,training
2020-11-30,Trading & Exchanges,56,457446489.1557,43114198.33521,6224329.1486399975,451222160.00706005,36889869.18657,500560687.49091005,20.03123940509476,414332290.82049,0.8277363787742802,-0.8277363787742802,5,0.7295403281318681,0.8546605637371847,2020-12-07,0.3471813266536817,-0.8277363787742802,0.6350052735724783,0.0744780692390264,-0.836242527902733,training
2020-12-07,Trading & Exchanges,55,148731643.7891099,306928250.33345973,9232153.659550004,139499490.12955987,297696096.6739097,455659894.1225696,19.93725724516917,-158196606.54434985,-0.3471813266536817,0.3471813266536817,5,0.15989984044985964,0.7783339228756265,2020-12-14,-0.8572389065641632,0.3471813266536817,-0.8277363787742802,0.6350052735724783,0.0744780692390264,training
2020-12-14,Trading & Exchanges,55,850509687.2899595,65376453.45795009,10761789.001670005,839747898.2882895,54614664.45628009,915886140.7479095,20.63540261551075,785133233.8320094,0.8572389065641632,-0.8572389065641632,5,0.8804211087427849,0.9243320599315656,2020-12-21,-0.9079943423217418,-0.8572389065641632,0.3471813266536817,-0.8277363787742802,0.6350052735724783,training
2020-12-21,Trading & Exchanges,57,645357735.1486396,31119884.133329995,4721250.645589993,640636484.5030496,26398633.487740003,676477619.2819695,20.332409923404803,614237851.0153096,0.9079943423217418,-0.9079943423217418,5,0.7514513612306775,0.9030170366773935,2020-12-28,-0.8491352349723368,-0.9079943423217418,-0.8572389065641632,0.3471813266536817,-0.8277363787742802,training
2020-12-28,Trading & Exchanges,58,921919638.3242292,75216342.74210015,8575396.668690002,913344241.6555392,66640946.07341015,997135981.0663294,20.72039770986572,846703295.5821291,0.8491352349723368,-0.8491352349723368,5,0.8543197917562665,0.9124918731389428,2021-01-04,-0.910361987177724,-0.8491352349723368,-0.9079943423217418,-0.8572389065641632,0.3471813266536817,training
2021-01-04,Trading & Exchanges,59,2297805438.19501,107817635.98443002,29513312.468630005,2268292125.7263803,78304323.51580001,2405623074.17944,21.60107478186871,2189987802.2105803,0.910361987177724,-0.910361987177724,5,0.6811964414831828,0.9119869495997212,2021-01-11,0.518491470428164,-0.910361987177724,-0.8491352349723368,-0.9079943423217418,-0.8572389065641632,training
2021-01-11,Trading & Exchanges,60,602328785.1212498,1899511776.9009795,13567080.065249996,588761705.0559998,1885944696.8357296,2501840562.022229,21.640292523148624,-1297182991.7797298,-0.518491470428164,0.518491470428164,5,0.04236029063450326,0.9151916637036657,2021-01-18,-0.3588576778777936,0.518491470428164,-0.910361987177724,-0.8491352349723368,-0.9079943423217418,training
2021-01-18,Trading & Exchanges,63,1060604548.2380098,500419193.25406027,5976598.887839998,1054627949.3501698,494442594.3662203,1561023741.4920702,21.168607688160368,560185354.9839495,0.3588576778777936,-0.3588576778777936,5,-0.1521448656751331,0.7743420666862169,2021-01-25,-0.7011615611014792,-0.3588576778777936,0.518491470428164,-0.910361987177724,-0.8491352349723368,training
2021-01-25,Trading & Exchanges,63,1217499392.1816704,213874817.0890304,25188532.62431001,1192310859.5573604,188686284.4647204,1431374209.270701,21.08190080596988,1003624575.09264,0.7011615611014792,-0.7011615611014792,5,0.5765954250763672,0.6801305666868717,2021-02-01,-0.8974257246100451,-0.7011615611014792,-0.3588576778777936,0.518491470428164,-0.910361987177724,training
2021-02-01,Trading & Exchanges,64,3561352330.8576674,192525657.2671,64314129.71494995,3497038201.1427174,128211527.55215004,3753877988.1247673,22.046055273017483,3368826673.590568,0.8974257246100451,-0.8974257246100451,5,0.8243074412544158,0.786343057108903,2021-02-08,-0.7944488174467536,-0.8974257246100451,-0.7011615611014792,-0.3588576778777936,0.518491470428164,training
2021-02-08,Trading & Exchanges,66,3225631511.744649,369490823.7413701,73795672.86909999,3151835838.875549,295695150.8722701,3595122335.486019,22.00284385716101,2856140688.0032787,0.7944488174467536,-0.7944488174467536,5,0.7371515656329289,0.7047145652836916,2021-02-15,-0.7287039739296062,-0.7944488174467536,-0.8974257246100451,-0.7011615611014792,-0.3588576778777936,training
2021-02-15,Trading & Exchanges,68,2948877846.499581,462785331.20034015,24822085.259850003,2924055761.239731,437963245.9404901,3411663177.699921,21.950465745026573,2486092515.2992406,0.7287039739296062,-0.7287039739296062,5,0.736996975730167,0.7475114758355589,2021-02-22,0.700793300685273,-0.7287039739296062,-0.7944488174467536,-0.8974257246100451,-0.7011615611014792,training
2021-02-22,Trading & Exchanges,69,821545008.73082,4669943053.618077,62418507.009750016,759126501.7210699,4607524546.608327,5491488062.348897,22.42646510553082,-3848398044.8872576,-0.700793300685273,0.700793300685273,5,-0.510361422140114,0.7942254051354525,2021-03-01,-0.7758674816221962,0.700793300685273,-0.7287039739296062,-0.7944488174467536,-0.8974257246100451,training
2021-03-01,Trading & Exchanges,74,2881384497.4548383,363659997.44496,77488323.10756999,2803896174.347268,286171674.33739,3245044494.8997984,21.900394899150147,2517724500.009878,0.7758674816221962,-0.7758674816221962,5,0.6175236609402628,0.7344875602784454,2021-03-08,-0.9153287420102442,-0.7758674816221962,0.700793300685273,-0.7287039739296062,-0.7944488174467536,training
2021-03-08,Trading & Exchanges,78,5745946604.967521,254012022.4343002,44522378.668160014,5701424226.29936,209489643.7661402,5999958627.401821,22.51501841088433,5491934582.53322,0.9153287420102442,-0.9153287420102442,5,0.8506357894401417,0.8780872271774746,2021-03-15,-0.3959093992477064,-0.9153287420102442,-0.7758674816221962,0.700793300685273,-0.7287039739296062,training
2021-03-15,Trading & Exchanges,77,1288523321.375919,557618444.0858499,33209408.081850007,1255313913.294069,524409036.0039999,1846141765.461769,21.336363766644872,730904877.2900692,0.3959093992477064,-0.3959093992477064,5,0.3587442290073771,0.6154715586641567,2021-03-22,0.4192413460097653,-0.3959093992477064,-0.9153287420102442,-0.7758674816221962,0.700793300685273,training
2021-03-22,Trading & Exchanges,79,627887077.43039,1534412435.8574407,43137132.38597,584749945.04442,1491275303.4714708,2162299513.287831,21.49443808231654,-906525358.4270508,-0.4192413460097653,0.4192413460097653,5,-0.2530946880726073,0.6057502950408665,2021-03-29,-0.8623814738058783,0.4192413460097653,-0.3959093992477064,-0.9153287420102442,-0.7758674816221962,training
2021-03-29,Trading & Exchanges,82,4963379034.45078,366763156.35167,84005444.79212996,4879373589.65865,282757711.55954003,5330142190.80245,22.39664375240481,4596615878.09911,0.8623814738058783,-0.8623814738058783,5,0.8455668225363696,0.863805446822373,2021-04-05,-0.4949328447655129,-0.8623814738058783,0.4192413460097653,-0.3959093992477064,-0.9153287420102442,training
2021-04-05,Trading & Exchanges,84,3069583223.097568,1037067097.4779304,92078888.64648998,2977504334.451077,944988208.8314406,4106650320.575498,22.13587352623992,2032516125.619637,0.4949328447655129,-0.4949328447655129,5,0.508894489318516,0.8253360884562856,2021-04-12,-0.7733346698406497,-0.4949328447655129,-0.8623814738058783,0.4192413460097653,-0.3959093992477064,training
2021-04-12,Trading & Exchanges,88,2859405726.8451,365485519.54557,83727076.75390999,2775678650.09119,281758442.79165995,3224891246.39067,21.89416506488623,2493920207.29953,0.7733346698406497,-0.7733346698406497,5,0.6429732137497571,0.6280292797849415,2021-04-19,-0.3797291574112835,-0.7733346698406497,-0.4949328447655129,-0.8623814738058783,0.4192413460097653,training
2021-04-19,Trading & Exchanges,93,4903119052.465521,2204245499.66875,72853259.77994001,4830265792.685581,2131392239.8888097,7107364552.134271,22.68439734441502,2698873552.796771,0.3797291574112835,-0.3797291574112835,5,-0.027995091609760908,0.822452522501889,2021-04-26,-0.8632436420264941,-0.3797291574112835,-0.7733346698406497,-0.4949328447655129,-0.8623814738058783,training
2021-04-26,Trading & Exchanges,98,11683290190.957487,857517599.7515694,121490791.47576,11561799399.481728,736026808.2758094,12540807790.709057,23.252253787278168,10825772591.205915,0.8632436420264941,-0.8632436420264941,5,0.7810067552369162,0.5212357663436623,2021-05-03,-0.5978226199258349,-0.8632436420264941,-0.3797291574112835,-0.7733346698406497,-0.4949328447655129,training
2021-05-03,Trading & Exchanges,122,5261085886.273546,1324233185.6491516,120262804.06381004,5140823082.209736,1203970381.5853417,6585319071.922698,22.60810862547388,3936852700.6243935,0.5978226199258349,-0.5978226199258349,6,0.6147821022372127,0.5859381872501023,2021-05-10,0.6577365327483726,-0.5978226199258349,-0.8632436420264941,-0.3797291574112835,-0.7733346698406497,training
2021-05-10,Trading & Exchanges,132,1898522046.12568,9195399612.36037,108610127.48490992,1789911918.6407702,9086789484.875462,11093921658.486052,23.129663197033523,-7296877566.234691,-0.6577365327483726,0.6577365327483726,6,-0.42512269878638914,0.5799762322117497,2021-05-17,0.8422834608040597,0.6577365327483726,-0.5978226199258349,-0.8632436420264941,-0.3797291574112835,training
2021-05-17,Trading & Exchanges,122,1452562896.8143396,16967355574.89062,106395172.29808992,1346167724.5162497,16860960402.59253,18419918471.70496,23.636698441743416,-15514792678.07628,-0.8422834608040597,0.8422834608040597,6,-0.6969931498697642,0.5916013877327794,2021-05-24,-0.711686727954128,0.8422834608040597,0.6577365327483726,-0.5978226199258349,-0.8632436420264941,training
2021-05-24,Trading & Exchanges,148,3245286521.9351306,546629918.0714103,24838571.942180008,3220447949.9929504,521791346.1292303,3791916440.006541,22.056137385496857,2698656603.8637204,0.711686727954128,-0.711686727954128,6,0.37598371581624407,0.5193989453395129,2021-05-31,-0.7802083967028633,-0.711686727954128,0.8422834608040597,0.6577365327483726,-0.5978226199258349,training
2021-05-31,Trading & Exchanges,156,2417197981.962711,298436868.92286,59167973.67054997,2358030008.292161,239268895.25231004,2715634850.885571,21.72229159426345,2118761113.0398507,0.7802083967028633,-0.7802083967028633,6,0.5880407034607952,0.44464237973932624,2021-06-07,0.273465141449842,-0.7802083967028633,-0.711686727954128,0.8422834608040597,0.6577365327483726,training
2021-06-07,Trading & Exchanges,162,1741179951.2030697,3051927855.565333,119386330.09339,1621793621.1096797,2932541525.471943,4793107806.768402,22.29044484962463,-1310747904.3622632,-0.273465141449842,0.273465141449842,6,-0.4110919056654038,0.7096504326517642,2021-06-14,0.9620152016183424,0.273465141449842,-0.7802083967028633,-0.711686727954128,0.8422834608040597,training
2021-06-14,Trading & Exchanges,174,763704095.9706796,39447334451.46387,102025506.17160998,661678589.7990696,39345308945.29226,40211038547.43455,24.41740738563532,-38683630355.49319,-0.9620152016183424,0.9620152016183424,6,-0.9332193257742802,0.9748774631052413,2021-06-21,0.7396728233365564,0.9620152016183424,0.273465141449842,-0.7802083967028633,-0.711686727954128,training
2021-06-21,Trading & Exchanges,180,605500329.0336702,4046340764.118688,68999956.81482004,536500372.2188501,3977340807.303868,4651841093.152358,22.26052891241072,-3440840435.085017,-0.7396728233365564,0.7396728233365564,6,-0.5295214692460318,0.6163824860933005,2021-06-28,-0.6605027580747628,0.7396728233365564,0.9620152016183424,0.273465141449842,-0.7802083967028633,training
2021-06-28,Trading & Exchanges,190,2297427727.0851264,469719410.6273501,216472139.1144301,2080955587.970696,253247271.51292,2767147137.7124767,21.741082712597773,1827708316.4577763,0.6605027580747628,-0.6605027580747628,6,0.26823381947078423,0.5734646011176787,2021-07-05,0.2920646325833222,-0.6605027580747628,0.7396728233365564,0.9620152016183424,0.273465141449842,training
2021-07-05,Trading & Exchanges,198,801068723.3979808,1462043872.0954618,69219748.72314,731848974.6748408,1392824123.3723218,2263112595.4934425,21.540006957770323,-660975148.697481,-0.2920646325833222,0.2920646325833222,6,0.18096850421248184,0.668860128169483,2021-07-12,0.4950089046229519,0.2920646325833222,-0.6605027580747628,0.7396728233365564,0.9620152016183424,training
2021-07-12,Trading & Exchanges,214,1104128936.97218,3268736038.588588,119851541.39846995,984277395.5737102,3148884497.190118,4372864975.560768,22.19868423228508,-2164607101.6164074,-0.4950089046229519,0.4950089046229519,6,-0.06546609458226173,0.5525892743411088,2021-07-19,-0.7456348087612433,0.4950089046229519,0.2920646325833222,-0.6605027580747628,0.7396728233365564,training
2021-07-19,Trading & Exchanges,212,3196612003.615836,465794345.7216304,154826346.8346501,3041785656.7811856,310967998.8869803,3662406349.337466,22.02138624108895,2730817657.894205,0.7456348087612433,-0.7456348087612433,6,0.5864479018224285,0.7149459852062559,2021-07-26,-0.4742352596690111,-0.7456348087612433,0.4950089046229519,0.2920646325833222,-0.6605027580747628,training
2021-07-26,Trading & Exchanges,218,4188188434.278422,1493656992.7787707,211096957.6774701,3977091476.600952,1282560035.1013005,5681845427.057193,22.460541916216965,2694531441.499651,0.4742352596690111,-0.4742352596690111,6,0.49272626136616354,0.6187351754806205,2021-08-02,-0.7157780064432523,-0.4742352596690111,-0.7456348087612433,0.4950089046229519,0.2920646325833222,training
2021-08-02,Trading & Exchanges,222,5144552199.408897,852205166.74172,155398037.58696002,4989154161.821938,696807129.1547599,5996757366.150618,22.514484721276546,4292347032.667177,0.7157780064432523,-0.7157780064432523,6,0.5992910567722362,0.5688582544353478,2021-08-09,-0.6661231123991769,-0.7157780064432523,-0.4742352596690111,-0.7456348087612433,0.4950089046229519,training
2021-08-09,Trading & Exchanges,226,4206174665.014144,842881594.6488701,176271784.70695987,4029902880.307184,666609809.9419103,5049056259.663014,22.34246718369298,3363293070.365274,0.6661231123991769,-0.6661231123991769,6,0.4761990928702861,0.4739527372978798,2021-08-16,-0.3738201363788066,-0.6661231123991769,-0.7157780064432523,-0.4742352596690111,-0.7456348087612433,training
2021-08-16,Trading & Exchanges,231,3166817128.7764325,1443418294.215269,288721283.4114702,2878095845.3649626,1154697010.8037992,4610235422.991702,22.251544760762037,1723398834.5611632,0.3738201363788066,-0.3738201363788066,6,0.284679393605878,0.4541937956213237,2021-08-23,-0.278822140705381,-0.3738201363788066,-0.6661231123991769,-0.7157780064432523,-0.4742352596690111,training
2021-08-23,Trading & Exchanges,243,1939904718.5267491,1093988200.2441504,254295125.55635008,1685609592.9703994,839693074.6878003,3033892918.7709,21.83311242383229,845916518.282599,0.278822140705381,-0.278822140705381,6,0.17790441325167597,0.390245522040501,2021-08-30,-0.3560146842415164,-0.278822140705381,-0.3738201363788066,-0.6661231123991769,-0.7157780064432523,training
2021-08-30,Trading & Exchanges,253,3455214395.0351243,1640916841.8737004,473142396.62947005,2982071998.4056544,1167774445.2442305,5096131236.908825,22.351747508006493,1814297553.161424,0.3560146842415164,-0.3560146842415164,6,0.5744917467425096,0.6083695214745386,2021-09-06,0.7048930824960223,-0.3560146842415164,-0.278822140705381,-0.3738201363788066,-0.6661231123991769,training
2021-09-06,Trading & Exchanges,254,1329166984.5791898,7678869803.045578,435629994.83434,893536989.7448498,7243239808.211238,9008036787.624767,22.92138299233016,-6349702818.466389,-0.7048930824960223,0.7048930824960223,6,-0.5225896924482697,0.5294094202906866,2021-09-13,-0.6005510438591813,0.7048930824960223,-0.3560146842415164,-0.278822140705381,-0.3738201363788066,training
2021-09-13,Trading & Exchanges,263,3191928242.989049,796608399.1074204,341752935.39753026,2850175307.591519,454855463.7098902,3988536642.096469,22.106690244460538,2395319843.8816285,0.6005510438591813,-0.6005510438591813,6,0.22532013914413948,0.5126706351046924,2021-09-20,0.5294320047541446,-0.6005510438591813,0.7048930824960223,-0.3560146842415164,-0.278822140705381,training
2021-09-20,Trading & Exchanges,268,1500267555.0622594,4876143804.058848,633916756.8538495,866350798.2084099,4242227047.204999,6376411359.121108,22.57587129331071,-3375876248.9965887,-0.5294320047541446,0.5294320047541446,6,-0.3571618194838678,0.48645445914182317,2021-09-27,-0.6250321450808056,0.5294320047541446,-0.6005510438591813,0.7048930824960223,-0.3560146842415164,training
2021-09-27,Trading & Exchanges,273,4418462352.399061,1019537585.9705898,415677031.6814,4002785320.717661,603860554.2891898,5437999938.369651,22.416677172007308,3398924766.428472,0.6250321450808056,-0.6250321450808056,6,0.1265082317697758,0.5597777524179288,2021-10-04,-0.496847665330772,-0.6250321450808056,0.5294320047541446,-0.6005510438591813,0.7048930824960223,training
2021-10-04,Trading & Exchanges,278,4073193760.6814895,1369168685.4414415,300449901.0488002,3772743859.6326895,1068718784.3926412,5442362446.122932,22.41747907691306,2704025075.240049,0.496847665330772,-0.496847665330772,6,0.5692124167748829,0.7053606788926101,2021-10-11,-0.7065315298179239,-0.496847665330772,-0.6250321450808056,0.5294320047541446,-0.6005510438591813,training
2021-10-11,Trading & Exchanges,293,6129789240.69556,1054126360.7343996,597268196.5973495,5532521044.09821,456858164.13705015,7183915601.429959,22.695110419885925,5075662879.96116,0.7065315298179239,-0.7065315298179239,6,0.04492271693486827,0.6321459276523262,2021-10-18,-0.6014710413246461,-0.7065315298179239,-0.496847665330772,-0.6250321450808056,0.5294320047541446,training
2021-10-18,Trading & Exchanges,299,4103970934.849949,1021280573.2327406,509790660.99451023,3594180273.855439,511489912.2382304,5125251508.08269,22.35744543570971,3082690361.6172085,0.6014710413246461,-0.6014710413246461,6,0.452140811264362,0.646172228687288,2021-10-25,-0.0726871423022944,-0.6014710413246461,-0.7065315298179239,-0.496847665330772,-0.6250321450808056,training
2021-10-25,Trading & Exchanges,310,2502109336.240708,2163014794.678701,428324310.6918298,2073785025.5488784,1734690483.9868712,4665124130.919409,22.263380280092,339094541.5620069,0.0726871423022944,-0.0726871423022944,6,-0.24655238409146502,0.48137581944076063,2021-11-01,-0.4467071787460848,-0.0726871423022944,-0.6014710413246461,-0.7065315298179239,-0.496847665330772,training
2021-11-01,Trading & Exchanges,332,5018035648.267647,1919146556.9343293,680766351.6374898,4337269296.630157,1238380205.2968397,6937182205.201976,22.66016150685471,3098889091.3333178,0.4467071787460848,-0.4467071787460848,6,0.42791637539196165,0.5900723720293767,2021-11-08,0.1019363366903944,-0.4467071787460848,-0.0726871423022944,-0.6014710413246461,-0.7065315298179239,training
2021-11-08,Trading & Exchanges,347,2872933690.8811774,3525128736.661311,725851378.1359893,2147082312.745188,2799277358.525322,6398062427.542488,22.57926103593512,-652195045.7801337,-0.1019363366903944,0.1019363366903944,6,-0.0017176546974565776,0.607127038204496,2021-11-15,0.0885393393041864,0.1019363366903944,-0.4467071787460848,-0.0726871423022944,-0.6014710413246461,training
2021-11-15,Trading & Exchanges,369,5717277718.81916,6828031070.382036,1758072368.5861075,3959205350.233052,5069958701.795929,12545308789.201197,23.252612631065382,-1110753351.5628767,-0.0885393393041864,0.0885393393041864,6,-0.21764795177589188,0.5433712963016342,2021-11-22,0.2832582013367289,0.0885393393041864,0.1019363366903944,-0.4467071787460848,-0.0726871423022944,training
2021-11-22,Trading & Exchanges,380,3469629309.461201,6212042154.187455,1386232406.3362508,2083396903.1249504,4825809747.851204,9681671463.648657,22.99350039529665,-2742412844.726254,-0.2832582013367289,0.2832582013367289,6,-0.0991326731484711,0.4102085042142077,2021-11-29,0.5621834707560848,0.2832582013367289,0.0885393393041864,0.1019363366903944,-0.4467071787460848,training
2021-11-29,Trading & Exchanges,395,2951269356.3467207,10530493707.480034,1783990891.4954295,1167278464.8512912,8746502815.984604,13481763063.826756,23.32460372503741,-7579224351.133313,-0.5621834707560848,0.5621834707560848,6,-0.3092319637366495,0.5492219649797303,2021-12-06,0.249453578546316,0.5621834707560848,0.2832582013367289,0.0885393393041864,0.1019363366903944,training
2021-12-06,Trading & Exchanges,406,2838191369.477984,4724808835.042019,1087534666.408591,1750656703.069393,3637274168.633428,7563000204.520002,22.746533800994705,-1886617465.564035,-0.249453578546316,0.249453578546316,6,-0.2793463120732761,0.5856640013050173,2021-12-13,-0.1707434059130616,0.249453578546316,0.5621834707560848,0.2832582013367289,0.0885393393041864,training
2021-12-13,Trading & Exchanges,409,5468895339.34553,3873707508.936744,898195293.0998701,4570700046.24566,2975512215.836873,9342602848.282272,22.957850728017107,1595187830.4087858,0.1707434059130616,-0.1707434059130616,6,-0.05114039389049465,0.5511084843519486,2021-12-20,-0.4883073446593257,-0.1707434059130616,0.249453578546316,0.5621834707560848,0.2832582013367289,training
2021-12-20,Trading & Exchanges,419,7017975911.152062,2412839486.4007607,1388040321.38578,5629935589.766283,1024799165.0149808,9430815397.552822,22.96724839841698,4605136424.751302,0.4883073446593257,-0.4883073446593257,6,0.3567217486098027,0.4162807263634135,2021-12-27,0.3646083475234288,-0.4883073446593257,-0.1707434059130616,0.249453578546316,0.5621834707560848,training
2021-12-27,Trading & Exchanges,438,2304330272.326608,4948929235.710684,735798059.3364587,1568532212.9901495,4213131176.374225,7253259508.0372925,22.704716792232254,-2644598963.384076,-0.3646083475234288,0.3646083475234288,6,-0.3653343754206085,0.5173280424580868,2022-01-03,0.5086195153963946,0.3646083475234288,-0.4883073446593257,-0.1707434059130616,0.249453578546316,training
2022-01-03,Trading & Exchanges,446,3234932621.490581,9931779215.265364,1665530604.568771,1569402016.9218102,8266248610.696592,13166711836.755943,23.300957650895132,-6696846593.774782,-0.5086195153963946,0.5086195153963946,6,-0.4439892284072315,0.5152897301943501,2022-01-10,-0.3572911033474828,0.5086195153963946,0.3646083475234288,-0.4883073446593257,-0.1707434059130616,training
2022-01-10,Trading & Exchanges,457,6560985121.009847,3106779008.333534,1524593162.858373,5036391958.151474,1582185845.4751608,9667764129.34338,22.99206290254583,3454206112.676313,0.3572911033474828,-0.3572911033474828,6,0.35362334407514256,0.4330372315846401,2022-01-17,0.5705242054534946,-0.3572911033474828,0.5086195153963946,0.3646083475234288,-0.4883073446593257,training
2022-01-17,Trading & Exchanges,472,5088296859.444143,18607086787.57609,2854566058.923153,2233730800.5209904,15752520728.65294,23695383647.020237,23.888546083330912,-13518789928.131948,-0.5705242054534946,0.5705242054534946,6,-0.4279398084778714,0.4508798291008786,2022-01-24,-0.0396379541793459,0.5705242054534946,-0.3572911033474828,0.5086195153963946,0.3646083475234288,training
2022-01-24,Trading & Exchanges,473,4613062661.775487,4261301039.993901,1348692382.0076313,3264370279.767856,2912608657.986269,8874363701.769388,22.906432474275043,351761621.78158617,0.0396379541793459,-0.0396379541793459,6,-0.19180266485396827,0.6177470995899553,2022-01-31,-0.454102876544051,-0.0396379541793459,0.5705242054534946,-0.3572911033474828,0.5086195153963946,training
2022-01-31,Trading & Exchanges,477,6450288821.451375,2421557765.8845906,929034799.1942512,5521254022.257124,1492522966.6903396,8871846587.335966,22.90614879517861,4028731055.566784,0.454102876544051,-0.454102876544051,6,0.4729836995257414,0.6072814191562746,2022-02-07,-0.0533475015933068,-0.454102876544051,-0.0396379541793459,0.5705242054534946,-0.3572911033474828,training
2022-02-07,Trading & Exchanges,490,3665958964.6605306,3294628987.7774906,1046725577.7159708,2619233386.94456,2247903410.06152,6960587952.438021,22.66352978379352,371329976.88304,0.0533475015933068,-0.0533475015933068,6,-0.06573119347988893,0.5128886072515466,2022-02-14,0.365536684199802,-0.0533475015933068,-0.454102876544051,-0.0396379541793459,0.5705242054534946,training
2022-02-14,Trading & Exchanges,489,1954215325.547021,4206000015.137649,961889425.0564504,992325900.4905704,3244110590.0811987,6160215340.6846695,22.541377571946512,-2251784689.590628,-0.365536684199802,0.365536684199802,6,-0.28071672029862343,0.6473100394070956,2022-02-21,-0.1000544280735392,0.365536684199802,-0.0533475015933068,-0.454102876544051,-0.0396379541793459,training
2022-02-21,Trading & Exchanges,497,5783896917.855291,4731758981.070166,872444607.3933097,4911452310.461982,3859314373.676856,10515655898.925455,23.07613102170446,1052137936.7851256,0.1000544280735392,-0.1000544280735392,6,0.06484352677393884,0.4568293990617851,2022-02-28,0.0461257147693118,-0.1000544280735392,0.365536684199802,-0.0533475015933068,-0.454102876544051,training
2022-02-28,Trading & Exchanges,506,2898945749.3840456,3179309622.984977,712163327.8958607,2186782421.488185,2467146295.089116,6078255372.369022,22.52798354657828,-280363873.6009312,-0.0461257147693118,0.0461257147693118,6,0.29421984158070746,0.642500594494704,2022-03-07,-0.1704285005078106,0.0461257147693118,-0.1000544280735392,0.365536684199802,-0.0533475015933068,training
2022-03-07,Trading & Exchanges,511,2583773920.0778594,1831316653.9415607,624262662.3369702,1959511257.740889,1207053991.6045904,4415090574.019421,22.208294186085087,752457266.1362987,0.1704285005078106,-0.1704285005078106,6,0.20780688023692645,0.5365889880528871,2022-03-14,-0.4403210608431904,-0.1704285005078106,0.0461257147693118,-0.1000544280735392,0.365536684199802,training
2022-03-14,Trading & Exchanges,520,8617538931.306395,3348597183.181203,1567735936.1172717,7049802995.189123,1780861247.0639312,11966136114.487598,23.205346507036552,5268941748.125192,0.4403210608431904,-0.4403210608431904,6,0.5066726793133163,0.597359204152394,2022-03-21,-0.335914444679419,-0.4403210608431904,-0.1704285005078106,0.0461257147693118,-0.1000544280735392,training
2022-03-21,Trading & Exchanges,518,7725509657.489865,3840365220.588521,1407536219.77545,6317973437.714416,2432829000.8130703,11565874878.078386,23.171324778629664,3885144436.901345,0.335914444679419,-0.335914444679419,6,0.3404087886629739,0.6665380221379464,2022-03-28,-0.2106772535618077,-0.335914444679419,-0.4403210608431904,-0.1704285005078106,0.0461257147693118,training
2022-03-28,Trading & Exchanges,541,4824371281.7925205,3145335372.229828,1441751480.5533984,3382619801.2391224,1703583891.6764295,7969706654.022348,22.79891352292592,1679035909.5626926,0.2106772535618077,-0.2106772535618077,6,0.22473959701500307,0.43146671897297395,2022-04-04,0.2864348688565095,-0.2106772535618077,-0.335914444679419,-0.4403210608431904,-0.1704285005078106,training
2022-04-04,Trading & Exchanges,554,3687038574.987981,6647094678.074677,1908311577.094761,1778726997.8932202,4738783100.979917,10334133253.062658,23.0587181614508,-2960056103.086696,-0.2864348688565095,0.2864348688565095,6,-0.3099115754868015,0.4775323192584065,2022-04-11,0.3541153584557873,0.2864348688565095,-0.2106772535618077,-0.335914444679419,-0.4403210608431904,training
2022-04-11,Trading & Exchanges,568,1888073724.434481,3958399787.988362,544845811.3110603,1343227913.1234202,3413553976.677301,5846473512.422842,22.489104498203904,-2070326063.5538807,-0.3541153584557873,0.3541153584557873,6,-0.23917148985405595,0.4620926639220996,2022-04-18,-0.1473057505560008,0.3541153584557873,0.2864348688565095,-0.2106772535618077,-0.335914444679419,training
2022-04-18,Trading & Exchanges,581,3814683952.297667,2835128358.7606826,762467654.5861605,3052216297.7115064,2072660704.174522,6649812311.05835,22.617854467465254,979555593.5369844,0.1473057505560008,-0.1473057505560008,6,0.1207571653046435,0.445941300258596,2022-04-25,0.4757738495249299,-0.1473057505560008,0.3541153584557873,0.2864348688565095,-0.2106772535618077,training
2022-04-25,Trading & Exchanges,598,3175577686.039792,8939719054.353584,1662274366.261572,1513303319.7782202,7277444688.092012,12115296740.393375,23.21773468463292,-5764141368.313792,-0.4757738495249299,0.4757738495249299,6,-0.2821911969032393,0.4144631209539966,2022-05-02,0.4444488748539358,0.4757738495249299,-0.1473057505560008,0.3541153584557873,0.2864348688565095,training
2022-05-02,Trading & Exchanges,608,2054799934.656008,5342538821.93733,620261716.9811193,1434538217.674889,4722277104.956211,7397338756.593338,22.72438614512286,-3287738887.281322,-0.4444488748539358,0.4444488748539358,6,-0.4754401673695219,0.6662010516189808,2022-05-09,0.672653715832055,0.4444488748539358,0.4757738495249299,-0.1473057505560008,0.3541153584557873,training
2022-05-09,Trading & Exchanges,616,3673648964.161451,18771383356.881702,2349316998.9830213,1324331965.1784296,16422066357.898682,22445032321.04315,23.834335149234654,-15097734392.720251,-0.672653715832055,0.672653715832055,6,-0.6464560811413399,0.619523453269326,2022-05-16,0.3115687633019877,0.672653715832055,0.4444488748539358,0.4757738495249299,-0.1473057505560008,training
2022-05-16,Trading & Exchanges,627,2038941683.20984,3884501573.053221,616407801.0337299,1422533882.1761105,3268093772.019491,5923443256.263062,22.50218374805484,-1845559889.8433807,-0.3115687633019877,0.3115687633019877,6,-0.39992999468821977,0.6534784677937938,2022-05-23,0.4463501325053282,0.3115687633019877,0.672653715832055,0.4444488748539358,0.4757738495249299,training
2022-05-23,Trading & Exchanges,630,1489925334.35331,3892268076.422314,560278505.2966896,929646829.0566204,3331989571.1256247,5382193410.775624,22.40636182539018,-2402342742.069004,-0.4463501325053282,0.4463501325053282,6,-0.4037719215908625,0.6188201979598755,2022-05-30,0.151288947725806,0.4463501325053282,0.3115687633019877,0.672653715832055,0.4444488748539358,training
2022-05-30,Trading & Exchanges,649,1309360141.2279806,1776166170.0400016,327478297.27783006,981881843.9501504,1448687872.7621715,3085526311.2679825,21.84998808340512,-466806028.812021,-0.151288947725806,0.151288947725806,6,0.18282808811216544,0.5851287909137185,2022-06-06,-0.2545170489934594,0.151288947725806,0.4463501325053282,0.3115687633019877,0.672653715832055,training
2022-06-06,Trading & Exchanges,654,7254901592.875654,4311145434.857451,835877254.7610698,6419024338.114584,3475268180.0963817,11566047027.733105,23.17133966279324,2943756158.018203,0.2545170489934594,-0.2545170489934594,6,0.09313877225093127,0.47699886127556723,2022-06-13,0.8139451850101797,-0.2545170489934594,0.151288947725806,0.4463501325053282,0.3115687633019877,training
2022-06-13,Trading & Exchanges,664,1090615781.1465795,10632980635.385302,611677060.7461996,478938720.4003801,10021303574.639105,11723596416.53188,23.18486943558705,-9542364854.238722,-0.8139451850101797,0.8139451850101797,6,-0.7285178257000815,0.7552776123210485,2022-06-20,-0.3798471246438544,0.8139451850101797,-0.2545170489934594,0.151288947725806,0.4463501325053282,training
2022-06-20,Trading & Exchanges,668,2851563541.76049,1281595111.58887,528239628.9225603,2323323912.8379297,753355482.6663098,4133158653.34936,22.14230775895176,1569968430.17162,0.3798471246438544,-0.3798471246438544,6,0.31861467876594546,0.47026575166253165,2022-06-27,0.6032854750108593,-0.3798471246438544,0.8139451850101797,-0.2545170489934594,0.151288947725806,training
2022-06-27,Trading & Exchanges,675,687027807.1103202,2776560056.8789105,304473220.1420304,382554586.96828985,2472086836.7368803,3463587863.9892306,21.965570843948584,-2089532249.7685905,-0.6032854750108593,0.6032854750108593,6,-0.4153788515607709,0.6976385972657067,2022-07-04,-0.6011777417557589,0.6032854750108593,-0.3798471246438544,0.8139451850101797,-0.2545170489934594,training
2022-07-04,Trading & Exchanges,681,2717543732.266429,676887331.0663998,380522109.32909983,2337021622.9373293,296365221.7373,3394431063.3328285,21.945402003452283,2040656401.200029,0.6011777417557589,-0.6011777417557589,6,0.35387287846567206,0.5745676459141561,2022-07-11,-0.0970752057675243,-0.6011777417557589,0.6032854750108593,-0.3798471246438544,0.8139451850101797,training
2022-07-11,Trading & Exchanges,685,1737469278.7376003,1429987737.1595917,417316966.1415897,1320152312.5960107,1012670771.018002,3167457015.897192,21.876194900027144,307481541.57800865,0.0970752057675243,-0.0970752057675243,6,0.19208652525050274,0.5269814019037441,2022-07-18,-0.6717422326966571,-0.0970752057675243,-0.6011777417557589,0.6032854750108593,-0.3798471246438544,training
2022-07-18,Trading & Exchanges,693,3766879331.083965,739651947.9729505,177729194.26572987,3589150136.818235,561922753.7072206,4506531279.056915,22.228793577034377,3027227383.1110144,0.6717422326966571,-0.6717422326966571,6,0.37203725971162,0.5229007481168754,2022-07-25,-0.4917664295443422,-0.6717422326966571,-0.0970752057675243,-0.6011777417557589,0.6032854750108593,training
2022-07-25,Trading & Exchanges,700,2767428832.4773326,942842129.0734504,278410449.72841007,2489018382.7489223,664431679.3450403,3710270961.550783,22.03437074662675,1824586703.403882,0.4917664295443422,-0.4917664295443422,6,0.2619204711148003,0.5364016155896216,2022-08-01,0.0973759317375511,-0.4917664295443422,-0.6717422326966571,-0.0970752057675243,-0.6011777417557589,training
2022-08-01,Trading & Exchanges,704,1264440930.12647,1537259078.9604104,375570643.0529902,888870287.0734797,1161688435.9074202,2801700009.08688,21.753492216348327,-272818148.8339405,-0.0973759317375511,0.0973759317375511,6,0.13208635319784193,0.4674412388503848,2022-08-08,-0.4265140975874473,0.0973759317375511,-0.4917664295443422,-0.6717422326966571,-0.0970752057675243,training
2022-08-08,Trading & Exchanges,714,2871108722.358971,1154240521.9487505,255269685.32609007,2615839037.0328813,898970836.6226602,4025349244.307721,22.11587751307328,1716868200.4102209,0.4265140975874473,-0.4265140975874473,6,0.5121844605414955,0.7291399623347942,2022-08-15,0.258051592439282,-0.4265140975874473,0.0973759317375511,-0.4917664295443422,-0.6717422326966571,training
2022-08-15,Trading & Exchanges,728,3539916497.0115595,6002300888.8297,856277440.1460397,2683639056.8655195,5146023448.68366,9542217385.84126,22.97899172588533,-2462384391.81814,-0.258051592439282,0.258051592439282,6,-0.40937797367262035,0.6107928870086604,2022-08-22,0.5498064613684134,0.258051592439282,-0.4265140975874473,0.0973759317375511,-0.4917664295443422,training
2022-08-22,Trading & Exchanges,741,774153595.0465813,2665049896.8547344,231466340.64570007,542687254.4008812,2433583556.2090344,3439203491.901316,21.95850573876031,-1890896301.808153,-0.5498064613684134,0.5498064613684134,6,-0.4803597202698244,0.7053651706384062,2022-08-29,-0.2713284859758356,0.5498064613684134,0.258051592439282,-0.4265140975874473,0.0973759317375511,training
2022-08-29,Trading & Exchanges,754,1852260232.2990503,1061636927.6112902,423072295.28214,1429187937.0169103,638564632.3291502,2913897159.9103403,21.792757252713805,790623304.6877601,0.2713284859758356,-0.2713284859758356,6,0.17391622096346027,0.49714022728608326,2022-09-05,-0.3332613459609965,-0.2713284859758356,0.5498064613684134,0.258051592439282,-0.4265140975874473,training
2022-09-05,Trading & Exchanges,762,2580814921.5326824,1290616481.3967507,292631518.8906905,2288183402.641992,997984962.50606,3871431402.929433,22.076890147418773,1290198440.1359315,0.3332613459609965,-0.3332613459609965,6,0.2910428160852146,0.596160323404972,2022-09-12,0.6330480589658494,-0.3332613459609965,-0.2713284859758356,0.5498064613684134,0.258051592439282,training
2022-09-12,Trading & Exchanges,768,830383108.4316,3695458101.681088,323013988.08385,507369120.34775,3372444113.5972376,4525841210.112687,22.23306929982881,-2865074993.2494874,-0.6330480589658494,0.6330480589658494,6,-0.5716677368572337,0.6240826339721943,2022-09-19,-0.2511598757381074,0.6330480589658494,-0.3332613459609965,-0.2713284859758356,0.5498064613684134,training
2022-09-19,Trading & Exchanges,783,1888443916.87862,1130265288.0733914,94360044.41445994,1794083872.4641595,1035905243.6589316,3018709204.952011,21.828095161717577,758178628.8052282,0.2511598757381074,-0.2511598757381074,6,0.1220276088202043,0.40227910232081066,2022-09-26,-0.3886061924804596,-0.2511598757381074,0.6330480589658494,-0.3332613459609965,-0.2713284859758356,training
2022-09-26,Trading & Exchanges,791,1363260065.8603623,600234081.3537999,95429090.04701006,1267830975.8133526,504804991.3067899,1963494147.2141623,21.39799145169481,763025984.5065626,0.3886061924804596,-0.3886061924804596,6,0.1649564239808215,0.47230791383952975,2022-10-03,-0.1011421737652294,-0.3886061924804596,-0.2511598757381074,0.6330480589658494,-0.3332613459609965,training
2022-10-03,Trading & Exchanges,806,1113030262.2996695,908562023.9966408,280641093.4108596,832389168.8888099,627920930.5857811,2021592286.2963104,21.427151298882738,204468238.3030288,0.1011421737652294,-0.1011421737652294,6,0.13243142499205815,0.5018627881364924,2022-10-10,0.4668904639335984,-0.1011421737652294,-0.3886061924804596,-0.2511598757381074,0.6330480589658494,training
2022-10-10,Trading & Exchanges,822,728565673.0296007,2004702534.4963443,317344430.6544306,411221242.3751701,1687358103.8419137,2733268207.525945,21.728763876115615,-1276136861.4667437,-0.4668904639335984,0.4668904639335984,6,-0.3191064532930356,0.4703554428280853,2022-10-17,0.477748719428774,0.4668904639335984,-0.1011421737652294,-0.3886061924804596,-0.2511598757381074,training
2022-10-17,Trading & Exchanges,837,743998081.7528396,2105197734.250033,203748194.3538302,540249887.3990093,1901449539.8962023,2849195816.0028725,21.770302621937,-1361199652.497193,-0.477748719428774,0.477748719428774,6,-0.2798891829295507,0.517273356229241,2022-10-24,-0.395993090676768,0.477748719428774,0.4668904639335984,-0.1011421737652294,-0.3886061924804596,training
2022-10-24,Trading & Exchanges,847,2854725791.838129,1235159481.812011,323865981.5779102,2530859810.2602186,911293500.2341008,4089885273.65014,22.13178275639992,1619566310.026118,0.395993090676768,-0.395993090676768,6,0.49606012142064954,0.6561712177596898,2022-10-31,-0.490584180034239,-0.395993090676768,0.477748719428774,0.4668904639335984,-0.1011421737652294,training
2022-10-31,Trading & Exchanges,853,1853509621.9712265,633447702.2755008,171159644.63105997,1682349977.3401666,462288057.6444408,2486957324.246727,21.63432584249168,1220061919.6957257,0.490584180034239,-0.490584180034239,6,0.183594463746387,0.5638740650238854,2022-11-07,0.4905292299169339,-0.490584180034239,-0.395993090676768,0.477748719428774,0.4668904639335984,training
2022-11-07,Trading & Exchanges,865,3529437400.1765003,10325871314.00566,695405704.18967,2834031695.98683,9630465609.815989,13855308714.18216,23.35193429687397,-6796433913.829159,-0.4905292299169339,0.4905292299169339,6,-0.48831764487155266,0.6211736273958658,2022-11-14,-0.0756926107338624,0.4905292299169339,-0.490584180034239,-0.395993090676768,0.477748719428774,training
2022-11-14,Trading & Exchanges,874,4281295112.1333,3678776509.4659247,249614687.8526796,4031680424.2806206,3429161821.613245,7960071621.599225,22.7977038345762,602518602.6673756,0.0756926107338624,-0.0756926107338624,6,0.12389402391927151,0.4595897994818689,2022-11-21,-0.3274508716461081,-0.0756926107338624,0.4905292299169339,-0.490584180034239,-0.395993090676768,training
2022-11-21,Trading & Exchanges,889,7308610257.3366785,3702886158.005038,313191327.6128498,6995418929.723828,3389694830.392188,11011496415.341717,23.12220569273629,3605724099.3316407,0.3274508716461081,-0.3274508716461081,6,0.24267119169279938,0.7018696935912688,2022-11-28,-0.0099819962718832,-0.3274508716461081,-0.0756926107338624,0.4905292299169339,-0.490584180034239,training
2022-11-28,Trading & Exchanges,902,3077488902.052735,3016657158.7930603,279092500.5143508,2798396401.538384,2737564658.2787094,6094146060.845795,22.5305944853628,60831743.25967455,0.0099819962718832,-0.0099819962718832,6,-0.014965920540113146,0.6054864662460575,2022-12-05,0.3335513599095016,-0.0099819962718832,-0.3274508716461081,-0.0756926107338624,0.4905292299169339,training
2022-12-05,Trading & Exchanges,914,1682816767.822732,3367285120.28141,263006739.63823065,1419810028.1845014,3104278380.6431794,5050101888.104142,22.342674256090373,-1684468352.4586782,-0.3335513599095016,0.3335513599095016,6,-0.2615017518414459,0.6627215480476119,2022-12-12,0.7053990467963572,0.3335513599095016,-0.0099819962718832,-0.3274508716461081,-0.0756926107338624,training
2022-12-12,Trading & Exchanges,921,2596751831.773941,15032192022.85736,645525307.9352994,1951226523.8386416,14386666714.922062,17628943854.6313,23.59280792547164,-12435440191.08342,-0.7053990467963572,0.7053990467963572,6,-0.6791827549442897,0.712620242845667,2022-12-19,0.3157343687267482,0.7053990467963572,0.3335513599095016,-0.0099819962718832,-0.3274508716461081,training
2022-12-19,Trading & Exchanges,933,1292341681.9368222,2484968248.22024,186595008.00223,1105746673.9345922,2298373240.218009,3777309930.1570616,22.05227793480479,-1192626566.2834177,-0.3157343687267482,0.3157343687267482,6,-0.23992651239711757,0.6802840896116799,2022-12-26,0.3991500167858354,0.3157343687267482,0.7053990467963572,0.3335513599095016,-0.0099819962718832,training
2022-12-26,Trading & Exchanges,942,1477880397.4829354,3441418724.6613874,218367287.49430004,1259513109.9886353,3223051437.167088,4919299122.144323,22.316431902657538,-1963538327.178452,-0.3991500167858354,0.3991500167858354,6,-0.3973039372346326,0.6215706918718407,2023-01-02,-0.5679487550149162,0.3991500167858354,0.3157343687267482,0.7053990467963572,0.3335513599095016,training
2023-01-02,Trading & Exchanges,952,3821370053.3965807,1052985745.76374,194358109.44162983,3627011943.954951,858627636.3221102,4874355799.16032,22.307253789107637,2768384307.6328406,0.5679487550149162,-0.5679487550149162,6,0.49853478779014854,0.6291841714707488,2023-01-09,-0.7775426155353219,-0.5679487550149162,0.3991500167858354,0.3157343687267482,0.7053990467963572,training
2023-01-09,Trading & Exchanges,959,14655129279.12716,1834072331.056059,862744524.9353694,13792384754.19179,971327806.1206896,16489201610.183218,23.525971555801423,12821056948.0711,0.7775426155353219,-0.7775426155353219,6,0.6957299586055226,0.49839881204405834,2023-01-16,-0.5440755363778823,-0.7775426155353219,-0.5679487550149162,0.3991500167858354,0.3157343687267482,training
2023-01-16,Trading & Exchanges,964,7229682318.318334,2134733020.1667783,1011396092.8832498,6218286225.435083,1123336927.2835286,9364415338.485111,22.960182740512945,5094949298.151555,0.5440755363778823,-0.5440755363778823,6,0.4757299978802516,0.4615137892907401,2023-01-23,-0.1462843424527044,-0.5440755363778823,-0.7775426155353219,-0.5679487550149162,0.3991500167858354,training
2023-01-23,Trading & Exchanges,968,4484256010.680648,3339729443.200168,906797402.5866712,3577458608.093977,2432932040.613497,7823985453.880815,22.78045991063845,1144526567.4804797,0.1462843424527044,-0.1462843424527044,6,0.10567090337585892,0.48270326992962026,2023-01-30,-0.0672481788587118,-0.1462843424527044,-0.5440755363778823,-0.7775426155353219,-0.5679487550149162,training
2023-01-30,Trading & Exchanges,972,4046596815.498599,3536638078.9866314,964050686.5001518,3082546128.9984474,2572587392.48648,7583234894.48523,22.74920571277588,509958736.51196766,0.0672481788587118,-0.0672481788587118,6,0.06689970521448883,0.5281439521123219,2023-02-06,0.4536639601009382,-0.0672481788587118,-0.1462843424527044,-0.5440755363778823,-0.7775426155353219,training
2023-02-06,Trading & Exchanges,976,2262295987.4548287,6019405464.540902,779680319.791159,1482615667.6636696,5239725144.749743,8281701451.995731,22.837314273725745,-3757109477.0860734,-0.4536639601009382,0.4536639601009382,6,-0.4527092399103253,0.4300144745774919,2023-02-13,-0.4639706169575872,0.4536639601009382,-0.0672481788587118,-0.1462843424527044,-0.5440755363778823,training
2023-02-13,Trading & Exchanges,984,12146933604.937445,4447571044.590441,1060509299.7771478,11086424305.160295,3387061744.813293,16594504649.527884,23.532337432352445,7699362560.347002,0.4639706169575872,-0.4639706169575872,6,0.44009558625811535,0.4402490253673965,2023-02-20,0.3907387069266415,-0.4639706169575872,0.4536639601009382,-0.0672481788587118,-0.1462843424527044,training
2023-02-20,Trading & Exchanges,998,3120286000.0335417,7122563941.388363,633972680.8970505,2486313319.136492,6488591260.491312,10242849941.421906,23.049845732525064,-4002277941.354821,-0.3907387069266415,0.3907387069266415,6,-0.3101815352858752,0.5402356757636302,2023-02-27,0.5091748635493805,0.3907387069266415,-0.4639706169575872,0.4536639601009382,-0.0672481788587118,training
2023-02-27,Trading & Exchanges,1006,2948643100.6813397,9066402102.603573,855478293.8794297,2093164806.8019092,8210923808.724143,12015045203.284912,23.209425468448607,-6117759001.922234,-0.5091748635493805,0.5091748635493805,6,-0.4490791898443987,0.5510678061057408,2023-03-06,0.5370641481580901,0.5091748635493805,0.3907387069266415,-0.4639706169575872,0.4536639601009382,training
2023-03-06,Trading & Exchanges,1013,3606922060.097829,11975893769.554417,852118983.79831,2754803076.2995195,11123774785.756107,15582815829.652246,23.46943459473338,-8368971709.456587,-0.5370641481580901,0.5370641481580901,6,-0.42207150939440286,0.4393287218153783,2023-03-13,-0.5733890940539272,0.5370641481580901,0.5091748635493805,0.3907387069266415,-0.4639706169575872,training
2023-03-13,Trading & Exchanges,1023,18120000984.930023,4913082253.549533,639040881.6108698,17480960103.319153,4274041371.938663,23033083238.47956,23.860197421083264,13206918731.38049,0.5733890940539272,-0.5733890940539272,6,0.5257618011352564,0.46779984118715967,2023-03-20,0.1368447769189854,-0.5733890940539272,0.5370641481580901,0.5091748635493805,0.3907387069266415,training
2023-03-20,Trading & Exchanges,1040,4236755904.129225,5580147917.656649,693793262.0710912,3542962642.058134,4886354655.585558,9816903821.785872,23.00737161660217,-1343392013.5274234,-0.1368447769189854,0.1368447769189854,6,-0.18467150591919734,0.6153526756698438,2023-03-27,0.1855518191488591,0.1368447769189854,-0.5733890940539272,0.5370641481580901,0.5091748635493805,training
2023-03-27,Trading & Exchanges,1062,2732857585.713326,3978085234.141332,410959980.4790096,2321897605.2343163,3567125253.6623225,6710942819.854658,22.62700528787383,-1245227648.4280062,-0.1855518191488591,0.1855518191488591,6,-0.0019476326048328153,0.513987739014212,2023-04-03,-0.0823173304421547,0.1855518191488591,0.1368447769189854,-0.5733890940539272,0.5370641481580901,training
2023-04-03,Trading & Exchanges,1074,2869052024.5407443,2432631583.1100025,280942556.69028014,2588109467.8504643,2151689026.4197226,5301683607.650747,22.39129026907017,436420441.4307418,0.0823173304421547,-0.0823173304421547,6,0.12822802411695805,0.47747614206192524,2023-04-10,-0.2693067964963867,-0.0823173304421547,0.1855518191488591,0.1368447769189854,-0.5733890940539272,training
2023-04-10,Trading & Exchanges,1093,9012693260.033457,5188275780.56541,523714930.38065946,8488978329.652798,4664560850.184751,14200969040.598866,23.37657604159134,3824417479.468047,0.2693067964963867,-0.2693067964963867,6,0.3582040918451388,0.47916732887797453,2023-04-17,0.6030363362107387,-0.2693067964963867,-0.0823173304421547,0.1855518191488591,0.1368447769189854,training
2023-04-17,Trading & Exchanges,1115,2337142250.1477723,9437951862.186428,816507053.7945025,1520635196.3532698,8621444808.391926,11775094112.3342,23.1892524694568,-7100809612.038656,-0.6030363362107387,0.6030363362107387,6,-0.47605608533417754,0.39980123697894987,2023-04-24,-0.1520762597427067,0.6030363362107387,-0.2693067964963867,-0.0823173304421547,0.1855518191488591,training
2023-04-24,Trading & Exchanges,1125,4617277708.218256,3398298811.42886,192859223.18258965,4424418485.035666,3205439588.2462707,8015576519.647116,22.804652550632817,1218978896.7893958,0.1520762597427067,-0.1520762597427067,6,0.21254517675201232,0.4147575154696186,2023-05-01,0.3753613945177944,-0.1520762597427067,0.6030363362107387,-0.2693067964963867,-0.0823173304421547,training
2023-05-01,Trading & Exchanges,1131,2255753953.774178,4966835024.801015,384483522.9332196,1871270430.8409584,4582351501.867795,7222588978.575193,22.70047931000381,-2711081071.026837,-0.3753613945177944,0.3753613945177944,6,-0.21816488552759256,0.4864532511709099,2023-05-08,0.5220457994724202,0.3753613945177944,-0.1520762597427067,0.6030363362107387,-0.2693067964963867,training
2023-05-08,Trading & Exchanges,1142,2468905808.6210814,7862233894.286984,485171087.1129206,1983734721.5081608,7377062807.174064,10331139702.908066,23.05842844350886,-5393328085.665903,-0.5220457994724202,0.5220457994724202,6,-0.4400613907274872,0.4403278429609367,2023-05-15,-0.5536484613628856,0.5220457994724202,0.3753613945177944,-0.1520762597427067,0.6030363362107387,training
2023-05-15,Trading & Exchanges,1154,3936809079.9909286,1131015692.3356194,262573010.80083987,3674236069.1900887,868442681.5347795,5067824772.326548,22.34617752369442,2805793387.655309,0.5536484613628856,-0.5536484613628856,6,0.3972567510928468,0.4905782509260214,2023-05-22,-0.0551407851306666,-0.5536484613628856,0.5220457994724202,0.3753613945177944,-0.1520762597427067,training
2023-05-22,Trading & Exchanges,1162,2158184646.74376,1932614755.871493,212113959.56604,1946070687.17772,1720500796.305453,4090799402.615253,22.13200624110929,225569890.872267,0.0551407851306666,-0.0551407851306666,6,-0.14254435185658318,0.49360729488711225,2023-05-29,0.501969034663768,-0.0551407851306666,-0.5536484613628856,0.5220457994724202,0.3753613945177944,training
2023-05-29,Trading & Exchanges,1173,1319003459.3684397,3977869832.347269,226475464.68664,1092527994.6817997,3751394367.660629,5296873291.715709,22.39038253864798,-2658866372.9788294,-0.501969034663768,0.501969034663768,6,-0.3632463395972878,0.4762901530587139,2023-06-05,0.7148985217441461,0.501969034663768,-0.0551407851306666,-0.5536484613628856,0.5220457994724202,training
2023-06-05,Trading & Exchanges,1188,2299271816.3180714,13830225865.589245,905781311.827941,1393490504.4901304,12924444553.761305,16129497681.907314,23.503915586807373,-11530954049.271172,-0.7148985217441461,0.7148985217441461,6,-0.596067488460941,0.5406188529673045,2023-06-12,0.0133423257309731,0.7148985217441461,0.501969034663768,-0.0551407851306666,-0.5536484613628856,training
2023-06-12,Trading & Exchanges,1200,3064722686.0062404,3147609647.5495987,301644519.8385899,2763078166.16765,2845965127.711009,6212332333.55584,22.54980223960349,-82886961.54335833,-0.0133423257309731,0.0133423257309731,6,-0.0026440048656822092,0.6363929118319941,2023-06-19,-0.6906862511613787,0.0133423257309731,0.7148985217441461,0.501969034663768,-0.0551407851306666,training
2023-06-19,Trading & Exchanges,1207,9944822747.063871,1819421198.532185,391601011.50421095,9553221735.55966,1427820187.027974,11764243945.596056,23.188330594128026,8125401548.531687,0.6906862511613787,-0.6906862511613787,6,0.6382697854148156,0.4600229575161575,2023-06-26,-0.2817226573956342,-0.6906862511613787,0.0133423257309731,0.7148985217441461,0.501969034663768,training
2023-06-26,Trading & Exchanges,1217,2874475390.928933,1610855931.4800112,236472824.25597048,2638002566.6729627,1374383107.2240407,4485331322.408944,22.22407820339842,1263619459.448922,0.2817226573956342,-0.2817226573956342,6,0.23755047073807206,0.4929238922769191,2023-07-03,0.4289648262426804,-0.2817226573956342,-0.6906862511613787,0.0133423257309731,0.7148985217441461,training
2023-07-03,Trading & Exchanges,1222,1440736065.3391602,3605314096.017273,169596251.2827502,1271139814.05641,3435717844.7345223,5046050161.356433,22.341871628129823,-2164578030.678112,-0.4289648262426804,0.4289648262426804,6,-0.3236900229273921,0.4950979913184167,2023-07-10,-0.4393614273984371,0.4289648262426804,-0.2817226573956342,-0.6906862511613787,0.0133423257309731,training
2023-07-10,Trading & Exchanges,1228,5493346394.215613,2139686268.2540493,359458371.5791806,5133888022.636433,1780227896.6748686,7633032662.469663,22.75575106899761,3353660125.961564,0.4393614273984371,-0.4393614273984371,6,0.3643834717425635,0.6062971002539147,2023-07-17,0.3629282792467894,-0.4393614273984371,0.4289648262426804,-0.2817226573956342,-0.6906862511613787,training
2023-07-17,Trading & Exchanges,1248,1879687429.8758807,4021335543.3414025,300349623.2394107,1579337806.63647,3720985920.101992,5901022973.217283,22.49839155828912,-2141648113.4655216,-0.3629282792467894,0.3629282792467894,6,-0.31073435651146347,0.49716482295137737,2023-07-24,0.2899241546135906,0.3629282792467894,-0.4393614273984371,0.4289648262426804,-0.2817226573956342,training
2023-07-24,Trading & Exchanges,1253,1287763147.083292,2339351211.05268,295092779.39161,992670367.691682,2044258431.66107,3627114358.135972,22.01170322670213,-1051588063.969388,-0.2899241546135906,0.2899241546135906,6,-0.15884778500595928,0.4819111121140092,2023-07-31,0.2129361401046019,0.2899241546135906,0.3629282792467894,-0.4393614273984371,0.4289648262426804,training
2023-07-31,Trading & Exchanges,1272,2465271571.679678,3799205041.4564304,489618700.0956,1975652871.584078,3309586341.3608303,6264476613.136108,22.55816088056543,-1333933469.7767525,-0.2129361401046019,0.2129361401046019,6,-0.12378877569720091,0.5911731481255157,2023-08-07,-0.2906701787213365,0.2129361401046019,0.2899241546135906,0.3629282792467894,-0.4393614273984371,training
2023-08-07,Trading & Exchanges,1282,3055758411.8217826,1679391531.5186832,543338422.5730207,2512419989.248762,1136053108.9456625,4735149943.340466,22.27827923031441,1376366880.3030994,0.2906701787213365,-0.2906701787213365,6,0.3014640977131174,0.4754232917424636,2023-08-14,0.7079962934859524,-0.2906701787213365,0.2129361401046019,0.2899241546135906,0.3629282792467894,training
2023-08-14,Trading & Exchanges,1296,1857688653.085462,10866044721.82698,731027888.8475,1126660764.2379622,10135016832.97948,12723733374.91244,23.26673485619003,-9008356068.741516,-0.7079962934859524,0.7079962934859524,6,-0.6542556510810885,0.47265181012798885,2023-08-21,0.3574899697914804,0.7079962934859524,-0.2906701787213365,0.2129361401046019,0.2899241546135906,training
2023-08-21,Trading & Exchanges,1311,1361567975.6757812,2876709752.794541,256427242.29154044,1105140733.3842409,2620282510.5030003,4238277728.470322,22.167422827790745,-1515141777.1187596,-0.3574899697914804,0.3574899697914804,6,-0.25101973855975235,0.5071701073176891,2023-08-28,0.1273925710294292,0.3574899697914804,0.7079962934859524,-0.2906701787213365,0.2129361401046019,training
2023-08-28,Trading & Exchanges,1327,2013393699.4370835,2601267218.158626,265356513.0204204,1748037186.4166632,2335910705.138205,4614660917.59571,22.252504228441488,-587873518.7215426,-0.1273925710294292,0.1273925710294292,6,-0.09451911378832172,0.6281659962245691,2023-09-04,0.3451373393073252,0.1273925710294292,0.3574899697914804,0.7079962934859524,-0.2906701787213365,training
2023-09-04,Trading & Exchanges,1324,1133709074.2730613,2328724019.939063,197019369.60108012,936689704.6719812,2131704650.337983,3462433094.2121243,21.965237385590765,-1195014945.6660018,-0.3451373393073252,0.3451373393073252,6,-0.08926906104143713,0.5438527064953544,2023-09-11,-0.2966772307390509,0.3451373393073252,0.1273925710294292,0.3574899697914804,0.7079962934859524,training
2023-09-11,Trading & Exchanges,1326,2499390676.094521,1355679216.156112,235807735.72519037,2263582940.369331,1119871480.4309216,3855069892.250633,22.07265497434226,1143711459.938409,0.2966772307390509,-0.2966772307390509,6,0.47041718690604595,0.45662691764587005,2023-09-18,-0.0591451124577117,-0.2966772307390509,0.3451373393073252,0.1273925710294292,0.3574899697914804,training
2023-09-18,Trading & Exchanges,1335,1895079269.2111816,1683428051.3083117,181732486.42618984,1713346782.784992,1501695564.8821218,3578507320.5194936,21.998211601115266,211651217.90287015,0.0591451124577117,-0.0591451124577117,6,-0.0005639184785869701,0.5315154392789093,2023-09-25,-0.4682626762081154,-0.0591451124577117,-0.2966772307390509,0.3451373393073252,0.1273925710294292,training
2023-09-25,Trading & Exchanges,1346,4577326890.503459,1657697624.762032,406265934.7204905,4171060955.782969,1251431690.0415416,6235024515.265492,22.55344834811005,2919629265.741427,0.4682626762081154,-0.4682626762081154,6,0.48080833121954714,0.48463552852295894,2023-10-02,0.288217290052391,-0.4682626762081154,-0.0591451124577117,-0.2966772307390509,0.3451373393073252,training
2023-10-02,Trading & Exchanges,1343,1854585404.9093604,3356514496.761102,350902019.82060987,1503683385.0887506,3005612476.940492,5211099901.670463,22.37405678418664,-1501929091.8517418,-0.288217290052391,0.288217290052391,6,-0.2858892488549604,0.4774234775677289,2023-10-09,0.4408395385890425,0.288217290052391,-0.4682626762081154,-0.0591451124577117,-0.2966772307390509,training
2023-10-09,Trading & Exchanges,1373,1368744841.356933,3526969129.2021112,193941209.11435077,1174803632.2425823,3333027920.0877604,4895713970.559044,22.311625959608172,-2158224287.845178,-0.4408395385890425,0.4408395385890425,6,-0.32990187221511874,0.5529616160442952,2023-10-16,-0.6007142279642006,0.4408395385890425,0.288217290052391,-0.4682626762081154,-0.0591451124577117,training
2023-10-16,Trading & Exchanges,1375,6565195792.521427,1637637265.1581914,232986205.23222023,6332209587.289207,1404651059.9259713,8202833057.679619,22.827745426507907,4927558527.363235,0.6007142279642006,-0.6007142279642006,6,0.45644349103372245,0.46291347145683265,2023-10-23,-0.6659245932540336,-0.6007142279642006,0.4408395385890425,0.288217290052391,-0.4682626762081154,training
2023-10-23,Trading & Exchanges,1386,10987569509.635134,2203387096.837941,721046717.4687206,10266522792.166412,1482340379.3692207,13190956606.473076,23.302797326252257,8784182412.797192,0.6659245932540336,-0.6659245932540336,6,0.6472646746239802,0.45726001121080395,2023-10-30,-0.4514866474688438,-0.6659245932540336,-0.6007142279642006,0.4408395385890425,0.288217290052391,training
2023-10-30,Trading & Exchanges,1396,5250250329.472367,1984057114.730373,637390684.3591013,4612859645.113266,1346666430.3712714,7234307444.20274,22.70210046960124,3266193214.741995,0.4514866474688438,-0.4514866474688438,6,0.3887566026540109,0.49060663588344,2023-11-06,-0.6595898622318801,-0.4514866474688438,-0.6659245932540336,-0.6007142279642006,0.4408395385890425,training
2023-11-06,Trading & Exchanges,1403,11452622110.689089,2349127793.093962,1143976090.2172017,10308646020.471886,1205151702.8767607,13801749903.783049,23.34806122576496,9103494317.595123,0.6595898622318801,-0.6595898622318801,6,0.6085828363271751,0.44532856788227115,2023-11-13,0.3173243107924908,-0.6595898622318801,-0.4514866474688438,-0.6659245932540336,-0.6007142279642006,training
2023-11-13,Trading & Exchanges,1413,2655555206.18704,5124288863.754187,525591729.3972704,2129963476.7897692,4598697134.356916,7779844069.941227,22.77480213264039,-2468733657.567147,-0.3173243107924908,0.3173243107924908,6,-0.25059614598469787,0.5191697284701234,2023-11-20,0.0970160380089009,0.3173243107924908,-0.6595898622318801,-0.4514866474688438,-0.6659245932540336,training
2023-11-20,Trading & Exchanges,1429,3116621482.54353,3786317248.884905,356576844.95463026,2760044637.5889,3429740403.930275,6902938731.428435,22.65521306112908,-669695766.3413754,-0.0970160380089009,0.0970160380089009,6,0.05228858324624556,0.52449681650291,2023-11-27,-0.4039963482791674,0.0970160380089009,0.3173243107924908,-0.6595898622318801,-0.4514866474688438,training
2023-11-27,Trading & Exchanges,1438,6415160940.763267,2723268726.2741446,795074116.3430512,5620086824.420216,1928194609.9310932,9138429667.03741,22.93575439890301,3691892214.489122,0.4039963482791674,-0.4039963482791674,6,0.35060720208819174,0.4569139705136082,2023-12-04,-0.6399375562977743,-0.4039963482791674,0.0970160380089009,0.3173243107924908,-0.6595898622318801,training
2023-12-04,Trading & Exchanges,1451,13551665858.052423,2975385194.605777,883976132.0184094,12667689726.034016,2091409062.5873675,16527051052.658203,23.528264333206533,10576280663.446648,0.6399375562977743,-0.6399375562977743,6,0.4855590137747304,0.43224284022411186,2023-12-11,0.3057451682300092,-0.6399375562977743,-0.4039963482791674,0.0970160380089009,0.3173243107924908,training
2023-12-11,Trading & Exchanges,1462,3996410009.759989,7516394300.355391,842343654.7218107,3154066355.0381784,6674050645.633581,11512804310.11538,23.16672567128297,-3519984290.5954022,-0.3057451682300092,0.3057451682300092,6,-0.19551825350487384,0.4765874587796391,2023-12-18,-0.6862721393040381,0.3057451682300092,-0.6399375562977743,-0.4039963482791674,0.0970160380089009,training
2023-12-18,Trading & Exchanges,1475,11801017719.920528,2195557856.298231,626222490.1152189,11174795229.80531,1569335366.1830122,13996575576.21876,23.362078535014582,9605459863.622295,0.6862721393040381,-0.6862721393040381,6,0.5232374287610483,0.44824802349102877,2023-12-25,-0.2259012965741728,-0.6862721393040381,0.3057451682300092,-0.6399375562977743,-0.4039963482791674,training
2023-12-25,Trading & Exchanges,1483,5916817003.118036,3736190167.447495,1016610069.7254596,4900206933.392576,2719580097.7220354,9653007170.56553,22.99053532774906,2180626835.6705413,0.2259012965741728,-0.2259012965741728,6,0.22722455267033442,0.5319818411629333,2024-01-01,-0.1830580428665252,-0.2259012965741728,-0.6862721393040381,0.3057451682300092,-0.6399375562977743,validation
2024-01-01,Trading & Exchanges,1488,8334339774.489119,5755146070.677337,827923828.3404117,7506415946.148706,4927222242.3369255,14089485845.166454,23.368694671500386,2579193703.811782,0.1830580428665252,-0.1830580428665252,6,0.1157277681717664,0.451779240900313,2024-01-08,-0.4812418023439638,-0.1830580428665252,-0.2259012965741728,-0.6862721393040381,0.3057451682300092,validation
2024-01-08,Trading & Exchanges,1504,10627562251.347923,3721968304.069205,715346190.8930708,9912216060.454851,3006622113.176134,14349530555.417128,23.38698306477841,6905593947.278719,0.4812418023439638,-0.4812418023439638,6,0.4261164415831331,0.5446811789996822,2024-01-15,0.1531082850071486,-0.4812418023439638,-0.1830580428665252,-0.2259012965741728,-0.6862721393040381,validation
2024-01-15,Trading & Exchanges,1511,3822948547.858296,5205238834.729489,608369432.9526292,3214579114.9056664,4596869401.77686,9028187382.587784,22.923617451511262,-1382290286.871194,-0.1531082850071486,0.1531082850071486,6,-0.0740696647501192,0.5934657048301976,2024-01-22,0.1850242061988709,0.1531082850071486,-0.4812418023439638,-0.1830580428665252,-0.2259012965741728,validation
2024-01-22,Trading & Exchanges,1519,4032713364.947555,5863809686.709168,411253924.2312309,3621459440.716324,5452555762.477938,9896523051.656725,23.01544932559705,-1831096321.7616131,-0.1850242061988709,0.1850242061988709,6,-0.24221664058005515,0.5825958098203512,2024-01-29,-0.1175379674485656,0.1850242061988709,0.1531082850071486,-0.4812418023439638,-0.1830580428665252,validation
2024-01-29,Trading & Exchanges,1523,4628559402.371768,3654934379.838,394389536.36926985,4234169866.002498,3260544843.4687304,8283493782.209768,22.83753067083975,973625022.5337676,0.1175379674485656,-0.1175379674485656,6,0.21129636024756582,0.4769467882092648,2024-02-05,-0.6866295925876769,-0.1175379674485656,0.1850242061988709,0.1531082850071486,-0.4812418023439638,validation
2024-02-05,Trading & Exchanges,1534,16306947686.16968,3029778952.3699417,722719980.2178497,15584227705.95183,2307058972.152092,19336726638.53962,23.685272059261877,13277168733.799738,0.6866295925876769,-0.6866295925876769,6,0.537028190251548,0.4410144541518782,2024-02-12,-0.761072254411112,-0.6866295925876769,-0.1175379674485656,0.1850242061988709,0.1531082850071486,validation
2024-02-12,Trading & Exchanges,1536,13780795726.26394,1869664601.80718,526937190.8529898,13253858535.410952,1342727410.9541905,15650460328.07112,23.473766167498145,11911131124.45676,0.761072254411112,-0.761072254411112,6,0.5382915934122291,0.4729128768449191,2024-02-19,-0.0976605055095991,-0.761072254411112,-0.6866295925876769,-0.1175379674485656,0.1850242061988709,validation
2024-02-19,Trading & Exchanges,1543,6014459741.609442,4944228689.68685,750074290.7999114,5264385450.80953,4194154398.886938,10958688431.296291,23.11739844271932,1070231051.9225922,0.0976605055095991,-0.0976605055095991,6,0.20302331051986497,0.54044660504661,2024-02-26,-0.7168247723927645,-0.0976605055095991,-0.761072254411112,-0.6866295925876769,-0.1175379674485656,validation
2024-02-26,Trading & Exchanges,1566,30873731427.20832,5092351918.827204,3492300473.751493,27381430953.456825,1600051445.0757108,35966083346.03552,24.305842202070803,25781379508.38111,0.7168247723927645,-0.7168247723927645,6,0.5083167293746402,0.46021116056780703,2024-03-04,-0.6643619497874068,-0.7168247723927645,-0.0976605055095991,-0.761072254411112,-0.6866295925876769,validation
2024-03-04,Trading & Exchanges,1582,26784046328.433277,5401316154.594494,3478390028.204855,23305656300.228416,1922926126.389639,32185362483.027767,24.194777604902026,21382730173.83878,0.6643619497874068,-0.6643619497874068,6,0.6052535865645822,0.4874635568594387,2024-03-11,0.3071889315678495,-0.6643619497874068,-0.7168247723927645,-0.0976605055095991,-0.761072254411112,validation
2024-03-11,Trading & Exchanges,1592,9144574020.73392,17253889968.671818,2182919803.8890605,6961654216.844858,15070970164.782757,26398463989.40574,23.996571663224437,-8109315947.937899,-0.3071889315678495,0.3071889315678495,6,-0.22725947552671885,0.4541915351024181,2024-03-18,0.1387924592511557,0.3071889315678495,-0.6643619497874068,-0.7168247723927645,-0.0976605055095991,validation
2024-03-18,Trading & Exchanges,1601,12401696370.545109,16399018402.02059,1012976311.97547,11388720058.569635,15386042090.04512,28800714772.565697,24.083666042306923,-3997322031.475483,-0.1387924592511557,0.1387924592511557,6,-0.19361839999181737,0.5305410194988196,2024-03-25,-0.4984966226433487,0.1387924592511557,0.3071889315678495,-0.6643619497874068,-0.7168247723927645,validation
2024-03-25,Trading & Exchanges,1624,14859820095.138536,4973150991.477338,954425529.238802,13905394565.899733,4018725462.238536,19832971086.61587,23.71061159617313,9886669103.661198,0.4984966226433487,-0.4984966226433487,6,0.3955701799682047,0.4788865569679969,2024-04-01,0.469491732842885,-0.4984966226433487,0.1387924592511557,0.3071889315678495,-0.6643619497874068,validation
2024-04-01,Trading & Exchanges,1636,6457673759.250361,17887559516.210968,1586954491.6595354,4870719267.590826,16300605024.551434,24345233275.46133,23.91560190864489,-11429885756.960606,-0.469491732842885,0.469491732842885,6,-0.2919568695955335,0.4581327296750904,2024-04-08,0.6639028356948967,0.469491732842885,-0.4984966226433487,0.1387924592511557,0.3071889315678495,validation
2024-04-08,Trading & Exchanges,1643,7938041661.945152,39298546473.85437,3661736680.2010345,4276304981.7441177,35636809793.653336,47236588135.79952,24.5784346016368,-31360504811.909218,-0.6639028356948967,0.6639028356948967,6,-0.46657518969747025,0.4265085712007676,2024-04-15,-0.2454337081226076,0.6639028356948967,0.469491732842885,-0.4984966226433487,0.1387924592511557,validation
2024-04-15,Trading & Exchanges,1647,7148890560.278257,4331271753.707353,1130915463.2090485,6017975097.069209,3200356290.4983044,11480162313.985613,23.163886366673907,2817618806.5709047,0.2454337081226076,-0.2454337081226076,6,0.15144855716041442,0.5041862942961027,2024-04-22,0.1393375150676092,-0.2454337081226076,0.6639028356948967,0.469491732842885,-0.4984966226433487,validation
2024-04-22,Trading & Exchanges,1660,6035704489.90584,7990013130.120259,667945204.5127496,5367759285.39309,7322067925.60751,14025717620.0261,23.36415845432076,-1954308640.2144196,-0.1393375150676092,0.1393375150676092,6,0.016855876383393933,0.5248578013426362,2024-04-29,-0.0650930805028027,0.1393375150676092,-0.2454337081226076,0.6639028356948967,0.469491732842885,validation
2024-04-29,Trading & Exchanges,1669,6278042397.342938,5510678254.901348,666028794.9495897,5612013602.393349,4844649459.951758,11788720652.244286,23.19040903443272,767364142.4415903,0.0650930805028027,-0.0650930805028027,6,-0.08810016234544558,0.4730496286212004,2024-05-06,0.76517820097476,-0.0650930805028027,0.1393375150676092,-0.2454337081226076,0.6639028356948967,validation
2024-05-06,Trading & Exchanges,1684,2801790321.18423,21061329140.59178,942149841.60407,1859640479.58016,20119179298.987717,23863119461.77601,23.895599985337643,-18259538819.40755,-0.76517820097476,0.76517820097476,6,-0.5111335709599781,0.5839842827886174,2024-05-13,-0.3516406534184736,0.76517820097476,-0.0650930805028027,0.1393375150676092,-0.2454337081226076,validation
2024-05-13,Trading & Exchanges,1702,17304483136.178192,8300670263.747922,1018137786.9449384,16286345349.233252,7282532476.802983,25605153399.926117,23.96605947289653,9003812872.430271,0.3516406534184736,-0.3516406534184736,6,0.3446121474261256,0.47798046642431014,2024-05-20,-0.6620225347867833,-0.3516406534184736,0.76517820097476,-0.0650930805028027,0.1393375150676092,validation
2024-05-20,Trading & Exchanges,1721,20769581413.058605,4223559147.124091,771705824.7636622,19997875588.294945,3451853322.360429,24993140560.182697,23.941867246613512,16546022265.934511,0.6620225347867833,-0.6620225347867833,6,0.48933859236497707,0.4874376114312849,2024-05-27,0.1904123110814822,-0.6620225347867833,-0.3516406534184736,0.76517820097476,-0.0650930805028027,validation
2024-05-27,Trading & Exchanges,1732,5729041235.651795,8423943830.869897,757139945.9289286,4971901289.722867,7666803884.940968,14152985066.521692,23.373191397622428,-2694902595.218101,-0.1904123110814822,0.1904123110814822,6,-0.0417699297078743,0.5969657546089754,2024-06-03,-0.0757083126743989,0.1904123110814822,-0.6620225347867833,-0.3516406534184736,0.76517820097476,validation
2024-06-03,Trading & Exchanges,1747,7412287289.390091,6368934259.3434105,752140981.5543715,6660146307.835719,5616793277.789039,13781221548.7335,23.34657274517297,1043353030.0466805,0.0757083126743989,-0.0757083126743989,6,0.07492982523235574,0.5156565555420306,2024-06-10,0.6750754895738906,-0.0757083126743989,0.1904123110814822,-0.6620225347867833,-0.3516406534184736,validation
2024-06-10,Trading & Exchanges,1762,3228585668.3535614,16644249804.22781,1272175287.9039242,1956410380.4496367,15372074516.323883,19872835472.58137,23.712619584566397,-13415664135.874249,-0.6750754895738906,0.6750754895738906,6,-0.44087679716656536,0.47296956844686355,2024-06-17,0.6373317532206563,0.6750754895738906,-0.0757083126743989,0.1904123110814822,-0.6620225347867833,validation
2024-06-17,Trading & Exchanges,1774,2867855380.111708,12947454648.15543,1070097245.5250292,1797758134.586679,11877357402.630402,15815310028.267138,23.48424429700648,-10079599268.043722,-0.6373317532206563,0.6373317532206563,6,-0.36993525181127934,0.427938574778175,2024-06-24,0.4742867104891285,0.6373317532206563,0.6750754895738906,-0.0757083126743989,0.1904123110814822,validation
2024-06-24,Trading & Exchanges,1775,2909077476.19078,8158086068.019463,382710762.91389024,2526366713.27689,7775375305.105573,11067163544.210243,23.12724832185641,-5249008591.828682,-0.4742867104891285,0.4742867104891285,6,-0.2818285925950045,0.45216621687366654,2024-07-01,0.7611787692513909,0.4742867104891285,0.6373317532206563,0.6750754895738906,-0.0757083126743989,validation
2024-07-01,Trading & Exchanges,1779,2551837030.0079536,18818432455.74057,574471070.105211,1977365959.9027424,18243961385.63536,21370269485.748524,23.78526651671497,-16266595425.732616,-0.7611787692513909,0.7611787692513909,6,-0.5257921448699316,0.4597930743838907,2024-07-08,-0.710891935395214,0.7611787692513909,0.4742867104891285,0.6373317532206563,0.6750754895738906,validation
2024-07-08,Trading & Exchanges,1782,13027627221.617798,2201420215.102313,557123890.4988893,12470503331.118908,1644296324.603424,15229047436.720112,23.446470456770736,10826207006.515484,0.710891935395214,-0.710891935395214,6,0.535690487561577,0.48912815204847354,2024-07-15,-0.7927728012962132,-0.710891935395214,0.7611787692513909,0.4742867104891285,0.6373317532206563,validation
2024-07-15,Trading & Exchanges,1793,20668718340.585163,2389103961.9857345,802254628.5845206,19866463712.00064,1586849333.401214,23057822302.570896,23.861270911229557,18279614378.59943,0.7927728012962132,-0.7927728012962132,6,0.5688332878289585,0.4654263793246881,2024-07-22,0.1225201286400234,-0.7927728012962132,-0.710891935395214,0.7611787692513909,0.4742867104891285,validation
2024-07-22,Trading & Exchanges,1802,5786191945.608521,7402012443.947896,598935879.6563299,5187256065.952191,6803076564.291566,13188204389.556416,23.30258866025816,-1615820498.3393743,-0.1225201286400234,0.1225201286400234,6,-0.19476973406125347,0.48140853878836926,2024-07-29,0.8376550032903697,0.1225201286400234,-0.7927728012962132,-0.710891935395214,0.7611787692513909,validation
2024-07-29,Trading & Exchanges,1801,3230366181.57619,36565947188.69675,1629400881.9526198,1600965299.6235702,34936546306.744125,39796313370.27293,24.407040116084,-33335581007.12056,-0.8376550032903697,0.8376550032903697,6,-0.6142504980486284,0.46548103423867104,2024-08-05,-0.3720785957585242,0.8376550032903697,0.1225201286400234,-0.7927728012962132,-0.710891935395214,validation
2024-08-05,Trading & Exchanges,1802,12039531555.259136,5509800665.907596,457334631.27768105,11582196923.981457,5052466034.629914,17549332221.166733,23.588281736115377,6529730889.351541,0.3720785957585242,-0.3720785957585242,6,0.11717202393752085,0.4945753971430146,2024-08-12,-0.5078427153204007,-0.3720785957585242,0.8376550032903697,0.1225201286400234,-0.7927728012962132,validation
2024-08-12,Trading & Exchanges,1802,6624785983.707662,2162318820.257206,407809884.5765806,6216976099.131081,1754508935.6806254,8787104803.964867,22.89655112066393,4462467163.450456,0.5078427153204007,-0.5078427153204007,6,0.3536511819630045,0.5276772952650501,2024-08-19,-0.7278668868251813,-0.5078427153204007,-0.3720785957585242,0.8376550032903697,0.1225201286400234,validation
2024-08-19,Trading & Exchanges,1799,19099999700.276634,3008184495.985582,979615982.1960584,18120383718.08057,2028568513.7895236,22108184196.26221,23.819213702584467,16091815204.291052,0.7278668868251813,-0.7278668868251813,6,0.49608913962898105,0.45026708214504935,2024-08-26,0.7680805530763349,-0.7278668868251813,-0.5078427153204007,-0.3720785957585242,0.8376550032903697,validation
2024-08-26,Trading & Exchanges,1799,2794929267.1815343,21307657249.433167,828529318.6354328,1966399948.5461016,20479127930.797733,24102586516.6147,23.905584996066523,-18512727982.251637,-0.7680805530763349,0.7680805530763349,6,-0.5352075066385061,0.44997639038247933,2024-09-02,0.5921014261682994,0.7680805530763349,-0.7278668868251813,-0.5078427153204007,-0.3720785957585242,validation
2024-09-02,Trading & Exchanges,1795,2314518082.448879,9033979955.712206,318295856.3123404,1996222226.1365385,8715684099.399866,11348498038.161083,23.15235124076581,-6719461873.263327,-0.5921014261682994,0.5921014261682994,6,-0.38205667782017816,0.4449039102890494,2024-09-09,-0.5678661452862054,0.5921014261682994,0.7680805530763349,-0.7278668868251813,-0.5078427153204007,validation
2024-09-09,Trading & Exchanges,1797,12389897825.732117,3414892478.570816,345552281.81416994,12044345543.917944,3069340196.7566457,15804790304.30293,23.48357891490832,8975005347.161299,0.5678661452862054,-0.5678661452862054,6,0.41324515948401674,0.4503702090508803,2024-09-16,-0.632634588958872,-0.5678661452862054,0.5921014261682994,0.7680805530763349,-0.7278668868251813,validation
2024-09-16,Trading & Exchanges,1794,15792388754.261236,3553506354.248026,631731743.5712111,15160657010.690023,2921774610.676815,19345895108.509266,23.685746094874084,12238882400.01321,0.632634588958872,-0.632634588958872,6,0.5318154921413323,0.45159152585650053,2024-09-23,-0.541692573992561,-0.632634588958872,-0.5678661452862054,0.5921014261682994,0.7680805530763349,validation
2024-09-23,Trading & Exchanges,1794,13284646290.241446,3949199827.130521,1450497789.2538192,11834148500.987629,2498702037.8767023,17233846117.371967,23.570141084768103,9335446463.110924,0.541692573992561,-0.541692573992561,6,0.4018409017530946,0.43506017692619636,2024-09-30,0.8090077383126877,-0.541692573992561,-0.632634588958872,-0.5678661452862054,0.5921014261682994,validation
2024-09-30,Trading & Exchanges,1791,2657006379.709969,25166177200.993965,862092077.9737098,1794914301.7362597,24304085123.020256,27823183580.703934,24.049135451894664,-22509170821.284,-0.8090077383126877,0.8090077383126877,6,-0.614415264655136,0.5501569537879522,2024-10-07,-0.1886968489068744,0.8090077383126877,-0.541692573992561,-0.632634588958872,-0.5678661452862054,validation
2024-10-07,Trading & Exchanges,1787,4497638434.385891,3069704641.389769,325632441.95114994,4172005992.434741,2744072199.438619,7567343075.77566,22.74710786217678,1427933792.996122,0.1886968489068744,-0.1886968489068744,6,-0.09352835592593833,0.4804553672138602,2024-10-14,-0.6028142944123206,-0.1886968489068744,0.8090077383126877,-0.541692573992561,-0.632634588958872,validation
2024-10-14,Trading & Exchanges,1781,16741994897.86901,4148753277.056072,646390261.0422434,16095604636.826769,3502363016.0138288,20890748174.925083,23.76257222690107,12593241620.81294,0.6028142944123206,-0.6028142944123206,6,0.4900996260916975,0.4625015259936531,2024-10-21,0.5367599327845409,-0.6028142944123206,-0.1886968489068744,0.8090077383126877,-0.541692573992561,validation
2024-10-21,Trading & Exchanges,1781,3155753183.7523165,10468945572.214895,836662216.939921,2319090966.812396,9632283355.274977,13624698755.967213,23.33515006767091,-7313192388.462579,-0.5367599327845409,0.5367599327845409,6,-0.3864091767504065,0.481218254471492,2024-10-28,0.2509524427227099,0.5367599327845409,-0.6028142944123206,-0.1886968489068744,0.8090077383126877,validation
2024-10-28,Trading & Exchanges,1784,4214516769.31815,7038485068.475648,578990055.3303015,3635526713.987848,6459495013.145347,11253001837.793798,23.14390076011902,-2823968299.157498,-0.2509524427227099,0.2509524427227099,6,-0.13947343583718583,0.44513770524476276,2024-11-04,-0.8227021502417787,0.2509524427227099,0.5367599327845409,-0.6028142944123206,-0.1886968489068744,validation
2024-11-04,Trading & Exchanges,1778,48578787653.89744,4725354931.827314,3009571976.507376,45569215677.39006,1715782955.319939,53304142585.724754,24.699279887175397,43853432722.07012,0.8227021502417787,-0.8227021502417787,6,0.631868284285929,0.44671340747051286,2024-11-11,-0.712412203291855,-0.8227021502417787,0.2509524427227099,0.5367599327845409,-0.6028142944123206,validation
2024-11-11,Trading & Exchanges,1779,31814394945.535465,5343007792.400032,1029742459.8532584,30784652485.682205,4313265332.546774,37157402737.9355,24.33842885444869,26471387153.135437,0.712412203291855,-0.712412203291855,6,0.4975610786068433,0.45814405675985137,2024-11-18,-0.7229016133111005,-0.712412203291855,-0.8227021502417787,0.2509524427227099,0.5367599327845409,validation
2024-11-18,Trading & Exchanges,1781,30950088156.76004,4977776693.606725,1443014359.2037537,29507073797.55629,3534762334.4029717,35927864850.36677,24.304779011072768,25972311463.15332,0.7229016133111005,-0.7229016133111005,6,0.5039571758930341,0.4289804298048318,2024-11-25,-0.2673909567385996,-0.7229016133111005,-0.712412203291855,-0.8227021502417787,0.2509524427227099,validation
2024-11-25,Trading & Exchanges,1776,16018320284.316193,9259310424.895164,1670999883.634251,14347320400.681942,7588310541.260912,25277630709.21136,23.953185679926698,6759009859.42103,0.2673909567385996,-0.2673909567385996,6,0.27564916691936664,0.4472656780713901,2024-12-02,-0.6904473865540012,-0.2673909567385996,-0.7229016133111005,-0.712412203291855,-0.8227021502417787,validation
2024-12-02,Trading & Exchanges,1776,32056878598.20775,5870215558.276008,2335939946.531716,29720938651.676037,3534275611.744292,37927094156.48376,24.358931579047663,26186663039.93174,0.6904473865540012,-0.6904473865540012,6,0.517676928921887,0.4347096286170807,2024-12-09,0.0644483638950875,-0.6904473865540012,-0.2673909567385996,-0.7229016133111005,-0.712412203291855,validation
2024-12-09,Trading & Exchanges,1775,13246376914.543713,15071412084.6693,2166335178.596407,11080041735.947306,12905076906.072891,28317788999.213013,24.06675603069777,-1825035170.1255877,-0.0644483638950875,0.0644483638950875,6,-0.028062758383353974,0.49500250198901835,2024-12-16,0.6478485955283423,0.0644483638950875,-0.6904473865540012,-0.2673909567385996,-0.7229016133111005,validation
2024-12-16,Trading & Exchanges,1771,9498820649.234043,44448547037.60159,3278564829.50012,6220255819.733925,41169982208.10146,53947367686.83563,24.71127473576114,-34949726388.36754,-0.6478485955283423,0.6478485955283423,6,-0.47653181657732296,0.4290900130850612,2024-12-23,-0.3792552847752935,0.6478485955283423,0.0644483638950875,-0.6904473865540012,-0.2673909567385996,validation
2024-12-23,Trading & Exchanges,1770,14201642322.056017,6391561095.496565,605225108.8443601,13596417213.211657,5786335986.6522045,20593203417.55258,23.74822692716447,7810081226.559452,0.3792552847752935,-0.3792552847752935,6,0.3139555601128143,0.5579748279815666,2024-12-30,-0.6773773668202181,-0.3792552847752935,0.6478485955283423,0.0644483638950875,-0.6904473865540012,validation
2024-12-30,Trading & Exchanges,1770,23558223062.483875,4531130625.580825,1278808551.1707995,22279414511.31308,3252322074.410025,28089353688.0647,24.0586564692206,19027092436.90305,0.6773773668202181,-0.6773773668202181,6,0.5138288499141146,0.43129243603392353,2025-01-06,0.5616943895322926,-0.6773773668202181,-0.3792552847752935,0.6478485955283423,0.0644483638950875,test
2025-01-06,Trading & Exchanges,1769,7969257138.648663,28394672267.34193,3270170527.289932,4699086611.358731,25124501740.052,36363929405.99059,24.316843169915792,-20425415128.693268,-0.5616943895322926,0.5616943895322926,6,-0.4591738823572982,0.4216773148314534,2025-01-13,-0.7646758429763169,0.5616943895322926,-0.6773773668202181,-0.3792552847752935,0.6478485955283423,test
2025-01-13,Trading & Exchanges,1768,33677946708.470787,4491042618.962042,894469340.0731009,32783477368.39769,3596573278.888941,38168989327.43283,24.36528922518776,29186904089.508743,0.7646758429763169,-0.7646758429763169,6,0.6253815603738578,0.4528024627298613,2025-01-20,-0.4916463920180074,-0.7646758429763169,0.5616943895322926,-0.6773773668202181,-0.3792552847752935,test
2025-01-20,Trading & Exchanges,1774,16910893115.322638,5763238241.565981,814452331.7517326,16096440783.570906,4948785909.814248,22674131356.88862,23.844490523851693,11147654873.756657,0.4916463920180074,-0.4916463920180074,6,0.3905107966177436,0.45257196534088123,2025-01-27,0.2305800750117685,-0.4916463920180074,-0.7646758429763169,0.5616943895322926,-0.6773773668202181,test
2025-01-27,Trading & Exchanges,1771,5553221113.495118,8881604222.175924,775071101.4280624,4778150012.067056,8106533120.747862,14434825335.671043,23.392909549999956,-3328383108.680806,-0.2305800750117685,0.2305800750117685,6,-0.18811799743744773,0.4609193273991577,2025-02-03,-0.2340653360507017,0.2305800750117685,-0.4916463920180074,-0.7646758429763169,0.5616943895322926,test
2025-02-03,Trading & Exchanges,1761,13687101768.48832,8495032951.039988,568638494.0413405,13118463274.44698,7926394456.998648,22182134719.52831,23.822553059527177,5192068817.448333,0.2340653360507017,-0.2340653360507017,6,0.059445377911885776,0.5115056138168544,2025-02-10,-0.1993135152063018,-0.2340653360507017,0.2305800750117685,-0.4916463920180074,-0.7646758429763169,test
2025-02-10,Trading & Exchanges,1762,9533335325.971706,6364651655.909032,428016794.0994715,9105318531.872234,5936634861.809561,15897986981.880735,23.489458333307255,3168683670.0626745,0.1993135152063018,-0.1993135152063018,6,0.21109233467995603,0.5915561545772848,2025-02-17,0.1885160273522906,-0.1993135152063018,-0.2340653360507017,0.2305800750117685,-0.4916463920180074,test
2025-02-17,Trading & Exchanges,1761,7509815818.500001,10999029880.564096,438151779.8939095,7071664038.606092,10560878100.670183,18508845699.06409,23.641514600704756,-3489214062.0640936,-0.1885160273522906,0.1885160273522906,6,-0.0027272865503804172,0.4740338565802376,2025-02-24,0.7535024775572576,0.1885160273522906,-0.1993135152063018,-0.2340653360507017,0.2305800750117685,test
2025-02-24,Trading & Exchanges,1758,4510939165.574883,32089340795.63817,1002619476.8259228,3508319688.7489605,31086721318.81225,36600279961.21306,24.323321726565272,-27578401630.06329,-0.7535024775572576,0.7535024775572576,6,-0.581197774439665,0.4330431980645843,2025-03-03,0.8274065057589576,0.7535024775572576,0.1885160273522906,-0.1993135152063018,-0.2340653360507017,test
2025-03-03,Trading & Exchanges,1753,3256321998.8879027,34477684293.84238,955994607.0732516,2300327391.8146515,33521689686.769127,37734006292.73028,24.353827548527843,-31221362294.954475,-0.8274065057589576,0.8274065057589576,6,-0.6051758487152249,0.441725035283891,2025-03-10,-0.3651500450474662,0.8274065057589576,0.7535024775572576,0.1885160273522906,-0.1993135152063018,test
2025-03-10,Trading & Exchanges,1753,11222274835.860258,5218811441.172477,292608854.54552084,10929665981.314735,4926202586.626956,16441086277.032734,23.523049299697696,6003463394.687781,0.3651500450474662,-0.3651500450474662,6,0.1202349927519567,0.43816164345735725,2025-03-17,-0.3975864270411961,-0.3651500450474662,0.8274065057589576,0.7535024775572576,0.1885160273522906,test
2025-03-17,Trading & Exchanges,1752,15162889286.24891,6535789225.319032,513539644.3297812,14649349641.91913,6022249580.98925,21698678511.567944,23.80051719760012,8627100060.929878,0.3975864270411961,-0.3975864270411961,6,0.3342734502389882,0.5238413079364932,2025-03-24,0.6300920951669076,-0.3975864270411961,-0.3651500450474662,0.8274065057589576,0.7535024775572576,test
2025-03-24,Trading & Exchanges,1748,3668862231.522233,16167762958.618944,337224839.0765998,3331637392.4456334,15830538119.542343,19836625190.14118,23.710795823081316,-12498900727.09671,-0.6300920951669076,0.6300920951669076,6,-0.3247647157841595,0.4072314252371754,2025-03-31,-0.2298515044013138,0.6300920951669076,-0.3975864270411961,-0.3651500450474662,0.8274065057589576,test
2025-03-31,Trading & Exchanges,1749,9948803648.726656,6230066097.941969,455543343.71557015,9493260305.011086,5774522754.226398,16178869746.668625,23.50697189123374,3718737550.784687,0.2298515044013138,-0.2298515044013138,6,0.14541851728194408,0.46842834133919514,2025-04-07,-0.7893145717929453,-0.2298515044013138,0.6300920951669076,-0.3975864270411961,-0.3651500450474662,test
2025-04-07,Trading & Exchanges,1747,23304521016.269787,2744024481.147113,476940834.1906097,22827580182.079178,2267083646.956503,26048545497.4169,23.983227768593363,20560496535.122677,0.7893145717929453,-0.7893145717929453,6,0.5704957247888491,0.42400495536045835,2025-04-14,0.1404088832031153,-0.7893145717929453,-0.2298515044013138,0.6300920951669076,-0.3975864270411961,test
2025-04-14,Trading & Exchanges,1738,3405042871.842419,4517428185.165972,192090021.5931506,3212952850.2492685,4325338163.572822,7922471057.00839,22.792968996383944,-1112385313.3235526,-0.1404088832031153,0.1404088832031153,6,-0.036562413510252766,0.4425506838648166,2025-04-21,-0.7495906426971,0.1404088832031153,-0.7893145717929453,-0.2298515044013138,0.6300920951669076,test
2025-04-21,Trading & Exchanges,1735,18681624772.75478,2673798966.7731404,652678625.8053199,18028946146.94946,2021120340.967821,21355423739.52792,23.784571583727494,16007825805.98164,0.7495906426971,-0.7495906426971,6,0.5458912813508618,0.42377688639661854,2025-04-28,-0.2973013593958649,-0.7495906426971,0.1404088832031153,-0.7893145717929453,-0.2298515044013138,test
2025-04-28,Trading & Exchanges,1736,8142212074.179163,4410325568.995553,316174073.71642065,7826038000.462742,4094151495.279133,12552537643.174717,23.253188684807075,3731886505.18361,0.2973013593958649,-0.2973013593958649,6,0.30343808382274856,0.4264224738048233,2025-05-05,-0.7747782797028985,-0.2973013593958649,-0.7495906426971,0.1404088832031153,-0.7893145717929453,test
2025-05-05,Trading & Exchanges,1736,43607385350.13609,5533835104.101218,1398640330.5596185,42208745019.57648,4135194773.5416,49141220454.23731,24.617964040019945,38073550246.03488,0.7747782797028985,-0.7747782797028985,6,0.5745315424799522,0.4395810486932741,2025-05-12,0.3413170851295953,-0.7747782797028985,-0.2973013593958649,-0.7495906426971,0.1404088832031153,test
2025-05-12,Trading & Exchanges,1740,4843127377.230216,9862362222.976273,556315743.8063802,4286811633.423836,9306046479.169891,14705489600.20649,23.41148670327784,-5019234845.746057,-0.3413170851295953,0.3413170851295953,6,-0.21246579725451903,0.45732677698599483,2025-05-19,0.0047271037155847,0.3413170851295953,-0.7747782797028985,-0.2973013593958649,-0.7495906426971,test
2025-05-19,Trading & Exchanges,1737,7476328617.8226385,7547347091.08797,287489453.17772025,7188839164.644918,7259857637.91025,15023675708.910608,23.43289317437576,-71018473.26533127,-0.0047271037155847,0.0047271037155847,6,0.0775746102281136,0.4602487096262339,2025-05-26,0.6178219351681146,0.0047271037155847,0.3413170851295953,-0.7747782797028985,-0.2973013593958649,test
2025-05-26,Trading & Exchanges,1735,4350624366.32348,18416900861.673344,533479364.2297506,3817145002.093729,17883421497.443592,22767525227.996822,23.84860102552013,-14066276495.349863,-0.6178219351681146,0.6178219351681146,6,-0.38093373405788644,0.43803731566662124,2025-06-02,0.1352785692217578,0.6178219351681146,0.0047271037155847,0.3413170851295953,-0.7747782797028985,test
2025-06-02,Trading & Exchanges,1739,5516447826.101664,7242453780.250121,211383417.87570012,5305064408.225964,7031070362.374421,12758901606.351784,23.269495030229336,-1726005954.1484575,-0.1352785692217578,0.1352785692217578,6,-0.07956418030964689,0.4830290063495003,2025-06-09,0.0344798286729204,0.1352785692217578,0.6178219351681146,0.0047271037155847,0.3413170851295953,test
2025-06-09,Trading & Exchanges,1738,5143291750.777292,5510637402.682001,373704483.8985101,4769587266.878782,5136932918.783491,10653929153.459291,23.08919459575319,-367345651.90470886,-0.0344798286729204,0.0344798286729204,6,-0.0037336172660966116,0.4871939376774089,2025-06-16,0.751716952797934,0.0344798286729204,0.1352785692217578,0.6178219351681146,0.0047271037155847,test
2025-06-16,Trading & Exchanges,1721,2085608766.9888303,14714642321.370422,497127571.0020398,1588481195.986791,14217514750.368383,16800251088.359253,23.54465966903913,-12629033554.381592,-0.751716952797934,0.751716952797934,6,-0.4630922431471438,0.41076837445312875,2025-06-23,-0.7453642391365343,0.751716952797934,0.0344798286729204,0.1352785692217578,0.6178219351681146,test
2025-06-23,Trading & Exchanges,1731,19367663269.011757,2825599128.2897,371227198.4804295,18996436070.53132,2454371929.80927,22193262397.301453,23.823054584188537,16542064140.722054,0.7453642391365343,-0.7453642391365343,6,0.6447459187772089,0.45875704975689835,2025-06-30,0.4998188131371969,-0.7453642391365343,0.751716952797934,0.0344798286729204,0.1352785692217578,test
2025-06-30,Trading & Exchanges,1735,2198111583.079093,6591149751.862009,186883226.94,2011228356.139093,6404266524.922009,8789261334.941101,22.896796510520936,-4393038168.782916,-0.4998188131371969,0.4998188131371969,6,-0.003965562729062934,0.44564622479152455,2025-07-07,-0.8413048203091668,0.4998188131371969,-0.7453642391365343,0.751716952797934,0.0344798286729204,test
2025-07-07,Trading & Exchanges,1734,40715096851.15207,3509082005.1393547,610648890.7175514,40104447960.43452,2898433114.4218035,44224178856.29143,24.512537509432462,37206014846.01271,0.8413048203091668,-0.8413048203091668,6,0.7303882443815963,0.5058896992786779,2025-07-14,-0.6167035513461329,-0.8413048203091668,0.4998188131371969,-0.7453642391365343,0.751716952797934,test
2025-07-14,Trading & Exchanges,1732,25795910788.093006,6115828091.448995,649820050.5774883,25146090737.51552,5466008040.871507,31911738879.542,24.186239769031143,19680082696.64401,0.6167035513461329,-0.6167035513461329,6,0.5542472553070241,0.5771585852141885,2025-07-21,0.0059557695341202,-0.6167035513461329,-0.8413048203091668,0.4998188131371969,-0.7453642391365343,test
2025-07-21,Trading & Exchanges,1729,8101889356.970054,8198973539.589253,457732916.36506015,7644156440.604994,7741240623.224194,16300862896.559307,23.514483881858503,-97084182.61919975,-0.0059557695341202,0.0059557695341202,6,0.10382316464475196,0.4950695777851614,2025-07-28,0.7785288635281284,0.0059557695341202,-0.6167035513461329,-0.8413048203091668,0.4998188131371969,test
2025-07-28,Trading & Exchanges,1731,4122265661.42583,33103945637.213417,868508735.8109825,3253756925.614847,32235436901.402435,37226211298.63925,24.340278954937084,-28981679975.787582,-0.7785288635281284,0.7785288635281284,6,-0.56606482767228,0.4632940860562779,2025-08-04,-0.8171158876667822,0.7785288635281284,0.0059557695341202,-0.6167035513461329,-0.8413048203091668,test
2025-08-04,Trading & Exchanges,1728,32437785993.54497,3264709608.0930943,746339744.1635619,31691446249.38141,2518369863.9295325,35702495601.63807,24.298486428124576,29173076385.45188,0.8171158876667822,-0.8171158876667822,6,0.6740774228678851,0.5117551637725714,2025-08-11,-0.1309580028022514,-0.8171158876667822,0.7785288635281284,0.0059557695341202,-0.6167035513461329,test
2025-08-11,Trading & Exchanges,1729,10461642956.060234,8038854728.449201,331569007.18307084,10130073948.877165,7707285721.2661295,18500497684.509438,23.641063470588268,2422788227.611033,0.1309580028022514,-0.1309580028022514,6,0.185952798176882,0.48739662934057193,2025-08-18,0.7678915116985822,-0.1309580028022514,-0.8171158876667822,0.7785288635281284,0.0059557695341202,test
2025-08-18,Trading & Exchanges,1726,931077520.9503208,7091701204.325911,143600355.45544004,787477165.4948807,6948100848.87047,8022778725.276232,22.805550673414405,-6160623683.375589,-0.7678915116985822,0.7678915116985822,6,-0.6359457174789264,0.4421384375060704,,,0.7678915116985822,-0.1309580028022514,-0.8171158876667822,0.7785288635281284,unavailable
