date,category,node_count,inflow,outflow,within_sector_exposure,cross_sector_inflow,cross_sector_outflow,activity,log_activity,net_inflow,exposure_shift_ratio,contraction_score
2020-03-23,Asset Management,0,0.0,0.0,0.0,0.0,0.0,0.0,0.0,0.0,,
2020-03-23,"Infrastructure, Services & Financial Products",2,0.0,0.0,0.0,0.0,0.0,0.0,0.0,0.0,,
2020-03-23,"Lending, Borrowing & Real World Assets",2,0.0,0.0,0.0,0.0,0.0,0.0,0.0,0.0,,
2020-03-23,Privacy & Security,0,0.0,0.0,0.0,0.0,0.0,0.0,0.0,0.0,,
2020-03-23,Trading & Exchanges,1,0.0,0.0,0.0,0.0,0.0,0.0,0.0,0.0,,
2020-03-23,Primary Market Tokens,3,0.0,0.0,0.0,0.0,0.0,0.0,0.0,0.0,,
2020-03-23,Other / Unknown,1,0.0,0.0,0.0,0.0,0.0,0.0,0.0,0.0,,
2020-03-30,Asset Management,4,4255269.109700002,4276826.665270002,4255269.109700002,0.0,21557.55556999985,8532095.774970002,15.959345701098128,-21557.55556999985,-0.0025266424731473017,0.0025266424731473017
2020-03-30,"Infrastructure, Services & Financial Products",12,430379.42740999995,119629.48642000009,2712.418379999999,427667.00902999996,116917.06804000009,550008.91383,13.217691582191657,310749.94098999986,0.5649907359247787,-0.5649907359247787
2020-03-30,"Lending, Borrowing & Real World Assets",5,5691259.289260002,4586557.481889999,3121547.02107,2569712.268190002,1465010.4608199988,10277816.77115,16.145498516385892,1104701.8073700033,0.1074840923872976,-0.1074840923872976
2020-03-30,Privacy & Security,0,0.0,0.0,0.0,0.0,0.0,0.0,0.0,0.0,,
2020-03-30,Trading & Exchanges,11,6648508.842499999,34156.58207999995,16118.003809999998,6632390.83869,18038.57826999995,6682665.424579999,15.715027631223819,6614352.260419999,0.9897775573338249,-0.9897775573338249
2020-03-30,Primary Market Tokens,14,1373703.3479299985,9394943.27611,0.0,1373703.3479299985,9394943.27611,10768646.62404,16.192149472449636,-8021239.928180003,-0.7448698251712831,0.7448698251712831
2020-03-30,Other / Unknown,1,12993.474969999981,0.0,0.0,12993.474969999981,0.0,12993.474969999981,9.472279543796903,12993.474969999981,1.0,-1.0
2020-04-06,Asset Management,4,7679036.222539999,7681166.214869998,7679036.222539999,0.0,2129.9923299998045,15360202.437409997,16.547290530219136,-2129.9923299998045,-0.0001386695480531023,0.0001386695480531023
2020-04-06,"Infrastructure, Services & Financial Products",12,381759.32311,92808.97085,3978.1550100000004,377781.1681,88830.81584,474568.29396,13.070162922112825,288950.35226,0.6088699054226214,-0.6088699054226214
2020-04-06,"Lending, Borrowing & Real World Assets",5,18513191.45086,10360319.47314,9639322.38428,8873869.066580001,720997.0888599996,28873510.924000002,17.178435190378686,8152871.977720002,0.28236510617568295,-0.28236510617568295
2020-04-06,Privacy & Security,0,0.0,0.0,0.0,0.0,0.0,0.0,0.0,0.0,,
2020-04-06,Trading & Exchanges,12,7780746.525710001,71128.94719999998,21658.708170000005,7759087.81754,49470.239029999975,7851875.472910001,15.876263102327844,7709617.57851,0.9818823038023452,-0.9818823038023452
2020-04-06,Primary Market Tokens,14,590406.02872,16743068.61902,0.0,590406.02872,16743068.61902,17333474.64774,16.668150198290423,-16152662.5903,-0.9318767828472315,0.9318767828472315
2020-04-06,Other / Unknown,1,3352.6741400000174,0.0,0.0,3352.6741400000174,0.0,3352.6741400000174,8.117811782028182,3352.6741400000174,1.0,-1.0
2020-04-13,Asset Management,4,26565731.975239996,26539541.991919998,26539530.283699997,26201.691539999098,11.70822000131011,53105273.967159994,17.787786821526087,26189.983319997787,0.0004931710424127278,-0.0004931710424127278
2020-04-13,"Infrastructure, Services & Financial Products",12,932686.1576899999,345227.1331900001,181803.85403,750882.30366,163423.2791600001,1277913.29088,14.060739846631533,587459.0244999998,0.4597017878227577,-0.4597017878227577
2020-04-13,"Lending, Borrowing & Real World Assets",5,12428175.535799999,4328028.749419999,1059360.3233700008,11368815.212429998,3268668.4260499985,16756204.285219997,16.634279212419468,8100146.7863799995,0.48341179472995727,-0.48341179472995727
2020-04-13,Privacy & Security,0,0.0,0.0,0.0,0.0,0.0,0.0,0.0,0.0,,
2020-04-13,Trading & Exchanges,14,10185679.337249992,1445684.985800001,23145.828180000004,10162533.509069992,1422539.1576200011,11631364.323049994,16.2692159142553,8739994.35144999,0.7514160943381211,-0.7514160943381211
2020-04-13,Primary Market Tokens,15,4245980.93804,21700436.82203999,0.0,4245980.93804,21700436.82203999,25946417.76007999,17.071544152660643,-17454455.883999992,-0.6727115876032276,0.6727115876032276
2020-04-13,Other / Unknown,1,665.7383499999996,0.0,0.0,665.7383499999996,0.0,665.7383499999996,6.502397690093574,665.7383499999996,1.0,-1.0
2020-04-20,Asset Management,4,113025555.79594001,113034320.31102002,113025555.79594001,0.0,8764.51508000493,226059876.10696003,19.236310465096526,-8764.51508000493,-3.877076830679146e-05,3.877076830679146e-05
2020-04-20,"Infrastructure, Services & Financial Products",12,274281.5220500001,156078.35093999995,7031.605660000005,267249.9163900001,149046.74527999994,430359.87299000006,12.972379375216802,118203.17111000014,0.27466122779701335,-0.27466122779701335
2020-04-20,"Lending, Borrowing & Real World Assets",5,9406457.225030005,10972969.006770002,5102780.377880001,4303676.847150004,5870188.62889,20379426.231800005,16.83003648093801,-1566511.7817399967,-0.07686731529740595,0.07686731529740595
2020-04-20,Privacy & Security,0,0.0,0.0,0.0,0.0,0.0,0.0,0.0,0.0,,
2020-04-20,Trading & Exchanges,14,13246535.920009999,803381.1104700002,3915.3628200000026,13242620.55719,799465.7476500002,14049917.03048,16.458127119597474,12443154.809539998,0.8856390242409062,-0.8856390242409062
2020-04-20,Primary Market Tokens,19,6300728.410800001,17286810.094630003,0.0,6300728.410800001,17286810.094630003,23587538.505430005,16.976229143503538,-10986081.683830002,-0.46575786961835525,0.46575786961835525
2020-04-20,Other / Unknown,0,0.0,0.0,0.0,0.0,0.0,0.0,0.0,0.0,,
2020-04-27,Asset Management,4,192230746.43829998,192258215.67255,192223856.04178,6890.396519988775,34359.630769997835,384488962.11085,19.767425641974842,-27469.23425000906,-7.144349241965898e-05,7.144349241965898e-05
2020-04-27,"Infrastructure, Services & Financial Products",12,358485.91790999996,264131.77665999986,23228.25867000002,335257.65923999995,240903.51798999985,622617.6945699998,13.341689563153054,94354.1412500001,0.15154426556277711,-0.15154426556277711
2020-04-27,"Lending, Borrowing & Real World Assets",5,17307830.25897,12362171.05197,4650600.590849999,12657229.66812,7711570.46112,29670001.310939997,17.205647070155106,4945659.207,0.16668887726595497,-0.16668887726595497
2020-04-27,Privacy & Security,0,0.0,0.0,0.0,0.0,0.0,0.0,0.0,0.0,,
2020-04-27,Trading & Exchanges,14,10717791.176970001,58284.37475999992,30780.542559999998,10687010.634410001,27503.83219999992,10776075.551730001,16.192839100956718,10659506.802210001,0.9891826343495442,-0.9891826343495442
2020-04-27,Primary Market Tokens,21,7818804.29663,23490855.21284,0.0,7818804.29663,23490855.21284,31309659.509469997,17.25943725036517,-15672050.91621,-0.5005500271080812,0.5005500271080812
2020-04-27,Other / Unknown,0,0.0,0.0,0.0,0.0,0.0,0.0,0.0,0.0,,
2020-05-04,Asset Management,4,57877709.62197995,57898690.23214995,57876578.893399954,1130.7285799980164,22111.338749997318,115776399.85412991,18.56717131005603,-20980.6101699993,-0.00018121663997527465,0.00018121663997527465
2020-05-04,"Infrastructure, Services & Financial Products",12,74441.87915000002,1218592.3708300001,7148.563389999988,67293.31576000003,1211443.8074400001,1293034.24998,14.072502919547896,-1144150.4916800002,-0.8848570652306366,0.8848570652306366
2020-05-04,"Lending, Borrowing & Real World Assets",5,16289382.283569999,7453600.44593,6647045.16735,9642337.11622,806555.2785800006,23742982.7295,16.982797622883485,8835781.837639999,0.3721428743096285,-0.3721428743096285
2020-05-04,Privacy & Security,0,0.0,0.0,0.0,0.0,0.0,0.0,0.0,0.0,,
2020-05-04,Trading & Exchanges,15,6339310.401520003,1734040.2826099999,64416.14831,6274894.253210003,1669624.1342999998,8073350.684130003,15.904079280432153,4605270.1189100025,0.5704285988669738,-0.5704285988669738
2020-05-04,Primary Market Tokens,19,948725.0680300004,13224645.922730003,0.0,948725.0680300004,13224645.922730003,14173370.990760002,16.466875550242204,-12275920.854700003,-0.866125698868886,0.866125698868886
2020-05-04,Other / Unknown,0,0.0,0.0,0.0,0.0,0.0,0.0,0.0,0.0,,
2020-05-11,Asset Management,4,60226270.026700005,60236502.211770006,60225914.64932001,355.3773799985647,10587.562449999154,120462772.23847002,18.606851327384163,-10232.185070000589,-8.494064082922475e-05,8.494064082922475e-05
2020-05-11,"Infrastructure, Services & Financial Products",12,225072.49792999984,103394.40356999986,27564.485329999992,197508.01259999984,75829.91823999987,328466.9014999997,12.702194399803874,121678.09435999997,0.37044248234551597,-0.37044248234551597
2020-05-11,"Lending, Borrowing & Real World Assets",5,8022693.861399996,553371.5093199986,177169.85289999843,7845524.008499998,376201.65642000013,8576065.370719995,15.964485901385908,7469322.352079998,0.8709497921484382,-0.8709497921484382
2020-05-11,Privacy & Security,0,0.0,0.0,0.0,0.0,0.0,0.0,0.0,0.0,,
2020-05-11,Trading & Exchanges,15,13917579.477330005,681812.78315,17329.553759999995,13900249.923570005,664483.22939,14599392.260480005,16.496490528313657,13235766.694180004,0.9065971006210113,-0.9065971006210113
2020-05-11,Primary Market Tokens,20,289060.5187900001,21105595.474340003,0.0,289060.5187900001,21105595.474340003,21394655.993130002,16.878651775600307,-20816534.955550004,-0.9729782503740355,0.9729782503740355
2020-05-11,Other / Unknown,0,0.0,0.0,0.0,0.0,0.0,0.0,0.0,0.0,,
2020-05-18,Asset Management,4,199463000.59797,199499687.0063,199406343.7292,56656.86877000332,93343.2770999968,398962687.60427,19.80437845821159,-36686.40832999349,-9.195448464188871e-05,9.195448464188871e-05
2020-05-18,"Infrastructure, Services & Financial Products",13,1288814.8348100001,1247675.5627899994,12520.33456,1276294.50025,1235155.2282299993,2536490.3976,14.746292344538226,41139.27202000073,0.016218974082821788,-0.016218974082821788
2020-05-18,"Lending, Borrowing & Real World Assets",7,7973627.037119992,12164653.549399998,4424781.579689998,3548845.457429994,7739871.96971,20138280.58651999,16.81813311820431,-4191026.512280006,-0.2081124301687088,0.2081124301687088
2020-05-18,Privacy & Security,0,0.0,0.0,0.0,0.0,0.0,0.0,0.0,0.0,,
2020-05-18,Trading & Exchanges,15,29942199.169049997,15995644.731140004,21175.40350999999,29921023.765539996,15974469.327630004,45937843.90019,17.64279984294049,13946554.437909992,0.3035961911536799,-0.3035961911536799
2020-05-18,Primary Market Tokens,24,22272080.890950006,32032061.68026999,0.0,22272080.890950006,32032061.68026999,54304142.571219996,17.810111090855038,-9759980.789319985,-0.1797281077869842,0.1797281077869842
2020-05-18,Other / Unknown,1,0.0,0.0,0.0,0.0,0.0,0.0,0.0,0.0,,
2020-05-25,Asset Management,4,126773622.44724005,127146314.04999006,126773622.44724005,0.0,372691.60275000334,253919936.4972301,19.352529568590917,-372691.60275000334,-0.0014677524257890196,0.0014677524257890196
2020-05-25,"Infrastructure, Services & Financial Products",13,1160826.29204,2246936.31434,54541.76112999999,1106284.53091,2192394.55321,3407762.60638,15.04156680020041,-1086110.0223,-0.3187164564417102,0.3187164564417102
2020-05-25,"Lending, Borrowing & Real World Assets",8,23761536.667759996,6141828.756349999,4495206.516489999,19266330.151269995,1646622.23986,29903365.424109995,17.213481621458318,17619707.911409996,0.5892215695964397,-0.5892215695964397
2020-05-25,Privacy & Security,0,0.0,0.0,0.0,0.0,0.0,0.0,0.0,0.0,,
2020-05-25,Trading & Exchanges,14,20580089.422169995,595077.2034399996,68585.61795,20511503.804219995,526491.5854899996,21175166.625609994,16.8683397146746,19985012.218729995,0.9437948032276363,-0.9437948032276363
2020-05-25,Primary Market Tokens,26,308781.1486499999,36454699.65373999,0.0,308781.1486499999,36454699.65373999,36763480.80238999,17.420015568115176,-36145918.50508999,-0.9832017457590727,0.9832017457590727
2020-05-25,Other / Unknown,1,0.0,0.0,0.0,0.0,0.0,0.0,0.0,0.0,,
2020-06-01,Asset Management,4,103016930.09893002,103355162.07543002,102643285.78640002,373644.31252999604,711876.2890300006,206372092.17436004,19.14519137494176,-338231.97650000453,-0.0016389424216053325,0.0016389424216053325
2020-06-01,"Infrastructure, Services & Financial Products",13,210631.58036999992,2574938.1931700013,74370.03996,136261.54040999993,2500568.153210001,2785569.7735400014,14.839963355960837,-2364306.612800001,-0.848769481654504,0.848769481654504
2020-06-01,"Lending, Borrowing & Real World Assets",8,20890771.471920002,15584705.252399998,13714906.351069998,7175865.120850004,1869798.9013299998,36475476.72432,17.412150749595646,5306066.2195200045,0.14546941386463602,-0.14546941386463602
2020-06-01,Privacy & Security,0,0.0,0.0,0.0,0.0,0.0,0.0,0.0,0.0,,
2020-06-01,Trading & Exchanges,16,14533336.189680003,2621154.092270006,1592699.2124100002,12940636.977270003,1028454.8798600058,17154490.281950008,16.65777057962048,11912182.097409997,0.6944060652122098,-0.6944060652122098
2020-06-01,Primary Market Tokens,31,1771912.378630006,16287622.106260005,0.0,1771912.378630006,16287622.106260005,18059534.48489001,16.709184384962864,-14515709.727629999,-0.8037698723505278,0.8037698723505278
2020-06-01,Other / Unknown,1,0.0,0.0,0.0,0.0,0.0,0.0,0.0,0.0,,
2020-06-08,Asset Management,4,19805916.585300025,19739659.807100024,19736397.429880023,69519.1554200016,3262.3772200010717,39545576.39240005,17.492964422724246,66256.77820000052,0.001675453596694418,-0.001675453596694418
2020-06-08,"Infrastructure, Services & Financial Products",16,2282625.1890300005,156231.91127999997,29940.610449999964,2252684.5785800004,126291.30083000001,2438857.1003100006,14.707040496050872,2126393.2777500004,0.8718810452156942,-0.8718810452156942
2020-06-08,"Lending, Borrowing & Real World Assets",9,34393598.43435,44329812.49502,24343823.422369994,10049775.011980005,19985989.072650008,78723410.92937,18.181451152367714,-9936214.060670003,-0.1262167625026397,0.1262167625026397
2020-06-08,Privacy & Security,0,0.0,0.0,0.0,0.0,0.0,0.0,0.0,0.0,,
2020-06-08,Trading & Exchanges,19,7440801.610140001,5199192.97322,359667.7601100001,7081133.850030001,4839525.21311,12639994.583360001,16.352376597265202,2241608.6369200014,0.17734253144941856,-0.17734253144941856
2020-06-08,Primary Market Tokens,45,20477952.929950006,14975900.126850003,0.0,20477952.929950006,14975900.126850003,35453853.05680001,17.3837425231374,5502052.803100003,0.15518913541739057,-0.15518913541739057
2020-06-08,Other / Unknown,2,0.0,97.43530000000001,0.0,0.0,97.43530000000001,97.43530000000001,4.5893994795638555,-97.43530000000001,-1.0,1.0
2020-06-15,Asset Management,4,13879491.086029986,14432918.585889986,13779725.439859986,99765.64616999961,653193.1460299995,28312409.67191997,17.158810806126876,-553427.4998599999,-0.01954717052603562,0.01954717052603562
2020-06-15,"Infrastructure, Services & Financial Products",17,1311937.7783300004,91871266.85081,22861.59860000004,1289076.1797300002,91848405.25221,93183204.62914,18.35007806630614,-90559329.07248001,-0.9718417544545419,0.9718417544545419
2020-06-15,"Lending, Borrowing & Real World Assets",9,860704194.25026,49776135.310370006,45184882.40894,815519311.84132,4591252.901430003,910480329.56063,20.629482853999775,810928058.93989,0.8906596140646105,-0.8906596140646105
2020-06-15,Privacy & Security,0,0.0,0.0,0.0,0.0,0.0,0.0,0.0,0.0,,
2020-06-15,Trading & Exchanges,22,38825924.78926,34706855.74618,1460294.26362,37365630.52564,33246561.482559998,73532780.53544,18.113241872036276,4119069.043080002,0.05601677256165728,-0.05601677256165728
2020-06-15,Primary Market Tokens,51,8334871.204529999,732269115.87547,0.0,8334871.204529999,732269115.87547,740603987.08,20.422976611360426,-723934244.67094,-0.9774916923215816,0.9774916923215816
2020-06-15,Other / Unknown,2,0.0,126.73969,0.0,0.0,126.73969,126.73969,4.849994521326052,-126.73969,-1.0,1.0
2020-06-22,Asset Management,5,36950840.68132001,41008272.96923001,36470194.28692001,480646.3944000006,4538078.68231,77959113.65055002,18.17169507608135,-4057432.2879099995,-0.05204564415774849,0.05204564415774849
2020-06-22,"Infrastructure, Services & Financial Products",17,1277857.47201,262634413.46785003,30540.831259999974,1247316.64075,262603872.63659003,263912270.93986002,19.39112730262752,-261356555.99584004,-0.9903160435287135,0.9903160435287135
2020-06-22,"Lending, Borrowing & Real World Assets",9,319047573.10533005,275680119.51366,27348229.75772001,291699343.34761006,248331889.75594002,594727692.6189901,20.203614200969408,43367453.59167004,0.07291984908369355,-0.07291984908369355
2020-06-22,Privacy & Security,0,0.0,0.0,0.0,0.0,0.0,0.0,0.0,0.0,,
2020-06-22,Trading & Exchanges,25,174320348.68998,14755705.56315,7985255.73154,166335092.95844,6770449.83161,189076054.25313,19.05765990082595,159564643.12683,0.8439177756121836,-0.8439177756121836
2020-06-22,Primary Market Tokens,70,190910341.17172,128332918.46919999,0.0,190910341.17172,128332918.46919999,319243259.64092,19.58146394268048,62577422.70252001,0.19601799196295064,-0.19601799196295064
2020-06-22,Other / Unknown,2,0.0,95531.13727,0.0,0.0,95531.13727,95531.13727,11.467217985776271,-95531.13727,-1.0,1.0
2020-06-29,Asset Management,5,46574581.77949,47008385.24738,46522047.544420004,52534.23506999761,486337.70295999944,93582967.02687001,18.354358959365193,-433803.46789000183,-0.004635495984706768,0.004635495984706768
2020-06-29,"Infrastructure, Services & Financial Products",17,578171882.1685399,3688672.827320001,68807.27000000002,578103074.8985399,3619865.557320001,581860554.9958599,20.18174138247953,574483209.3412199,0.9873211105456488,-0.9873211105456488
2020-06-29,"Lending, Borrowing & Real World Assets",9,1440175033.92112,1658972299.8713899,1020360433.08612,419814600.8349999,638611866.7852699,3099147333.79251,21.85439285731068,-218797265.95026994,-0.07059918176994891,0.07059918176994891
2020-06-29,Privacy & Security,0,0.0,0.0,0.0,0.0,0.0,0.0,0.0,0.0,,
2020-06-29,Trading & Exchanges,25,67342987.64751,34702919.803670004,2166045.2724699993,65176942.37504001,32536874.531200007,102045907.45118001,18.440933352846343,32640067.843840003,0.31985670625208956,-0.31985670625208956
2020-06-29,Primary Market Tokens,76,62875825.56789,450725140.67736995,0.0,62875825.56789,450725140.67736995,513600966.24525994,20.056957193603946,-387849315.10947996,-0.7551569031205253,0.7551569031205253
2020-06-29,Other / Unknown,2,0.0,42892.65741999999,0.0,0.0,42892.65741999999,42892.65741999999,10.666479248298211,-42892.65741999999,-1.0,1.0
2020-07-06,Asset Management,5,26720398.153739974,27827549.082339972,26662644.114139974,57754.039599999785,1164904.9681999981,54547947.236079946,17.814590656998494,-1107150.9285999984,-0.020296839472406205,0.020296839472406205
2020-07-06,"Infrastructure, Services & Financial Products",18,6596057.187600003,12054129.40439,70733.97287000003,6525323.214730003,11983395.43152,18650186.59199,16.741366762555256,-5458072.216789997,-0.29265509971541864,0.29265509971541864
2020-07-06,"Lending, Borrowing & Real World Assets",8,577256687.40258,632440536.34223,534176745.0323,43079942.37028003,98263791.30992997,1209697223.74481,20.913635937759313,-55183848.93964994,-0.04561790161741428,0.04561790161741428
2020-07-06,Privacy & Security,0,0.0,0.0,0.0,0.0,0.0,0.0,0.0,0.0,,
2020-07-06,Trading & Exchanges,26,71750015.79377998,17711143.883430004,2202858.6908100015,69547157.10296999,15508285.192620002,89461159.67720999,18.30931513014381,54038871.91034998,0.6040484172721522,-0.6040484172721522
2020-07-06,Primary Market Tokens,81,94312784.75945002,86520413.93031996,0.0,94312784.75945002,86520413.93031996,180833198.68976998,19.01308561566776,7792370.8291300535,0.04309148367440165,-0.04309148367440165
2020-07-06,Other / Unknown,2,0.0,82170.65443999998,0.0,0.0,82170.65443999998,82170.65443999998,11.316565685078144,-82170.65443999998,-1.0,1.0
2020-07-13,Asset Management,6,10411105.60483002,10316971.61966002,10316971.61966002,94133.9851699993,0.0,20728077.22449004,16.8469997750731,94133.9851699993,0.004541375649584171,-0.004541375649584171
2020-07-13,"Infrastructure, Services & Financial Products",21,9984877.220149996,19431299.719469994,25417.32253,9959459.897619996,19405882.396939993,29416176.93961999,17.19705535102096,-9446422.499319999,-0.32113019032724216,0.32113019032724216
2020-07-13,"Lending, Borrowing & Real World Assets",8,99463457.98234998,156657357.39113003,46842120.00309998,52621337.97925,109815237.38803005,256120815.37348002,19.361159830074577,-57193899.40878005,-0.22330828255945878,0.22330828255945878
2020-07-13,Privacy & Security,0,0.0,0.0,0.0,0.0,0.0,0.0,0.0,0.0,,
2020-07-13,Trading & Exchanges,27,74514389.31297,17245705.20008,2446858.9230400003,72067530.38993,14798846.27704,91760094.51304999,18.334688071685566,57268684.11289,0.624113177049369,-0.624113177049369
2020-07-13,Primary Market Tokens,83,108948922.31845005,99730380.15433,0.0,108948922.31845005,99730380.15433,208679302.47278005,19.1563091983363,9218542.164120048,0.04417564202526749,-0.04417564202526749
2020-07-13,Other / Unknown,2,58961.64592000004,0.0,0.0,58961.64592000004,0.0,58961.64592000004,10.984659402382757,58961.64592000004,1.0,-1.0
2020-07-20,Asset Management,6,46569174.72062999,49848647.04216999,46567516.85523999,1657.8653900027275,3281130.186930001,96417821.76279998,18.384201625923474,-3279472.321539998,-0.034013134310458853,0.034013134310458853
2020-07-20,"Infrastructure, Services & Financial Products",21,3526893.3000300005,38714742.87778,39953.52578999997,3486939.7742400006,38674789.35199,42241636.17781,17.55891695555554,-35187849.57775,-0.8330134142918111,0.8330134142918111
2020-07-20,"Lending, Borrowing & Real World Assets",9,854526284.2026201,598793295.8982401,394878507.9114701,459647776.29115003,203914787.98676997,1453319580.10086,21.097116143049195,255732988.30438006,0.17596473054235753,-0.17596473054235753
2020-07-20,Privacy & Security,0,0.0,0.0,0.0,0.0,0.0,0.0,0.0,0.0,,
2020-07-20,Trading & Exchanges,26,354934500.17025995,53288519.692609996,9577466.95222,345357033.21803993,43711052.740389995,408223019.86287,19.82732420278821,301645980.4776499,0.7389244746143386,-0.7389244746143386
2020-07-20,Primary Market Tokens,86,204777452.91074002,723614081.07872,0.0,204777452.91074002,723614081.07872,928391533.98946,20.648964114474495,-518836628.16797996,-0.5588554065529321,0.5588554065529321
2020-07-20,Other / Unknown,2,0.0,75018.71476,0.0,0.0,75018.71476,75018.71476,11.225506221442567,-75018.71476,-1.0,1.0
2020-07-27,Asset Management,7,35157833.32546001,36173152.437330015,34473332.79526001,684500.5301999971,1699819.6420700029,71330985.76279002,18.082841387928198,-1015319.1118700057,-0.014233913929725185,0.014233913929725185
2020-07-27,"Infrastructure, Services & Financial Products",23,2760490.7791900006,14866401.7856,72698.23457000002,2687792.5446200008,14793703.551029999,17626892.56479,16.684936337191882,-12105911.006409999,-0.6867864521164525,0.6867864521164525
2020-07-27,"Lending, Borrowing & Real World Assets",10,357082343.89563006,362018044.7469801,167849611.0245801,189232732.87104997,194168433.72239998,719100388.6426101,20.393511529920175,-4935700.851350009,-0.006863716011427485,0.006863716011427485
2020-07-27,Privacy & Security,0,0.0,0.0,0.0,0.0,0.0,0.0,0.0,0.0,,
2020-07-27,Trading & Exchanges,28,190314465.52128,38633549.87311,5413819.225399997,184900646.29588,33219730.64771,228948015.39439,19.249005533104928,151680915.64817,0.6625124720425364,-0.6625124720425364
2020-07-27,Primary Market Tokens,93,139517702.40751,273103099.0612,0.0,139517702.40751,273103099.0612,412620801.46871006,19.83803957533511,-133585396.65369001,-0.3237485753946413,0.3237485753946413
2020-07-27,Other / Unknown,2,0.0,38588.02484999999,0.0,0.0,38588.02484999999,38588.02484999999,10.560723184712515,-38588.02484999999,-1.0,1.0
2020-08-03,Asset Management,9,32396457.886140045,33657281.067230046,31091871.738840044,1304586.1473000012,2565409.3283900023,66053738.953370094,18.005979210393477,-1260823.181090001,-0.01908783970548685,0.01908783970548685
2020-08-03,"Infrastructure, Services & Financial Products",23,55512689.9995,39846104.822629996,78439.86319,55434250.136309996,39767664.95943999,95358794.82213,18.37315713349741,15666585.176870003,0.16429093096334146,-0.16429093096334146
2020-08-03,"Lending, Borrowing & Real World Assets",10,373236702.04919,356452324.95258,254904328.39141,118332373.65777999,101547996.56116998,729689027.00177,20.408129012308933,16784377.09661001,0.023002096064916287,-0.023002096064916287
2020-08-03,Privacy & Security,0,0.0,0.0,0.0,0.0,0.0,0.0,0.0,0.0,,
2020-08-03,Trading & Exchanges,30,136963596.13563,112241251.76016997,16729578.915069995,120234017.22056001,95511672.84509997,249204847.8958,19.333785802536585,24722344.375460044,0.09920490947189436,-0.09920490947189436
2020-08-03,Primary Market Tokens,106,158261394.71928993,214172602.57216,0.0,158261394.71928993,214172602.57216,372433997.2914499,19.735570394289866,-55911207.85287008,-0.1501238024978598,0.1501238024978598
2020-08-03,Other / Unknown,2,0.0,1275.6149799999548,0.0,0.0,1275.6149799999548,1275.6149799999548,7.151967307047294,-1275.6149799999548,-1.0,1.0
2020-08-10,Asset Management,9,111090641.24461997,108333813.65994996,108162000.30693996,2928640.937680006,171813.3530099988,219424454.90456992,19.206518566797453,2756827.584670007,0.012563903079394598,-0.012563903079394598
2020-08-10,"Infrastructure, Services & Financial Products",23,9506886.526630001,50043823.78451001,718932.68912,8787953.83751,49324891.09539001,59550710.31114001,17.9023387984657,-40536937.25788001,-0.6807129091505876,0.6807129091505876
2020-08-10,"Lending, Borrowing & Real World Assets",11,982909899.60432,463854087.90699995,421446411.34643996,561463488.2578801,42407676.56055999,1446763987.51132,21.092595167292384,519055811.6973201,0.35877020452394887,-0.35877020452394887
2020-08-10,Privacy & Security,0,0.0,0.0,0.0,0.0,0.0,0.0,0.0,0.0,,
2020-08-10,Trading & Exchanges,30,889772814.8987799,129239257.97842999,17893547.12441,871879267.7743698,111345710.85401998,1019012072.8772099,20.742099439867744,760533556.9203498,0.7463440102068285,-0.7463440102068285
2020-08-10,Primary Market Tokens,111,109922569.26187997,1351471690.73816,0.0,109922569.26187997,1351471690.73816,1461394260.0000398,21.10265679025746,-1241549121.47628,-0.8495647994924013,0.8495647994924013
2020-08-10,Other / Unknown,2,0.0,260137.46817999997,0.0,0.0,260137.46817999997,260137.46817999997,12.468969338155711,-260137.46817999997,-1.0,1.0
2020-08-17,Asset Management,9,17185874.08460002,22913345.02254002,17184099.92720002,1774.1574000008404,5729245.095340002,40099219.10714004,17.506867443387918,-5727470.9379400015,-0.14283248066843704,0.14283248066843704
2020-08-17,"Infrastructure, Services & Financial Products",24,1767705.8343800004,116927337.81558998,310880.34138,1456825.4930000002,116616457.47420998,118695043.64996998,18.592068111867444,-115159631.98120998,-0.970214327742396,0.970214327742396
2020-08-17,"Lending, Borrowing & Real World Assets",12,532426595.5879402,287827216.5781202,178154947.32728016,354271648.26066005,109672269.25084001,820253812.1660604,20.52512437857988,244599379.00982004,0.2981996247769963,-0.2981996247769963
2020-08-17,Privacy & Security,0,0.0,0.0,0.0,0.0,0.0,0.0,0.0,0.0,,
2020-08-17,Trading & Exchanges,32,318028060.22367,55191283.80818999,22820624.977939997,295207435.24573,32370658.83024999,373219344.03186,19.737676861156373,262836776.41548002,0.7042421048600387,-0.7042421048600387
2020-08-17,Primary Market Tokens,115,169214654.67062995,555968407.7724701,0.0,169214654.67062995,555968407.7724701,725183062.4431001,20.40193468224669,-386753753.10184014,-0.5333187896017441,0.5333187896017441
2020-08-17,Other / Unknown,2,204700.59569,0.0,0.0,204700.59569,0.0,204700.59569,12.229308566880356,204700.59569,1.0,-1.0
2020-08-24,Asset Management,9,50365888.85754998,59325485.653099984,49712625.62625998,653263.2312899977,9612860.026840001,109691374.51064996,18.513181303291113,-8959596.795550004,-0.0816800485500354,0.0816800485500354
2020-08-24,"Infrastructure, Services & Financial Products",25,19546521.24222,85662777.51721,7917427.24546,11629093.99676,77745350.27175,105209298.75943,18.471462255115807,-66116256.27499001,-0.628425976169373,0.628425976169373
2020-08-24,"Lending, Borrowing & Real World Assets",13,491182093.28691995,204846541.56271005,181630957.48313004,309551135.8037899,23215584.07958001,696028634.84963,20.360901360914436,286335551.7242099,0.4113847295751989,-0.4113847295751989
2020-08-24,Privacy & Security,0,0.0,0.0,0.0,0.0,0.0,0.0,0.0,0.0,,
2020-08-24,Trading & Exchanges,34,766843899.5026898,97640334.51381,47533078.66386,719310820.8388299,50107255.84994999,864484234.0164999,20.577643626965877,669203564.9888798,0.7741073100658851,-0.7741073100658851
2020-08-24,Primary Market Tokens,121,26172820.747109994,906626791.8182797,0.0,26172820.747109994,906626791.8182797,932799612.5653898,20.653700959286606,-880453971.0711697,-0.9438832941297448,0.9438832941297448
2020-08-24,Other / Unknown,2,0.0,9292.57137999998,0.0,0.0,9292.57137999998,9292.57137999998,9.137078190655913,-9292.57137999998,-1.0,1.0
2020-08-31,Asset Management,10,58038048.53860001,53723586.20242001,49941493.36162001,8096555.176980004,3782092.840800002,111761634.74102002,18.53187890899968,4314462.3361800015,0.03860414484968569,-0.03860414484968569
2020-08-31,"Infrastructure, Services & Financial Products",25,126659889.63882,38215473.201460004,20012670.89749,106647218.74133001,18202802.303970005,164875362.84028,18.920700375763715,88444416.43736,0.5364319745154339,-0.5364319745154339
2020-08-31,"Lending, Borrowing & Real World Assets",13,713739692.6858,1029286395.95491,549856673.56022,163883019.12557995,479429722.39469004,1743026088.6407099,21.278888571611347,-315546703.2691101,-0.18103383840639334,0.18103383840639334
2020-08-31,Privacy & Security,0,0.0,0.0,0.0,0.0,0.0,0.0,0.0,0.0,,
2020-08-31,Trading & Exchanges,38,578535368.26162,317004743.27287006,56950776.442839995,521584591.81878006,260053966.83003008,895540111.5344901,20.61293757191186,261530624.98874998,0.2920367514757351,-0.2920367514757351
2020-08-31,Primary Market Tokens,128,551551546.2397901,590430182.5966799,0.0,551551546.2397901,590430182.5966799,1141981728.8364701,20.856030949660372,-38878636.356889844,-0.03404488476054874,0.03404488476054874
2020-08-31,Other / Unknown,2,135835.86371,0.0,0.0,135835.86371,0.0,135835.86371,11.819209913160265,135835.86371,1.0,-1.0
2020-09-07,Asset Management,11,41814183.95291999,45101637.99545999,37887665.11423999,3926518.838679999,7213972.881219998,86915821.94837998,18.280450655920497,-3287454.042539999,-0.037823424652101256,0.037823424652101256
2020-09-07,"Infrastructure, Services & Financial Products",25,11743422.450080005,139071865.82887003,8050152.822320002,3693269.6277600033,131021713.00655003,150815288.27895004,18.83156639619018,-127328443.37879002,-0.8442674799870526,0.8442674799870526
2020-09-07,"Lending, Borrowing & Real World Assets",13,456448390.8264001,199027493.84116012,124589682.28669012,331858708.53971,74437811.55447,655475884.6675602,20.300872072798835,257420896.98523998,0.39272367299339617,-0.39272367299339617
2020-09-07,Privacy & Security,0,0.0,0.0,0.0,0.0,0.0,0.0,0.0,0.0,,
2020-09-07,Trading & Exchanges,41,1126745663.3391404,1012673401.6425399,21491740.533479996,1105253922.8056605,991181661.1090598,2139419064.9816804,21.483800164632473,114072261.69660056,0.05331926949878674,-0.05331926949878674
2020-09-07,Primary Market Tokens,139,1030025437.2872398,1270813173.6619503,0.0,1030025437.2872398,1270813173.6619503,2300838610.94919,21.556539507316977,-240787736.37471056,-0.10465216257622509,0.10465216257622509
2020-09-07,Other / Unknown,2,0.0,89524.88579999999,0.0,0.0,89524.88579999999,89524.88579999999,11.402283089260576,-89524.88579999999,-1.0,1.0
2020-09-14,Asset Management,15,39756599.31156998,27362926.997659985,26309164.427919984,13447434.883649997,1053762.569740001,67119526.30922997,18.021985577625692,12393672.313909996,0.1846507714731246,-0.1846507714731246
2020-09-14,"Infrastructure, Services & Financial Products",30,102103100.4489,30794274.13540999,12275915.87483,89827184.57407,18518358.26057999,132897374.58431,18.705087776192105,71308826.31349,0.5365706172641638,-0.5365706172641638
2020-09-14,"Lending, Borrowing & Real World Assets",15,381509909.41291016,691136237.5577601,333362842.9059801,48147066.50693005,357773394.65178,1072646146.9706702,20.793394467986857,-309626328.14484996,-0.2886565425320231,0.2886565425320231
2020-09-14,Privacy & Security,0,0.0,0.0,0.0,0.0,0.0,0.0,0.0,0.0,,
2020-09-14,Trading & Exchanges,42,2157497604.36877,507206753.70248026,46946015.26999,2110551589.0987802,460260738.4324902,2664704358.0712504,21.703358953728053,1650290850.6662898,0.6193148015342284,-0.6193148015342284
2020-09-14,Primary Market Tokens,143,630166811.1813602,2054574354.0981205,0.0,630166811.1813602,2054574354.0981205,2684741165.279481,21.71085016036456,-1424407542.9167602,-0.530556748388994,0.530556748388994
2020-09-14,Other / Unknown,2,40521.76792000001,0.0,0.0,40521.76792000001,0.0,40521.76792000001,10.609619265999985,40521.76792000001,1.0,-1.0
2020-09-21,Asset Management,18,339671779.89645,33712206.187680006,31718521.59582001,307953258.30063,1993684.5918599963,373383986.08413,19.73811790407128,305959573.70877,0.8194233955171069,-0.8194233955171069
2020-09-21,"Infrastructure, Services & Financial Products",30,65202654.508610025,30027380.52580999,3368145.068950001,61834509.43966003,26659235.456859987,95230035.03442001,18.37180595456373,35175273.98280004,0.3693716375310191,-0.3693716375310191
2020-09-21,"Lending, Borrowing & Real World Assets",15,801784615.35624,596162303.18806,482738328.49175996,319046286.8644801,113423974.69630009,1397946918.5443,21.058270511184762,205622312.16818,0.1470887838733513,-0.1470887838733513
2020-09-21,Privacy & Security,0,0.0,0.0,0.0,0.0,0.0,0.0,0.0,0.0,,
2020-09-21,Trading & Exchanges,44,234405248.72006986,158926337.95061004,16441123.571549997,217964125.14851987,142485214.37906003,393331586.6706799,19.790163548620637,75478910.76945981,0.19189638800266287,-0.19189638800266287
2020-09-21,Primary Market Tokens,152,176277560.79956007,798529983.1975999,0.0,176277560.79956007,798529983.1975999,974807543.99716,20.6977506197317,-622252422.3980398,-0.6383336138808674,0.6383336138808674
2020-09-21,Other / Unknown,2,16351.768830000015,0.0,0.0,16351.768830000015,0.0,16351.768830000015,9.702152509388359,16351.768830000015,1.0,-1.0
2020-09-28,Asset Management,20,8268909.436590008,85672847.57930002,4214955.759880006,4053953.676710002,81457891.81942001,93941757.01589003,18.358185552629976,-77403938.14271,-0.8239566791327663,0.8239566791327663
2020-09-28,"Infrastructure, Services & Financial Products",30,144262822.72609,9571533.66006,5924855.299039999,138337967.42705002,3646678.3610200007,153834356.38615,18.851386980114963,134691289.06603003,0.8755605199655943,-0.8755605199655943
2020-09-28,"Lending, Borrowing & Real World Assets",16,324909383.09829,514295488.83787,131436588.76126,193472794.33703002,382858900.07660997,839204871.9361601,20.547965421674117,-189386105.73957998,-0.22567326772381624,0.22567326772381624
2020-09-28,Privacy & Security,0,0.0,0.0,0.0,0.0,0.0,0.0,0.0,0.0,,
2020-09-28,Trading & Exchanges,47,328213801.7718003,322560246.90424,9821536.932190003,318392264.8396103,312738709.97205,650774048.6760403,20.29367305801513,5653554.867560267,0.008687431342817183,-0.008687431342817183
2020-09-28,Primary Market Tokens,162,565859633.98243,439443605.97084033,0.0,565859633.98243,439443605.97084033,1005303239.9532703,20.728555065237227,126416028.01158965,0.12574915009471754,-0.12574915009471754
2020-09-28,Other / Unknown,2,29171.93711,0.0,0.0,29171.93711,0.0,29171.93711,10.280996747199854,29171.93711,1.0,-1.0
2020-10-05,Asset Management,21,53831401.15593002,314442427.07628006,51188057.01810002,2643344.1378299966,263254370.05818003,368273828.2322101,19.724337320601666,-260611025.92035004,-0.7076555702351601,0.7076555702351601
2020-10-05,"Infrastructure, Services & Financial Products",31,54169384.005729996,47642249.230660014,932935.7110500006,53236448.29467999,46709313.51961001,101811633.23639001,18.4386349407804,6527134.775069982,0.06410991128995092,-0.06410991128995092
2020-10-05,"Lending, Borrowing & Real World Assets",17,473962032.14605,480143265.0362,215921735.11988997,258040297.02616,264221529.91631,954105297.18225,20.676284598774732,-6181232.890150011,-0.00647856469134485,0.00647856469134485
2020-10-05,Privacy & Security,0,0.0,0.0,0.0,0.0,0.0,0.0,0.0,0.0,,
2020-10-05,Trading & Exchanges,51,461472084.8598202,266301458.75728995,39236928.43602002,422235156.4238002,227064530.32126993,727773543.6171101,20.405500492683792,195170626.10253024,0.2681749396007334,-0.2681749396007334
2020-10-05,Primary Market Tokens,173,655950836.0792099,590860395.9803603,0.0,655950836.0792099,590860395.9803603,1246811232.0595703,20.943855115328876,65090440.098849654,0.05220552913317014,-0.05220552913317014
2020-10-05,Other / Unknown,2,4057.8340499999467,0.0,0.0,4057.8340499999467,0.0,4057.8340499999467,8.308651031548793,4057.8340499999467,1.0,-1.0
2020-10-12,Asset Management,22,26735320.51973001,42182203.022960015,22102477.661960006,4632842.857770003,20079725.36100001,68917523.54269002,18.048421051142174,-15446882.503230006,-0.22413577431669673,0.22413577431669673
2020-10-12,"Infrastructure, Services & Financial Products",31,13315683.57216,14510941.159769993,475888.3968700005,12839795.17529,14035052.762899993,27826624.731929995,17.14150388044263,-1195257.5876099933,-0.04295373941771963,0.04295373941771963
2020-10-12,"Lending, Borrowing & Real World Assets",20,146876730.02334008,131085732.22354011,43366585.6006501,103510144.42268997,87719146.62289001,277962462.2468802,19.442996638246512,15790997.799799964,0.056809821269228594,-0.056809821269228594
2020-10-12,Privacy & Security,0,0.0,0.0,0.0,0.0,0.0,0.0,0.0,0.0,,
2020-10-12,Trading & Exchanges,50,184794882.81214988,267131334.3316701,4903576.145479992,179891306.6666699,262227758.18619013,451926217.14382,19.929029490277266,-82336451.51952022,-0.18219003101853162,0.18219003101853162
2020-10-12,Primary Market Tokens,170,333825082.5552401,250694568.46224988,0.0,333825082.5552401,250694568.46224988,584519651.0174899,20.186300960240175,83130514.09299022,0.14222022125053038,-0.14222022125053038
2020-10-12,Other / Unknown,2,57079.71757000001,0.0,0.0,57079.71757000001,0.0,57079.71757000001,10.95222164281519,57079.71757000001,1.0,-1.0
2020-10-19,Asset Management,22,302037404.05547,320153896.43229,298394565.24478,3642838.8106899858,21759331.187510014,622191300.4877601,20.24875816207898,-18116492.376820028,-0.029117238319818682,0.029117238319818682
2020-10-19,"Infrastructure, Services & Financial Products",31,18879451.690149996,64644593.10321002,4360007.526609999,14519444.163539998,60284585.576600015,83524044.79336001,18.240645121937828,-45765141.413060024,-0.5479277437567087,0.5479277437567087
2020-10-19,"Lending, Borrowing & Real World Assets",19,926835149.34892,531826202.9245099,459857824.94169986,466977324.4072201,71968377.98281002,1458661352.2734299,21.1007849707543,395008946.4244101,0.2708023667102442,-0.2708023667102442
2020-10-19,Privacy & Security,0,0.0,0.0,0.0,0.0,0.0,0.0,0.0,0.0,,
2020-10-19,Trading & Exchanges,49,284482362.1763599,260711221.90223,5156964.528229999,279325397.6481299,255554257.37399998,545193584.0785899,20.116651491537294,23771140.274129897,0.04360128396284149,-0.04360128396284149
2020-10-19,Primary Market Tokens,175,338285913.20888,693191893.04054,0.0,338285913.20888,693191893.04054,1031477806.2494199,20.754258375216907,-354905979.83166,-0.34407524590581523,0.34407524590581523
2020-10-19,Other / Unknown,2,7526.92300000001,0.0,0.0,7526.92300000001,0.0,7526.92300000001,8.926374452732565,7526.92300000001,1.0,-1.0
2020-10-26,Asset Management,23,469070026.6831901,500895740.20225006,467651389.1080401,1418637.575150013,33244351.09420997,969965766.8854401,20.692771337999215,-31825713.519059956,-0.03281117190481095,0.03281117190481095
2020-10-26,"Infrastructure, Services & Financial Products",34,72936661.95250997,32068414.17923,2500498.126879999,70436163.82562996,29567916.052350003,105005076.13173997,18.469519260588417,40868247.773279965,0.38920259171096094,-0.38920259171096094
2020-10-26,"Lending, Borrowing & Real World Assets",19,294391171.4881998,372745023.35147977,177497115.0078898,116894056.48030996,195247908.34358996,667136194.8396795,20.318504774699306,-78353851.86328,-0.11744806003534156,0.11744806003534156
2020-10-26,Privacy & Security,0,0.0,0.0,0.0,0.0,0.0,0.0,0.0,0.0,,
2020-10-26,Trading & Exchanges,50,237233498.97754997,237130451.4710002,13353774.48247,223879724.49507996,223776676.9885302,474363950.44855016,19.97748541508889,103047.5065497756,0.000217233005274401,-0.000217233005274401
2020-10-26,Primary Market Tokens,177,378340007.78563017,309141276.45386994,0.0,378340007.78563017,309141276.45386994,687481284.2395,20.34854516566467,69198731.33176023,0.1006554402543608,-0.1006554402543608
2020-10-26,Other / Unknown,2,9538.770749999996,0.0,0.0,9538.770749999996,0.0,9538.770749999996,9.163224733755275,9538.770749999996,1.0,-1.0
2020-11-02,Asset Management,25,394458696.17946005,347208776.42770004,336881873.2085,57576822.97096002,10326903.219200015,741667472.6071601,20.424411551905568,47249919.751760006,0.06370768773998388,-0.06370768773998388
2020-11-02,"Infrastructure, Services & Financial Products",33,6762967.130449999,138559839.80479,966776.1716299991,5796190.95882,137593063.63316,145322806.93524,18.79446808755862,-131796872.67434,-0.906924903625571,0.906924903625571
2020-11-02,"Lending, Borrowing & Real World Assets",19,624946345.6181297,182238031.54840973,136971506.16249973,487974839.45563,45266525.385910004,807184377.1665394,20.509062673702598,442708314.06972003,0.54845996353864,-0.54845996353864
2020-11-02,Privacy & Security,0,0.0,0.0,0.0,0.0,0.0,0.0,0.0,0.0,,
2020-11-02,Trading & Exchanges,51,259043200.76535013,86097133.72076,3462650.39237,255580550.37298015,82634483.32839,345140334.48611015,19.659461661812294,172946067.04459012,0.5010891216238019,-0.5010891216238019
2020-11-02,Primary Market Tokens,177,95257579.82508999,626365009.7664301,0.0,95257579.82508999,626365009.7664301,721622589.5915201,20.397012832474765,-531107429.94134015,-0.7359905823374758,0.7359905823374758
2020-11-02,Other / Unknown,2,1.7496099999989383,0.0,0.0,1.7496099999989383,0.0,1.7496099999989383,1.0114590834391264,1.7496099999989383,1.0,-1.0
2020-11-09,Asset Management,26,89381981.65650994,95410945.79596993,80200112.60405993,9181869.052450001,15210833.191909999,184792927.45247987,19.034746450489912,-6028964.139459997,-0.03262551344672196,0.03262551344672196
2020-11-09,"Infrastructure, Services & Financial Products",34,16312470.258959994,27496982.814709987,3200366.9280999997,13112103.330859995,24296615.886609986,43809453.073669985,17.595360198486006,-11184512.555749994,-0.2552990683755425,0.2552990683755425
2020-11-09,"Lending, Borrowing & Real World Assets",19,655179488.1265402,472193910.38280016,454438190.29147017,200741297.83507,17755720.09132999,1127373398.5093403,20.843156338787836,182985577.74374002,0.16231142049802763,-0.16231142049802763
2020-11-09,Privacy & Security,0,0.0,0.0,0.0,0.0,0.0,0.0,0.0,0.0,,
2020-11-09,Trading & Exchanges,52,528375280.92784,47120899.88584,11649926.692719996,516725354.23512,35470973.19312,575496180.8136799,20.170743151549345,481254381.042,0.836242527902733,-0.836242527902733
2020-11-09,Primary Market Tokens,177,32897227.118240014,679939702.0161799,0.0,32897227.118240014,679939702.0161799,712836929.1344199,20.384763242731676,-647042474.8979399,-0.9077005531736795,0.9077005531736795
2020-11-09,Other / Unknown,2,15992.807410000009,0.0,0.0,15992.807410000009,0.0,15992.807410000009,9.679956889428816,15992.807410000009,1.0,-1.0
2020-11-16,Asset Management,30,911100179.4180698,891533494.7136599,888536928.9452798,22563250.472790003,2996565.768380046,1802633674.1317296,21.312514585334327,19566684.704409957,0.010854498606786871,-0.010854498606786871
2020-11-16,"Infrastructure, Services & Financial Products",35,12400138.46964,136027926.04174,814125.4734500013,11586012.996189998,135213800.56829,148428064.51138,18.81561099151312,-123627787.5721,-0.832913829194488,0.832913829194488
2020-11-16,"Lending, Borrowing & Real World Assets",21,814149817.8919301,206819228.53353006,185311631.81103006,628838186.0809001,21507596.722499996,1020969046.4254601,20.744018059729598,607330589.3584001,0.5948570051998542,-0.5948570051998542
2020-11-16,Privacy & Security,0,0.0,0.0,0.0,0.0,0.0,0.0,0.0,0.0,,
2020-11-16,Trading & Exchanges,53,1359070376.9657998,1577803038.5530703,17969552.906970005,1341100824.0588298,1559833485.6461003,2936873415.5188704,21.800611388649084,-218732661.5872705,-0.07447806923902645,0.07447806923902645
2020-11-16,Primary Market Tokens,184,1541271048.1179702,1825810870.70434,0.0,1541271048.1179702,1825810870.70434,3367081918.8223104,21.93731230704093,-284539822.58636975,-0.08450635578414796,0.08450635578414796
2020-11-16,Other / Unknown,2,2997.682929999981,0.0,0.0,2997.682929999981,0.0,2997.682929999981,8.005928447917949,2997.682929999981,1.0,-1.0
2020-11-23,Asset Management,29,448937462.82422996,453001569.49581,445716041.98499995,3221420.839230001,7285527.510810018,901939032.32004,20.620057485188273,-4064106.6715800166,-0.004505966064165108,0.004505966064165108
2020-11-23,"Infrastructure, Services & Financial Products",34,34121799.321749985,32850460.17108,325463.9431100004,33796335.37863998,32524996.22797,66972259.492829986,18.01978906912919,1271339.1506699845,0.018983070905739613,-0.018983070905739613
2020-11-23,"Lending, Borrowing & Real World Assets",24,640272168.4267398,587040212.1558999,361250974.90631986,279021193.52041996,225789237.24958003,1227312380.5826397,20.928092559989626,53231956.27083993,0.043372785211837614,-0.043372785211837614
2020-11-23,Privacy & Security,0,0.0,0.0,0.0,0.0,0.0,0.0,0.0,0.0,,
2020-11-23,Trading & Exchanges,52,67284291.45602003,301402084.4518297,15330226.631460004,51954064.824560024,286071857.82036966,368686375.90784967,19.725456913532998,-234117792.99580964,-0.6350052735724783,0.6350052735724783
2020-11-23,Primary Market Tokens,191,479644323.9656697,295991384.92853004,0.0,479644323.9656697,295991384.92853004,775635708.8941997,20.469193521910586,183652939.03713965,0.23677731302362043,-0.23677731302362043
2020-11-23,Other / Unknown,2,25665.208740000002,0.0,0.0,25665.208740000002,0.0,25665.208740000002,10.152930570709852,25665.208740000002,1.0,-1.0
2020-11-30,Asset Management,32,111403379.71198995,105254955.32702996,103191851.78661996,8211527.925369993,2063103.540409997,216658335.0390199,19.193832182395987,6148424.384959996,0.028378434570046296,-0.028378434570046296
2020-11-30,"Infrastructure, Services & Financial Products",37,32007724.139080003,66588995.09388998,24644789.183680005,7362934.9553999975,41944205.910209976,98596719.23296998,18.406548555662322,-34581270.95480998,-0.350734499320402,0.350734499320402
2020-11-30,"Lending, Borrowing & Real World Assets",25,592640025.9131002,342214386.5523002,269086290.6435802,323553735.26952004,73128095.90872002,934854412.4654005,20.65590136760565,250425639.36080003,0.26787661909877164,-0.26787661909877164
2020-11-30,Privacy & Security,0,0.0,0.0,0.0,0.0,0.0,0.0,0.0,0.0,,
2020-11-30,Trading & Exchanges,56,457446489.1557,43114198.33521,6224329.1486399975,451222160.00706005,36889869.18657,500560687.49091005,20.031239405094762,414332290.82049,0.8277363787742802,-0.8277363787742802
2020-11-30,Primary Market Tokens,195,79090943.33228005,715406394.3986301,0.0,79090943.33228005,715406394.3986301,794497337.7309102,20.493220194320468,-636315451.0663501,-0.8009031885288268,0.8009031885288268
2020-11-30,Other / Unknown,2,0.0,9632.54509,0.0,0.0,9632.54509,9632.54509,9.17300656685172,-9632.54509,-1.0,1.0
2020-12-07,Asset Management,32,104056651.67080998,106578202.80478998,102479105.42589998,1577546.2449100018,4099097.378889993,210634854.47559994,19.165636649551757,-2521551.133979991,-0.011971196031434051,0.011971196031434051
2020-12-07,"Infrastructure, Services & Financial Products",37,50197413.024290025,26382738.470879998,1574405.5676100003,48623007.45668002,24808332.90327,76580151.49517003,18.15384849532993,23814674.553410027,0.31097711467588357,-0.31097711467588357
2020-12-07,"Lending, Borrowing & Real World Assets",26,893585584.1333201,504674896.49628013,269252772.22568005,624332811.90764,235422124.27060008,1398260480.6296003,21.05849478788647,388910687.63703996,0.27813893979319476,-0.27813893979319476
2020-12-07,Privacy & Security,0,0.0,0.0,0.0,0.0,0.0,0.0,0.0,0.0,,
2020-12-07,Trading & Exchanges,55,148731643.7891099,306928250.33345973,9232153.659550004,139499490.12955987,297696096.6739097,455659894.1225696,19.93725724516917,-158196606.54434985,-0.3471813266536817,0.3471813266536817
2020-12-07,Primary Market Tokens,202,440178117.07630986,692170545.1672199,0.0,440178117.07630986,692170545.1672199,1132348662.2435298,20.84755977570205,-251992428.09091002,-0.22253960859691022,0.22253960859691022
2020-12-07,Other / Unknown,2,0.0,14776.42121,0.0,0.0,14776.42121,14776.42121,9.600855700929955,-14776.42121,-1.0,1.0
2020-12-14,Asset Management,36,97351983.47865996,85094917.79650997,76610970.37215996,20741013.1065,8483947.424350008,182446901.2751699,19.021969742216267,12257065.682149991,0.06718155033865798,-0.06718155033865798
2020-12-14,"Infrastructure, Services & Financial Products",37,8950966.00016,83354222.14269994,225147.78866999992,8725818.21149,83129074.35402994,92305188.14285994,18.34061091829212,-74403256.14253995,-0.8060571419602837,0.8060571419602837
2020-12-14,"Lending, Borrowing & Real World Assets",29,1060038089.70825,272813840.2567504,240206165.79353037,819831923.9147197,32607674.46322003,1332851929.9650004,21.010586792427056,787224249.4514997,0.590631436060697,-0.590631436060697
2020-12-14,Privacy & Security,0,0.0,0.0,0.0,0.0,0.0,0.0,0.0,0.0,,
2020-12-14,Trading & Exchanges,55,850509687.2899595,65376453.45795009,10761789.001670003,839747898.2882895,54614664.45628009,915886140.7479097,20.63540261551075,785133233.8320094,0.8572389065641632,-0.8572389065641632
2020-12-14,Primary Market Tokens,207,60607378.084120095,1570779768.4196794,0.0,60607378.084120095,1570779768.4196794,1631387146.5037994,21.21269650059928,-1510172390.3355594,-0.9256983503713306,0.9256983503713306
2020-12-14,Other / Unknown,2,0.0,38902.48756000001,0.0,0.0,38902.48756000001,38902.48756000001,10.568839180086528,-38902.48756000001,-1.0,1.0
2020-12-21,Asset Management,36,300720536.3765801,170737186.01442006,167055884.50824007,133664651.86834005,3681301.5061799884,471457722.39100015,19.971339991947733,129983350.36216006,0.2757052100089672,-0.2757052100089672
2020-12-21,"Infrastructure, Services & Financial Products",38,113704862.05685,10546507.116929999,2626675.239989999,111078186.81686,7919831.876939999,124251369.17378,18.637817250435784,103158354.93992001,0.8302391806696395,-0.8302391806696395
2020-12-21,"Lending, Borrowing & Real World Assets",29,539945801.0613601,410958545.6950602,181179799.45758018,358766001.6037799,229778746.23748,950904346.7564204,20.672924034753315,128987255.36629993,0.13564693000540123,-0.13564693000540123
2020-12-21,Privacy & Security,0,0.0,0.0,0.0,0.0,0.0,0.0,0.0,0.0,,
2020-12-21,Trading & Exchanges,57,645357735.1486396,31119884.133329995,4721250.645589993,640636484.5030496,26398633.487740003,676477619.2819695,20.332409923404803,614237851.0153096,0.9079943423217418,-0.9079943423217418
2020-12-21,Primary Market Tokens,210,119277878.90329,1095649598.1078496,0.0,119277878.90329,1095649598.1078496,1214927477.0111396,20.91795022307775,-976371719.2045596,-0.8036460921984788,0.8036460921984788
2020-12-21,Other / Unknown,2,4907.520870000008,0.0,0.0,4907.520870000008,0.0,4907.520870000008,8.498727926931627,4907.520870000008,1.0,-1.0
2020-12-28,Asset Management,37,633455987.7454002,508959492.75916016,498509817.62120014,134946170.12420005,10449675.137960017,1142415480.5045605,20.856410701194957,124496494.98624003,0.10897654759654934,-0.10897654759654934
2020-12-28,"Infrastructure, Services & Financial Products",39,7721304.40676,127563379.33422999,1834843.6621699987,5886460.744590001,125728535.67206,135284683.74098998,18.722891891915005,-119842074.92747,-0.8858510188552777,0.8858510188552777
2020-12-28,"Lending, Borrowing & Real World Assets",30,3115706703.2889705,1252623580.04116,1137847268.6443002,1977859434.6446702,114776311.39685988,4368330283.330131,22.197646687074823,1863083123.2478104,0.4264977697216423,-0.4264977697216423
2020-12-28,Privacy & Security,0,0.0,0.0,0.0,0.0,0.0,0.0,0.0,0.0,,
2020-12-28,Trading & Exchanges,58,921919638.3242292,75216342.74210015,8575396.668690002,913344241.6555393,66640946.073410146,997135981.0663294,20.720397709865722,846703295.5821291,0.8491352349723368,-0.8491352349723368
2020-12-28,Primary Market Tokens,213,139987955.81892014,2860501477.89169,0.0,139987955.81892014,2860501477.89169,3000489433.71061,21.822041257211374,-2720513522.0727696,-0.9066899191537552,0.9066899191537552
2020-12-28,Other / Unknown,3,6086428.711960001,13745.527900000016,0.0,6086428.711960001,13745.527900000016,6100174.239860001,15.623828056576805,6072683.184060001,0.9954933982671565,-0.9954933982671565
2021-01-04,Asset Management,39,309737173.23255,149178520.26726,132122509.74125999,177614663.49129003,17056010.525999993,458915693.49981,19.944377079041328,160558652.96529004,0.3498652481043482,-0.3498652481043482
2021-01-04,"Infrastructure, Services & Financial Products",39,25096712.102030005,222254954.99078003,3328428.7108500004,21768283.391180005,218926526.27993003,247351667.09281003,19.326321639471367,-197158242.88875002,-0.7970766690437275,0.7970766690437275
2021-01-04,"Lending, Borrowing & Real World Assets",30,2486127635.07793,1840833866.6433399,1271491418.18973,1214636216.8882,569342448.45361,4326961501.72127,22.188131401158888,645293768.4345901,0.14913323545353746,-0.14913323545353746
2021-01-04,Privacy & Security,0,0.0,0.0,0.0,0.0,0.0,0.0,0.0,0.0,,
2021-01-04,Trading & Exchanges,59,2297805438.19501,107817635.98443002,29513312.468630005,2268292125.7263803,78304323.51580001,2405623074.17944,21.60107478186871,2189987802.2105803,0.910361987177724,-0.910361987177724
2021-01-04,Primary Market Tokens,218,562045838.3470701,3353937551.10441,0.0,562045838.3470701,3353937551.10441,3915983389.4514804,22.088332320147938,-2791891712.75734,-0.7129477924441364,0.7129477924441364
2021-01-04,Other / Unknown,3,0.0,6790267.96437,0.0,0.0,6790267.96437,6790267.96437,15.731001110586876,-6790267.96437,-1.0,1.0
2021-01-11,Asset Management,39,438258628.53285,287649341.1380101,257769992.2849801,180488636.24786994,29879348.853029996,725907969.67086,20.40293380259272,150609287.39483994,0.2074771096164283,-0.2074771096164283
2021-01-11,"Infrastructure, Services & Financial Products",41,55614073.41606,201224249.22879,3718242.6582800006,51895830.75778,197506006.57050997,256838322.64485,19.36395735402273,-145610175.81272998,-0.5669332143010306,0.5669332143010306
2021-01-11,"Lending, Borrowing & Real World Assets",30,3350353566.7016006,1814713267.6658301,1328493264.3226702,2021860302.3789303,486220003.3431599,5165066834.367431,22.365183879486068,1535640299.0357704,0.29731276443857313,-0.29731276443857313
2021-01-11,Privacy & Security,0,0.0,0.0,0.0,0.0,0.0,0.0,0.0,0.0,,
2021-01-11,Trading & Exchanges,60,602328785.1212498,1899511776.9009795,13567080.065249996,588761705.0559998,1885944696.8357296,2501840562.022229,21.640292523148624,-1297182991.7797298,-0.518491470428164,0.518491470428164
2021-01-11,Primary Market Tokens,226,2256549957.2074494,2500204998.0286303,0.0,2256549957.2074494,2500204998.0286303,4756754955.23608,22.282831540821714,-243655040.82118082,-0.051222954117696,0.051222954117696
2021-01-11,Other / Unknown,3,206925.05154999846,8303.06852000003,0.0,206925.05154999846,8303.06852000003,215228.1200699985,12.279458414425742,198621.98302999843,0.9228440176190766,-0.9228440176190766
2021-01-18,Asset Management,42,248857102.2151899,337304922.3001999,195274390.3628199,53582711.852369994,142030531.93738002,586162024.5153898,20.189106803377417,-88447820.08501002,-0.15089312576694877,0.15089312576694877
2021-01-18,"Infrastructure, Services & Financial Products",41,69514562.28878,134368290.71702003,4759837.576949998,64754724.711830005,129608453.14007004,203882853.00580004,19.133056141797034,-64853728.42824003,-0.31809309842449124,0.31809309842449124
2021-01-18,"Lending, Borrowing & Real World Assets",31,1355756815.5982003,2386837920.8685,962347697.1920302,393409118.4061701,1424490223.67647,3742594736.4667006,22.043044987890024,-1031081105.2702999,-0.2754989994571842,0.2754989994571842
2021-01-18,Privacy & Security,0,0.0,0.0,0.0,0.0,0.0,0.0,0.0,0.0,,
2021-01-18,Trading & Exchanges,63,1060604548.2380098,500419193.25406027,5976598.887839998,1054627949.3501698,494442594.3662203,1561023741.4920702,21.168607688160368,560185354.9839495,0.35885767787779366,-0.35885767787779366
2021-01-18,Primary Market Tokens,226,1805180507.13696,1180707783.6666298,0.0,1805180507.13696,1180707783.6666298,2985888290.80359,21.81716312471512,624472723.4703302,0.20914135515172483,-0.20914135515172483
2021-01-18,Other / Unknown,3,0.0,275424.6707300013,0.0,0.0,275424.6707300013,275424.6707300013,12.526073073459912,-275424.6707300013,-1.0,1.0
2021-01-25,Asset Management,44,57977594.91130005,157172275.09106004,30497106.709760055,27480488.201539993,126675168.38129999,215149870.0023601,19.186845417677986,-99194680.17976,-0.46104922200823023,0.46104922200823023
2021-01-25,"Infrastructure, Services & Financial Products",41,207290061.67227998,77952607.84615001,51485899.420290016,155804162.25198996,26466708.425859995,285242669.51843,19.468850851436567,129337453.82612997,0.45342954490114695,-0.45342954490114695
2021-01-25,"Lending, Borrowing & Real World Assets",30,1409124482.27443,886935213.7154799,536187043.9869299,872937438.2875001,350748169.72854996,2296059695.98991,21.554460315496872,522189268.5589502,0.2274284372792914,-0.2274284372792914
2021-01-25,Privacy & Security,0,0.0,0.0,0.0,0.0,0.0,0.0,0.0,0.0,,
2021-01-25,Trading & Exchanges,63,1217499392.1816704,213874817.08903039,25188532.62431001,1192310859.5573604,188686284.46472037,1431374209.270701,21.08190080596988,1003624575.09264,0.7011615611014792,-0.7011615611014792
2021-01-25,Primary Market Tokens,227,255641445.7225504,1810652793.6084406,0.0,255641445.7225504,1810652793.6084406,2066294239.330991,21.449022617798786,-1555011347.8858902,-0.752560462245377,0.752560462245377
2021-01-25,Other / Unknown,3,181429.96387000004,1126699.3759400023,0.0,181429.96387000004,1126699.3759400023,1308129.3398100024,14.084109454207516,-945269.4120700022,-0.7226115822822968,0.7226115822822968
2021-02-01,Asset Management,46,445664383.83458996,381932636.76351,246736739.75381994,198927644.08077002,135195897.00969005,827597020.5981,20.53403690498687,63731747.07107997,0.07700818814574921,-0.07700818814574921
2021-02-01,"Infrastructure, Services & Financial Products",42,86827112.10886002,241882872.21824995,22158736.60139,64668375.50747001,219724135.61685994,328709984.32710993,19.610686416411887,-155055760.10938993,-0.4717099190850526,0.4717099190850526
2021-02-01,"Lending, Borrowing & Real World Assets",30,4261892777.90852,2214920068.59406,1937377114.84246,2324515663.06606,277542953.7516,6476812846.502581,22.591494381794195,2046972709.3144603,0.3160462958907029,-0.3160462958907029
2021-02-01,Privacy & Security,0,0.0,0.0,0.0,0.0,0.0,0.0,0.0,0.0,,
2021-02-01,Trading & Exchanges,64,3561352330.8576674,192525657.26709998,64314129.71494995,3497038201.1427174,128211527.55215003,3753877988.1247673,22.046055273017483,3368826673.5905676,0.8974257246100451,-0.8974257246100451
2021-02-01,Primary Market Tokens,235,105282480.93621,5413752820.943478,0.0,105282480.93621,5413752820.943478,5519035301.879687,22.431468917991342,-5308470340.007268,-0.9618475058855477,0.9618475058855477
2021-02-01,Other / Unknown,3,0.0,16005029.859450003,0.0,0.0,16005029.859450003,16005029.859450003,16.58841365949733,-16005029.859450003,-1.0,1.0
2021-02-08,Asset Management,48,493511301.41718006,443783194.16004014,333739272.6675301,159772028.74964994,110043921.49251002,937294495.5772202,20.658508088129242,49728107.25713992,0.05305494430170054,-0.05305494430170054
2021-02-08,"Infrastructure, Services & Financial Products",42,124391146.39530995,663380637.36201,100220552.80230996,24170593.592999995,563160084.5597,787771783.7573199,20.484718992624003,-538989490.9667001,-0.6841949687458475,0.6841949687458475
2021-02-08,"Lending, Borrowing & Real World Assets",31,5356156775.23379,2384794309.84402,2055546764.65593,3300610010.5778604,329247545.18808985,7740951085.07781,22.769790396337218,2971362465.3897705,0.38384979219383647,-0.38384979219383647
2021-02-08,Privacy & Security,0,0.0,0.0,0.0,0.0,0.0,0.0,0.0,0.0,,
2021-02-08,Trading & Exchanges,66,3225631511.744649,369490823.7413701,73795672.86909999,3151835838.875549,295695150.8722701,3595122335.486019,22.002843857161015,2856140688.0032787,0.7944488174467536,-0.7944488174467536
2021-02-08,Primary Market Tokens,234,152909177.01847008,5493018776.775819,0.0,152909177.01847008,5493018776.775819,5645927953.794289,22.45420040629854,-5340109599.757349,-0.9458338192517286,0.9458338192517286
2021-02-08,Other / Unknown,3,2000556.4057399933,132726.33188000007,0.0,2000556.4057399933,132726.33188000007,2133282.7376199933,14.573173011400923,1867830.0738599934,0.8755661126962695,-0.8755661126962695
2021-02-15,Asset Management,48,226340121.25467005,110679792.16950001,62768905.61372998,163571215.64094007,47910886.555770025,337019913.4241701,19.635652579817496,115660329.08517005,0.3431854453644733,-0.3431854453644733
2021-02-15,"Infrastructure, Services & Financial Products",42,141419721.14382002,922699293.9844799,37095211.67525999,104324509.46856003,885604082.30922,1064119015.1283,20.785413078873745,-781279572.8406599,-0.7342031875508415,0.7342031875508415
2021-02-15,"Lending, Borrowing & Real World Assets",31,6664448516.45496,1552422905.7384508,1302024856.1205707,5362423660.334389,250398049.6178801,8216871422.193411,22.82945536811494,5112025610.716509,0.622137714959145,-0.622137714959145
2021-02-15,Privacy & Security,0,0.0,0.0,0.0,0.0,0.0,0.0,0.0,0.0,,
2021-02-15,Trading & Exchanges,68,2948877846.499581,462785331.20034015,24822085.259850003,2924055761.239731,437963245.9404901,3411663177.699921,21.950465745026573,2486092515.2992406,0.7287039739296062,-0.7287039739296062
2021-02-15,Primary Market Tokens,240,180027764.32874995,7107504378.654281,0.0,180027764.32874995,7107504378.654281,7287532142.98303,22.709430799451447,-6927476614.325531,-0.9505929412600688,0.9505929412600688
2021-02-15,Other / Unknown,3,0.0,5022267.934730005,0.0,0.0,5022267.934730005,5022267.934730005,15.429392368586038,-5022267.934730005,-1.0,1.0
2021-02-22,Asset Management,50,175048433.95735997,294097242.72277,63582456.65233998,111465977.30501999,230514786.07042998,469145676.68012995,19.96642389157067,-119048808.76541,-0.2537565934910643,0.2537565934910643
2021-02-22,"Infrastructure, Services & Financial Products",43,1055178836.8316,215605376.16501,159172790.34843,896006046.4831699,56432585.81658,1270784212.99661,20.962900038183495,839573460.66659,0.6606735054465378,-0.6606735054465378
2021-02-22,"Lending, Borrowing & Real World Assets",32,3211750011.7894106,5666888587.458841,1646285508.8209205,1565464502.9684901,4020603078.637921,8878638599.248253,22.906914071414334,-2455138575.6694307,-0.2765219631619317,0.2765219631619317
2021-02-22,Privacy & Security,1,0.0,0.0,0.0,0.0,0.0,0.0,0.0,0.0,,
2021-02-22,Trading & Exchanges,69,821545008.73082,4669943053.618077,62418507.009750016,759126501.7210699,4607524546.608327,5491488062.348897,22.42646510553082,-3848398044.8872576,-0.700793300685273,0.700793300685273
2021-02-22,Primary Market Tokens,245,7410865871.774168,1838876153.3329499,0.0,7410865871.774168,1838876153.3329499,9249742025.107119,22.947861499012337,5571989718.441218,0.6023940671336389,-0.6023940671336389
2021-02-22,Other / Unknown,3,11022250.214289999,0.0,0.0,11022250.214289999,0.0,11022250.214289999,16.215426625244152,11022250.214289999,1.0,-1.0
2021-03-01,Asset Management,52,136833983.79881003,238394836.97802004,71595000.61770004,65238983.181109995,166799836.36032,375228820.7768301,19.743046589248486,-101560853.17921,-0.27066378581727873,0.27066378581727873
2021-03-01,"Infrastructure, Services & Financial Products",46,116919873.35658002,352277905.45785993,71990503.00366001,44929370.35292001,280287402.4541999,469197778.81443995,19.966534942879118,-235358032.1012799,-0.5016179588402531,0.5016179588402531
2021-03-01,"Lending, Borrowing & Real World Assets",32,3406917443.28201,1399423401.8578,765033204.4836901,2641884238.79832,634390197.3741099,4806340845.139811,22.293201892707174,2007494041.42421,0.4176761711467457,-0.4176761711467457
2021-03-01,Privacy & Security,0,0.0,0.0,0.0,0.0,0.0,0.0,0.0,0.0,,
2021-03-01,Trading & Exchanges,74,2881384497.4548383,363659997.44496,77488323.10756999,2803896174.347268,286171674.33739,3245044494.8997984,21.900394899150147,2517724500.009878,0.7758674816221962,-0.7758674816221962
2021-03-01,Primary Market Tokens,260,625944201.18802,4805989141.583899,0.0,625944201.18802,4805989141.583899,5431933342.771918,22.415560956098783,-4180044940.395879,-0.7695317075195919,0.7695317075195919
2021-03-01,Other / Unknown,3,156.97884000005433,8254872.736560005,0.0,156.97884000005433,8254872.736560005,8255029.715400005,15.926333356153187,-8254715.757720005,-0.9999619677104961,0.9999619677104961
2021-03-08,Asset Management,53,323473876.6566201,194302837.26340008,147966887.7870501,175506988.86957,46335949.47634998,517776713.92002016,20.065054655016066,129171039.39322,0.24947247707468895,-0.24947247707468895
2021-03-08,"Infrastructure, Services & Financial Products",48,415415656.55449,665339037.9740201,80606737.12531999,334808919.42917,584732300.8487002,1080754694.52851,20.80092542619701,-249923381.41953015,-0.23124894361764645,0.23124894361764645
2021-03-08,"Lending, Borrowing & Real World Assets",32,6992246889.64774,1642615064.8770494,912808630.1730194,6079438259.474721,729806434.70403,8634861954.52479,22.879073561795934,5349631824.770691,0.6195387781465815,-0.6195387781465815
2021-03-08,Privacy & Security,0,0.0,0.0,0.0,0.0,0.0,0.0,0.0,0.0,,
2021-03-08,Trading & Exchanges,78,5745946604.967521,254012022.4343002,44522378.668160014,5701424226.29936,209489643.7661402,5999958627.401821,22.51501841088433,5491934582.53322,0.9153287420102442,-0.9153287420102442
2021-03-08,Primary Market Tokens,265,362069927.8059002,11071469626.576233,0.0,362069927.8059002,11071469626.576233,11433539554.382133,23.159816939201423,-10709399698.770332,-0.9366652949274785,0.9366652949274785
2021-03-08,Other / Unknown,3,0.0,11414366.507270006,0.0,0.0,11414366.507270006,11414366.507270006,16.250383427498946,-11414366.507270006,-1.0,1.0
2021-03-15,Asset Management,53,456159044.8179601,265545955.03348008,257995672.95053008,198163371.86743,7550282.082949996,721704999.8514402,20.39712702728473,190613089.78448,0.26411496362602016,-0.26411496362602016
2021-03-15,"Infrastructure, Services & Financial Products",50,66338014.57231999,217582587.48524004,43097147.052109994,23240867.520209998,174485440.43313006,283920602.05756,19.464205190340692,-151244572.91292006,-0.532700240196933,0.532700240196933
2021-03-15,"Lending, Borrowing & Real World Assets",32,2643763545.86414,934651680.1859304,241561663.88713044,2402201881.97701,693090016.2988,3578415226.0500703,21.998185865341597,1709111865.6782098,0.47761697782757406,-0.47761697782757406
2021-03-15,Privacy & Security,0,0.0,0.0,0.0,0.0,0.0,0.0,0.0,0.0,,
2021-03-15,Trading & Exchanges,77,1288523321.375919,557618444.0858499,33209408.081850007,1255313913.294069,524409036.0039999,1846141765.461769,21.336363766644872,730904877.2900692,0.39590939924770646,-0.39590939924770646
2021-03-15,Primary Market Tokens,265,802726160.1221997,3274155050.0429087,0.0,802726160.1221997,3274155050.0429087,4076881210.165108,22.12859812402477,-2471428889.920709,-0.6062057642882903,0.6062057642882903
2021-03-15,Other / Unknown,3,0.0,7956369.919130006,0.0,0.0,7956369.919130006,7956369.919130006,15.889483539177707,-7956369.919130006,-1.0,1.0
2021-03-22,Asset Management,53,671375726.7245198,686369320.8690199,589659350.8495599,81716375.87495995,96709970.01945996,1357745047.5935397,21.02909110809927,-14993594.144500017,-0.01104301147779886,0.01104301147779886
2021-03-22,"Infrastructure, Services & Financial Products",52,188118567.59239998,58359128.18175002,21380603.341960013,166737964.25043997,36978524.83979001,246477695.77415,19.32278206773544,129759439.41064996,0.5264550977040529,-0.5264550977040529
2021-03-22,"Lending, Borrowing & Real World Assets",32,1275870351.6034698,1817829647.9970598,297881569.66856,977988781.9349098,1519948078.3284998,3093699999.6005297,21.852633622728625,-541959296.39359,-0.17518159371095124,0.17518159371095124
2021-03-22,Privacy & Security,0,0.0,0.0,0.0,0.0,0.0,0.0,0.0,0.0,,
2021-03-22,Trading & Exchanges,79,627887077.43039,1534412435.8574407,43137132.38597,584749945.04442,1491275303.4714708,2162299513.287831,21.49443808231654,-906525358.4270507,-0.41924134600976537,0.41924134600976537
2021-03-22,Primary Market Tokens,272,2464656442.0179906,1135906376.19537,0.0,2464656442.0179906,1135906376.19537,3600562818.213361,22.004356008859236,1328750065.8226206,0.36903954545694084,-0.36903954545694084
2021-03-22,Other / Unknown,3,4999860.87414,31117.14227000001,0.0,4999860.87414,31117.14227000001,5030978.01641,15.431125158606081,4968743.73187,0.987629784042585,-0.987629784042585
2021-03-29,Asset Management,54,194879796.10621017,98204511.98479013,7822236.872200146,187057559.23401004,90382275.11258999,293084308.0910003,19.495970869928765,96675284.12142004,0.3298548624152309,-0.3298548624152309
2021-03-29,"Infrastructure, Services & Financial Products",52,157456145.90687996,517057379.13471967,49998346.67145996,107457799.23542,467059032.4632597,674513525.0415996,20.32950228684556,-359601233.2278397,-0.5331267941671916,0.5331267941671916
2021-03-29,"Lending, Borrowing & Real World Assets",35,8567072632.84321,2209278969.820449,1787812992.687339,6779259640.155871,421465977.1331098,10776351602.663658,23.100619903924525,6357793663.022761,0.589976450049316,-0.589976450049316
2021-03-29,Privacy & Security,0,0.0,0.0,0.0,0.0,0.0,0.0,0.0,0.0,,
2021-03-29,Trading & Exchanges,82,4963379034.45078,366763156.35167,84005444.79212996,4879373589.65865,282757711.55954003,5330142190.80245,22.396643752404806,4596615878.09911,0.8623814738058783,-0.8623814738058783
2021-03-29,Primary Market Tokens,279,427865373.9416601,11112522084.360132,0.0,427865373.9416601,11112522084.360132,11540387458.301792,23.16911867279217,-10684656710.418472,-0.9258490452790011,0.9258490452790011
2021-03-29,Other / Unknown,3,0.0,6826881.596980002,0.0,0.0,6826881.596980002,6826881.596980002,15.736378699384233,-6826881.596980002,-1.0,1.0
2021-04-05,Asset Management,57,631625190.5715799,545136938.9387498,445132937.46493983,186492253.1066401,100004001.47380996,1176762129.5103297,20.88603254667791,86488251.63283014,0.07349680063958154,-0.07349680063958154
2021-04-05,"Infrastructure, Services & Financial Products",51,228402703.68042994,298149495.8171699,166888784.03691992,61513919.643510014,131260711.78024998,526552199.49759984,20.081861030867895,-69746792.13673997,-0.13245940706977882,0.13245940706977882
2021-04-05,"Lending, Borrowing & Real World Assets",36,3888387846.1297407,1944083678.8231297,1169410070.8470993,2718977775.2826414,774673607.9760303,5832471524.95287,22.486706679885298,1944304167.306611,0.3333585357405276,-0.3333585357405276
2021-04-05,Privacy & Security,0,0.0,0.0,0.0,0.0,0.0,0.0,0.0,0.0,,
2021-04-05,Trading & Exchanges,84,3069583223.0975676,1037067097.4779305,92078888.64648998,2977504334.4510775,944988208.8314406,4106650320.575498,22.13587352623992,2032516125.619637,0.49493284476551297,-0.49493284476551297
2021-04-05,Primary Market Tokens,283,1415380724.585831,5413688225.105929,0.0,1415380724.585831,5413688225.105929,6829068949.69176,22.644454183622344,-3998307500.5200987,-0.5854835454107646,0.5854835454107646
2021-04-05,Other / Unknown,3,4760152.677269995,14404.57951000001,0.0,4760152.677269995,14404.57951000001,4774557.256779995,15.378812015948387,4745748.097759996,0.9939661087990747,-0.9939661087990747
2021-04-12,Asset Management,59,190226058.57506964,272796822.03459966,162000296.9183597,28225761.65670994,110796525.11623996,463022880.6096693,19.953287031152623,-82570763.45953003,-0.17832976925634395,0.17832976925634395
2021-04-12,"Infrastructure, Services & Financial Products",51,72267222.84067997,446418915.74217993,38333073.904459976,33934148.93622,408085841.83772,518686138.5828599,20.066809517512628,-374151692.9015,-0.7213450776296954,0.7213450776296954
2021-04-12,"Lending, Borrowing & Real World Assets",36,10364961622.873362,2179941000.8778596,1670777131.99202,8694184490.881342,509163868.8858397,12544902623.75122,23.252580254658245,8185020621.995502,0.6524578840890188,-0.6524578840890188
2021-04-12,Privacy & Security,0,0.0,0.0,0.0,0.0,0.0,0.0,0.0,0.0,,
2021-04-12,Trading & Exchanges,88,2859405726.8451,365485519.54556996,83727076.75390999,2775678650.09119,281758442.79165995,3224891246.39067,21.89416506488623,2493920207.29953,0.7733346698406497,-0.7733346698406497
2021-04-12,Primary Market Tokens,290,238714597.33036986,10467232930.288261,0.0,238714597.33036986,10467232930.288261,10705947527.618631,23.094065267786462,-10228518332.957891,-0.9554052368154156,0.9554052368154156
2021-04-12,Other / Unknown,3,6699020.512090001,399060.4882000001,0.0,6699020.512090001,399060.4882000001,7098081.000290002,15.775335164712718,6299960.023890001,0.8875582039191449,-0.8875582039191449
2021-04-19,Asset Management,59,181425914.44550985,182753815.3099995,31478765.978619814,149947148.46689004,151275049.33137968,364179729.7555094,19.713158069550627,-1327900.8644896448,-0.003646278900204374,0.003646278900204374
2021-04-19,"Infrastructure, Services & Financial Products",53,309039162.96414,487828923.27429,151435391.11263,157603771.85151,336393532.16166,796868086.23843,20.49619971143539,-178789760.31015003,-0.22436556739788238,0.22436556739788238
2021-04-19,"Lending, Borrowing & Real World Assets",38,5716593432.69728,9034177845.83621,1986048859.2021806,3730544573.495099,7048128986.634029,14750771278.53349,23.414561208503024,-3317584413.1389303,-0.22490921664326438,0.22490921664326438
2021-04-19,Privacy & Security,0,0.0,0.0,0.0,0.0,0.0,0.0,0.0,0.0,,
2021-04-19,Trading & Exchanges,93,4903119052.465521,2204245499.66875,72853259.77994001,4830265792.685581,2131392239.8888097,7107364552.134271,22.68439734441502,2698873552.796771,0.3797291574112835,-0.3797291574112835
2021-04-19,Primary Market Tokens,300,8562136693.933359,7771589594.738471,0.0,8562136693.933359,7771589594.738471,16333726288.67183,23.516497904650862,790547099.1948881,0.04839967838466645,-0.04839967838466645
2021-04-19,Other / Unknown,3,8285755.298740001,4332.97683,0.0,8285755.298740001,4332.97683,8290088.275570001,15.930571296121043,8281422.321910001,0.9989546608706764,-0.9989546608706764
2021-04-26,Asset Management,62,527963151.0867099,3296058247.24026,243468599.5340299,284494551.55268,3052589647.70623,3824021398.32697,22.064568428178216,-2768095096.15355,-0.7238701899954343,0.7238701899954343
2021-04-26,"Infrastructure, Services & Financial Products",56,114504181.64256996,1468738940.70277,51028450.98816996,63475730.6544,1417710489.7146,1583243122.34534,21.18274118997247,-1354234759.0602,-0.8553548977709133,0.8553548977709133
2021-04-26,"Lending, Borrowing & Real World Assets",41,19508881221.849415,4033663784.6456685,3332829420.280049,16176051801.569366,700834364.3656197,23542545006.495083,23.882075047101793,15475217437.203747,0.6573298440306404,-0.6573298440306404
2021-04-26,Privacy & Security,0,0.0,0.0,0.0,0.0,0.0,0.0,0.0,0.0,,
2021-04-26,Trading & Exchanges,98,11683290190.957487,857517599.7515694,121490791.47576001,11561799399.481728,736026808.2758094,12540807790.709057,23.252253787278168,10825772591.205917,0.8632436420264941,-0.8632436420264941
2021-04-26,Primary Market Tokens,316,539040417.4328592,22715331131.618885,0.0,539040417.4328592,22715331131.618885,23254371549.051743,23.869758974963684,-22176290714.186028,-0.9536396486745875,0.9536396486745875
2021-04-26,Other / Unknown,3,0.0,2369459.0098900013,0.0,0.0,2369459.0098900013,2369459.0098900013,14.678172643222673,-2369459.0098900013,-1.0,1.0
2021-05-03,Asset Management,81,2286927634.6017013,2054915461.44001,1390235587.12084,896692047.4808612,664679874.31917,4341843096.041712,22.191564771646803,232012173.1616912,0.05343633291889511,-0.05343633291889511
2021-05-03,"Infrastructure, Services & Financial Products",77,126652417.58981997,2008954975.5378401,67759129.37631997,58893288.21349999,1941195846.1615202,2135607393.12766,21.482016936902937,-1882302557.9480202,-0.8813897929016496,0.8813897929016496
2021-05-03,"Lending, Borrowing & Real World Assets",48,16540137961.935795,3088713149.75849,2634807886.46781,13905330075.467985,453905263.29067993,19628851111.694286,23.700266316405052,13451424812.177305,0.6852884427944611,-0.6852884427944611
2021-05-03,Privacy & Security,2,0.0,31196.3705,0.0,0.0,31196.3705,31196.3705,10.348089091399759,-31196.3705,-1.0,1.0
2021-05-03,Trading & Exchanges,122,5261085886.273546,1324233185.6491516,120262804.06381004,5140823082.209736,1203970381.5853415,6585319071.922698,22.60810862547388,3936852700.6243944,0.5978226199258349,-0.5978226199258349
2021-05-03,Primary Market Tokens,469,822513290.2784703,16537941571.27105,0.0,822513290.2784703,16537941571.27105,17360454861.54952,23.57746074759512,-15715428280.992579,-0.9052428871434471,0.9052428871434471
2021-05-03,Other / Unknown,3,9229457.44218,31757108.09447,0.0,9229457.44218,31757108.09447,40986565.53665,17.528754925533523,-22527650.65229,-0.5496349927672246,0.5496349927672246
2021-05-10,Asset Management,96,4261008791.41399,2823266967.6019106,2074216489.2511406,2186792302.1628494,749050478.35077,7084275759.015901,22.6811434832714,1437741823.8120794,0.2029483143682426,-0.2029483143682426
2021-05-10,"Infrastructure, Services & Financial Products",87,2384539864.51118,526949226.78892,134882679.17510998,2249657185.33607,392066547.61381,2911489091.3001,21.791930502815095,1857590637.72226,0.6380208132233699,-0.6380208132233699
2021-05-10,"Lending, Borrowing & Real World Assets",51,7131700692.387468,15197462000.599997,2704070174.121199,4427630518.26627,12493391826.478798,22329162692.987465,23.829159405184903,-8065761308.212528,-0.3612209476509212,0.3612209476509212
2021-05-10,Privacy & Security,2,51.15098999999998,3957.659790000005,0.0,51.15098999999998,3957.659790000005,4008.8107800000053,8.296499332154854,-3906.508800000005,-0.9744807161988324,0.9744807161988324
2021-05-10,Trading & Exchanges,132,1898522046.1256802,9195399612.36037,108610127.48490992,1789911918.6407702,9086789484.875462,11093921658.486052,23.129663197033523,-7296877566.234691,-0.6577365327483726,0.6577365327483726
2021-05-10,Primary Market Tokens,657,17145409276.469847,5078934171.602039,0.0,17145409276.469847,5078934171.602039,22224343448.071884,23.824454076810905,12066475104.867807,0.542939553335361,-0.542939553335361
2021-05-10,Other / Unknown,3,7972106.50804,7136891.954170001,0.0,7972106.50804,7136891.954170001,15108998.46221,16.53080111512796,835214.553869999,0.05527927982513222,-0.05527927982513222
2021-05-17,Asset Management,92,4697550154.64826,3029287753.1163,932683417.1841697,3764866737.4640903,2096604335.9321303,7726837907.764561,22.767965548424637,1668262401.53196,0.2159049305092259,-0.2159049305092259
2021-05-17,"Infrastructure, Services & Financial Products",85,3450968392.83405,488635560.10235,253100364.49196,3197868028.34209,235535195.61039,3939603952.9364004,22.09434603589837,2962332832.7317,0.7519367094054499,-0.7519367094054499
2021-05-17,"Lending, Borrowing & Real World Assets",43,5677911337.52045,25823475393.703102,4608156838.61901,1069754498.9014397,21215318555.08409,31501386731.223553,24.173297405054196,-20145564056.18265,-0.6395135626272213,0.6395135626272213
2021-05-17,Privacy & Security,2,2621760.7590399995,0.0,0.0,2621760.7590399995,0.0,2621760.7590399995,14.779357076873968,2621760.7590399995,1.0,-1.0
2021-05-17,Trading & Exchanges,122,1452562896.8143396,16967355574.89062,106395172.29808992,1346167724.5162497,16860960402.59253,18419918471.70496,23.636698441743416,-15514792678.076279,-0.8422834608040597,0.8422834608040597
2021-05-17,Primary Market Tokens,577,32297174816.67472,1319498601.3778799,0.0,32297174816.67472,1319498601.3778799,33616673418.0526,24.238288013542736,30977676215.29684,0.9214973721540638,-0.9214973721540638
2021-05-17,Other / Unknown,3,49473796.271369986,10272.331979999968,0.0,49473796.271369986,10272.331979999968,49484068.60334998,17.717161349546807,49463523.93938999,0.9995848226603056,-0.9995848226603056
2021-05-24,Asset Management,112,2245309890.8613205,3338231623.109221,2135842708.4705007,109467182.39081979,1202388914.6387203,5583541513.970541,22.443089092117642,-1092921732.2479005,-0.19573987755142655,0.19573987755142655
2021-05-24,"Infrastructure, Services & Financial Products",90,511300032.6720099,525247027.61881995,67269601.31336,444030431.35864985,457977426.30546,1036547060.2908299,20.759160892852627,-13946994.946810067,-0.013455245286110674,0.013455245286110674
2021-05-24,"Lending, Borrowing & Real World Assets",55,9953506772.684061,4729800485.710461,2023700726.6483402,7929806046.035721,2706099759.0621204,14683307258.394522,23.409977124908256,5223706286.9736,0.35575815414386164,-0.35575815414386164
2021-05-24,Privacy & Security,2,249333.8546099998,32931.12588000001,0.0,249333.8546099998,32931.12588000001,282264.9804899998,12.550605098619963,216402.7287299998,0.7666651681492122,-0.7666651681492122
2021-05-24,Trading & Exchanges,148,3245286521.9351306,546629918.0714103,24838571.942180008,3220447949.9929504,521791346.12923026,3791916440.006541,22.056137385496857,2698656603.8637204,0.711686727954128,-0.711686727954128
2021-05-24,Primary Market Tokens,699,3188669990.323661,10017630454.63821,0.0,3188669990.323661,10017630454.63821,13206300444.961872,23.30395985917648,-6828960464.314549,-0.5170986751948202,0.5170986751948202
2021-05-24,Other / Unknown,3,13482094.928340001,232196.98513,0.0,13482094.928340001,232196.98513,13714291.913470002,16.43394912531718,13249897.94321,0.9661379549749937,-0.9661379549749937
2021-05-31,Asset Management,119,320460663.7065303,1568394688.5675304,177770307.4204202,142690356.28611007,1390624381.1471102,1888855352.2740607,21.359236849359775,-1247934024.861,-0.6606826845467905,0.6606826845467905
2021-05-31,"Infrastructure, Services & Financial Products",93,169434235.22000003,259908294.5463499,14130802.913080031,155303432.30692,245777491.63326988,429342529.7663499,19.877765598323432,-90474059.32634988,-0.21072699081450483,0.21072699081450483
2021-05-31,"Lending, Borrowing & Real World Assets",59,5001135213.882979,1514732141.6455693,877817994.1219696,4123317219.7610097,636914147.5235997,6515867355.528549,22.5975061708996,3486403072.23741,0.5350635428880063,-0.5350635428880063
2021-05-31,Privacy & Security,2,745140.0924300008,35546.780419999996,0.0,745140.0924300008,35546.780419999996,780686.8728500007,13.567930698300017,709593.3120100008,0.9089346019352631,-0.9089346019352631
2021-05-31,Trading & Exchanges,156,2417197981.962711,298436868.92286,59167973.670549974,2358030008.292161,239268895.25231004,2715634850.885571,21.722291594263446,2118761113.0398507,0.7802083967028633,-0.7802083967028633
2021-05-31,Primary Market Tokens,780,926548681.8704399,5188512199.160861,0.0,926548681.8704399,5188512199.160861,6115060881.031301,22.534020562214447,-4261963517.290421,-0.6969617474309829,0.6969617474309829
2021-05-31,Other / Unknown,4,311312.33720999997,5813489.448709995,0.0,311312.33720999997,5813489.448709995,6124801.785919994,15.627857115659546,-5502177.111499995,-0.898343702182931,0.898343702182931
2021-06-07,Asset Management,128,3608743777.7359095,3051258307.88236,2929515755.2845697,679228022.4513397,121742552.59779024,6660002085.618269,22.619385634804708,557485469.8535495,0.08370650079185318,-0.08370650079185318
2021-06-07,"Infrastructure, Services & Financial Products",97,818322865.4777101,213064376.67168003,34743242.436300054,783579623.0414101,178321134.23538,1031387242.1493902,20.754170571024314,605258488.80603,0.5868392239802032,-0.5868392239802032
2021-06-07,"Lending, Borrowing & Real World Assets",60,2199239682.1609697,6581225374.3116,1436182332.0892696,763057350.0717001,5145043042.22233,8780465056.472569,22.895795211012167,-4381985692.15063,-0.4990607745680196,0.4990607745680196
2021-06-07,Privacy & Security,3,63234.99051999999,105914.33731999992,0.0,63234.99051999999,105914.33731999992,169149.32783999993,12.038543112368371,-42679.34679999993,-0.25231756664366267,0.25231756664366267
2021-06-07,Trading & Exchanges,162,1741179951.2030697,3051927855.565333,119386330.09339,1621793621.1096797,2932541525.471943,4793107806.768402,22.29044484962463,-1310747904.3622632,-0.273465141449842,0.273465141449842
2021-06-07,Primary Market Tokens,844,6788370671.377123,2257801167.5497494,0.0,6788370671.377123,2257801167.5497494,9046171838.926872,22.925607504054984,4530569503.8273735,0.5008272653335784,-0.5008272653335784
2021-06-07,Other / Unknown,4,1088114.525969998,1625301.1532299977,0.0,1088114.525969998,1625301.1532299977,2713415.6791999955,14.813719165988728,-537186.6272599997,-0.1979743212136152,0.1979743212136152
2021-06-14,Asset Management,142,1849261708.1088707,2226278055.1073403,1763499831.3814507,85761876.72742009,462778223.7258897,4075539763.2162113,22.12826903234389,-377016346.9984696,-0.09250709572293492,0.09250709572293492
2021-06-14,"Infrastructure, Services & Financial Products",104,333940206.75518006,235279263.25174,69840688.40926003,264099518.34592003,165438574.84247997,569219470.0069201,20.159776631266933,98660943.50344005,0.1733267196609431,-0.1733267196609431
2021-06-14,"Lending, Borrowing & Real World Assets",65,3592340999.97917,7631270148.391279,2589278643.48522,1003062356.4939499,5041991504.906059,11223611148.37045,23.141285534578582,-4038929148.4121094,-0.3598600392529208,0.3598600392529208
2021-06-14,Privacy & Security,3,4336.724200000681,18442.512690000058,0.0,4336.724200000681,18442.512690000058,22779.23689000074,10.033648635981377,-14105.788489999377,-0.619238851508292,0.619238851508292
2021-06-14,Trading & Exchanges,174,763704095.9706796,39447334451.46387,102025506.17160998,661678589.7990696,39345308945.29226,40211038547.43455,24.41740738563532,-38683630355.49319,-0.9620152016183424,0.9620152016183424
2021-06-14,Primary Market Tokens,939,44163289409.95378,1181150965.68432,0.0,44163289409.95378,1181150965.68432,45344440375.6381,24.537553412312914,42982138444.26946,0.9479031627295633,-0.9479031627295633
2021-06-14,Other / Unknown,4,18910340.48761,119771.56826000003,0.0,18910340.48761,119771.56826000003,19030112.05587,16.761533180183218,18790568.919350002,0.9874124158692955,-0.9874124158692955
2021-06-21,Asset Management,144,3259831996.6519394,2476498275.265179,2363614811.079799,896217185.5721402,112883464.18537998,5736330271.917118,22.470085517546572,783333721.3867602,0.13655659354581848,-0.13655659354581848
2021-06-21,"Infrastructure, Services & Financial Products",105,308598277.2733,227726418.74541,48796057.73917,259802219.53412998,178930361.00624,536324696.01871,20.10025031364562,80871858.52789,0.15078898870073426,-0.15078898870073426
2021-06-21,"Lending, Borrowing & Real World Assets",70,2913668901.86437,6239836170.77073,1835440658.0723202,1078228243.7920496,4404395512.69841,9153505072.6351,22.937402711038807,-3326167268.90636,-0.36337635064518814,0.36337635064518814
2021-06-21,Privacy & Security,4,342293.71877000015,124143.78141,0.0,342293.71877000015,124143.78141,466437.50018000015,13.052881458167304,218149.93736000016,0.46769382237880786,-0.46769382237880786
2021-06-21,Trading & Exchanges,180,605500329.0336702,4046340764.1186876,68999956.81482004,536500372.21885014,3977340807.303868,4651841093.152358,22.260528912410717,-3440840435.085017,-0.7396728233365564,0.7396728233365564
2021-06-21,Primary Market Tokens,985,7227946869.500547,1333152151.6554298,0.0,7227946869.500547,1333152151.6554298,8561099021.155977,22.870494409297496,5894794717.845118,0.6885558388330805,-0.6885558388330805
2021-06-21,Other / Unknown,4,10959661.58346,3170405.289210002,0.0,10959661.58346,3170405.289210002,14130066.872670002,16.463815558093618,7789256.2942499975,0.5512540290460881,-0.5512540290460881
2021-06-28,Asset Management,151,1700108550.860719,1666986894.7474985,1189358327.7134087,510750223.14731026,477628567.0340898,3367095445.6082172,21.937316324394548,33121656.113220453,0.009836862853538,-0.009836862853538
2021-06-28,"Infrastructure, Services & Financial Products",108,320747365.8766401,422152614.4132901,119035868.76553003,201711497.11111003,303116745.64776003,742899980.2899301,20.426071978936854,-101405248.53665,-0.1364991940060017,0.1364991940060017
2021-06-28,"Lending, Borrowing & Real World Assets",71,4146159090.918001,3434818032.3515096,1298200590.8320706,2847958500.085931,2136617441.519439,7580977123.26951,22.748907936507717,711341058.5664916,0.09383237107826882,-0.09383237107826882
2021-06-28,Privacy & Security,5,222768.95070999948,9135187.431809999,0.0,222768.95070999948,9135187.431809999,9357956.382519998,16.051737596275252,-8912418.4811,-0.9523894017873143,0.9523894017873143
2021-06-28,Trading & Exchanges,190,2297427727.0851264,469719410.6273501,216472139.1144301,2080955587.9706962,253247271.51292,2767147137.7124767,21.741082712597773,1827708316.4577763,0.6605027580747628,-0.6605027580747628
2021-06-28,Primary Market Tokens,1057,2127799374.354639,4574789633.612317,0.0,2127799374.354639,4574789633.612317,6702589007.966956,22.625759707951442,-2446990259.257678,-0.3650813523474423,0.3650813523474423
2021-06-28,Other / Unknown,4,903891.14522,15766996.007279996,0.0,903891.14522,15766996.007279996,16670887.152499996,16.62917453180203,-14863104.862059996,-0.8915605226102857,0.8915605226102857
2021-07-05,Asset Management,161,599073209.112951,740130468.857191,299630912.63462085,299442296.4783302,440499556.2225701,1339203677.970142,21.0153410048359,-141057259.74423993,-0.1053292057546043,0.1053292057546043
2021-07-05,"Infrastructure, Services & Financial Products",114,412372102.64366007,367735925.28428006,258022212.7450401,154349889.89861998,109713712.53923997,780108027.9279401,20.474942966683425,44636177.35938001,0.05721794387623341,-0.05721794387623341
2021-07-05,"Lending, Borrowing & Real World Assets",74,6100684499.88935,3538769549.17058,2016335912.8369403,4084348587.0524096,1522433636.3336396,9639454049.059929,22.9891303101539,2561914950.71877,0.2657738641296409,-0.2657738641296409
2021-07-05,Privacy & Security,5,13893.433139999383,1103070.1526900008,0.0,13893.433139999383,1103070.1526900008,1116963.5858300002,13.926125372830738,-1089176.7195500014,-0.9751228539296106,0.9751228539296106
2021-07-05,Trading & Exchanges,198,801068723.3979808,1462043872.0954618,69219748.72314,731848974.6748408,1392824123.3723218,2263112595.4934425,21.540006957770323,-660975148.697481,-0.2920646325833222,0.2920646325833222
2021-07-05,Primary Market Tokens,1174,2851041723.4346714,4676289728.8206005,0.0,2851041723.4346714,4676289728.8206005,7527331452.255272,22.741806427269786,-1825248005.385929,-0.24248274663646763,0.24248274663646763
2021-07-05,Other / Unknown,4,22527615.530560005,709153.0615099985,0.0,22527615.530560005,709153.0615099985,23236768.592070006,16.96124647822391,21818462.469050005,0.9389628503033755,-0.9389628503033755
2021-07-12,Asset Management,174,10366217967.410486,10843578429.325136,9797365898.313536,568852069.0969505,1046212531.0116005,21209796396.735622,23.77772900612453,-477360461.91464996,-0.022506602750232908,0.022506602750232908
2021-07-12,"Infrastructure, Services & Financial Products",116,427383782.2236301,236706313.6335,88672181.97518003,338711600.24845004,148034131.65831998,664090095.85713,20.313928386273766,190677468.59013006,0.2871259032165294,-0.2871259032165294
2021-07-12,"Lending, Borrowing & Real World Assets",80,6479921846.125321,4798986058.220629,2135110506.8950799,4344811339.230242,2663875551.325549,11278907904.345951,23.14620026142731,1680935787.9046926,0.14903355911408764,-0.14903355911408764
2021-07-12,Privacy & Security,5,297873.35366000154,71000.02702999991,0.0,297873.35366000154,71000.02702999991,368873.3806900014,12.818211433328214,226873.32663000163,0.6150439107468814,-0.6150439107468814
2021-07-12,Trading & Exchanges,214,1104128936.9721801,3268736038.5885878,119851541.39846995,984277395.5737102,3148884497.190118,4372864975.560768,22.198684232285082,-2164607101.6164074,-0.49500890462295194,0.49500890462295194
2021-07-12,Primary Market Tokens,1283,5401835063.258237,4645341885.960921,0.0,5401835063.258237,4645341885.960921,10047176949.219158,23.03055753151586,756493177.2973156,0.07529410312178371,-0.07529410312178371
2021-07-12,Other / Unknown,4,13731628.008739995,97371.59645000006,0.0,13731628.008739995,97371.59645000006,13828999.605189994,16.44227843820918,13634256.412289996,0.9859177671227273,-0.9859177671227273
2021-07-19,Asset Management,167,1751798624.7635891,1161973778.2996695,754949173.2840999,996849451.4794892,407024605.01556957,2913772403.0632586,21.79271443736688,589824846.4639196,0.20242653332972568,-0.20242653332972568
2021-07-19,"Infrastructure, Services & Financial Products",115,326919373.8655398,467486236.41200984,162789079.0061599,164130294.8593799,304697157.40584993,794405610.2775496,20.493104734212018,-140566862.54647005,-0.17694595900116913,0.17694595900116913
2021-07-19,"Lending, Borrowing & Real World Assets",79,4331056722.362039,2100394807.657139,1263753539.1888492,3067303183.173189,836641268.4682899,6431451530.019177,22.58446609326856,2230661914.7049,0.346836465188792,-0.346836465188792
2021-07-19,Privacy & Security,4,184741.902949999,1087696.7388900004,0.0,184741.902949999,1087696.7388900004,1272438.6418399995,14.056446593543143,-902954.8359400014,-0.709625443812592,0.709625443812592
2021-07-19,Trading & Exchanges,212,3196612003.6158357,465794345.7216304,154826346.8346501,3041785656.7811856,310967998.8869803,3662406349.3374662,22.02138624108895,2730817657.894205,0.7456348087612433,-0.7456348087612433
2021-07-19,Primary Market Tokens,1083,1007000659.7334201,6358333486.648464,0.0,1007000659.7334201,6358333486.648464,7365334146.381885,22.720050255469566,-5351332826.915044,-0.7265566939069302,0.7265566939069302
2021-07-19,Other / Unknown,4,111721.40214000008,58613496.16770999,0.0,111721.40214000008,58613496.16770999,58725217.56984999,17.88837981042399,-58501774.76556999,-0.9961951132149621,0.9961951132149621
2021-07-26,Asset Management,184,2371468303.3815284,2308413110.7916894,1342673356.4018688,1028794946.9796596,965739754.3898206,4679881414.173218,22.266538607916736,63055192.58983898,0.013473673157373961,-0.013473673157373961
2021-07-26,"Infrastructure, Services & Financial Products",128,429956198.94230014,609781558.0949103,145047785.01331005,284908413.9289901,464733773.0816002,1039737757.0372105,20.76223436256964,-179825359.15261012,-0.17295261034381623,0.17295261034381623
2021-07-26,"Lending, Borrowing & Real World Assets",78,6175417800.326318,2241779895.45015,1676932294.0955002,4498485506.230818,564847601.3546498,8417197695.776468,22.853542794695723,3933637904.876168,0.4673334341249898,-0.4673334341249898
2021-07-26,Privacy & Security,4,439837.0541599995,534092.3482700007,0.0,439837.0541599995,534092.3482700007,973929.4024300001,13.789095124660935,-94255.29411000118,-0.09677836388841916,0.09677836388841916
2021-07-26,Trading & Exchanges,218,4188188434.278422,1493656992.7787707,211096957.67747012,3977091476.6009517,1282560035.1013005,5681845427.057193,22.460541916216965,2694531441.499651,0.4742352596690111,-0.4742352596690111
2021-07-26,Primary Market Tokens,1173,1536150888.2695704,8019395017.804118,0.0,1536150888.2695704,8019395017.804118,9555545906.073689,22.980387546138342,-6483244129.534548,-0.6784797219605918,0.6784797219605918
2021-07-26,Other / Unknown,4,101196.3725900003,28161991.35697999,0.0,101196.3725900003,28161991.35697999,28263187.72956999,17.157070764296474,-28060794.984389987,-0.9928389979532191,0.9928389979532191
2021-08-02,Asset Management,186,1906337721.7774591,1918396652.5489488,803717872.3002298,1102619849.4772294,1114678780.248719,3824734374.326408,22.06475485745443,-12058930.77148962,-0.003152880590201346,0.003152880590201346
2021-08-02,"Infrastructure, Services & Financial Products",135,340164671.10440004,576782973.09144,102397112.79251002,237767558.31189,474385860.2989299,916947644.19584,20.636560935020327,-236618301.98703992,-0.2580499589968993,0.2580499589968993
2021-08-02,"Lending, Borrowing & Real World Assets",79,7986454725.743259,2242106833.5573897,1793644792.8216896,6192809932.92157,448462040.73570013,10228561559.30065,23.048449797082156,5744347892.185869,0.5615987994873664,-0.5615987994873664
2021-08-02,Privacy & Security,4,219964.20415000006,1930068.957030001,0.0,219964.20415000006,1930068.957030001,2150033.161180001,14.580994288898548,-1710104.752880001,-0.7953852916117096,0.7953852916117096
2021-08-02,Trading & Exchanges,222,5144552199.408897,852205166.74172,155398037.58696002,4989154161.821938,696807129.1547599,5996757366.150618,22.514484721276546,4292347032.667177,0.7157780064432523,-0.7157780064432523
2021-08-02,Primary Market Tokens,1203,717436920.60363,10482196431.770927,0.0,717436920.60363,10482196431.770927,11199633352.374557,23.13914687840577,-9764759511.167297,-0.8718820700587455,0.8718820700587455
2021-08-02,Other / Unknown,4,3518783.524310004,25066859.698650006,0.0,3518783.524310004,25066859.698650006,28585643.22296001,17.16841519952473,-21548076.174340002,-0.7538076371509658,0.7538076371509658
2021-08-09,Asset Management,188,3936661380.285129,4272679252.7512507,3020201178.4432793,916460201.8418498,1252478074.3079715,8209340633.03638,22.828538444644277,-336017872.4661217,-0.04093116457050207,0.04093116457050207
2021-08-09,"Infrastructure, Services & Financial Products",137,365905119.94753003,585306572.43433,164240525.75326002,201664594.19427,421066046.68106997,951211692.38186,20.673247196559924,-219401452.48679996,-0.23065470519754938,0.23065470519754938
2021-08-09,"Lending, Borrowing & Real World Assets",80,6518893586.829881,1819739962.29087,1119431047.02461,5399462539.805271,700308915.2662599,8338633549.12075,22.844165196982168,4699153624.539011,0.5635400089064356,-0.5635400089064356
2021-08-09,Privacy & Security,4,75710.54881999995,568971.6524700008,0.0,75710.54881999995,568971.6524700008,644682.2012900007,13.376514314328242,-493261.1036500008,-0.7651228817283799,0.7651228817283799
2021-08-09,Trading & Exchanges,226,4206174665.014144,842881594.6488701,176271784.70695987,4029902880.307184,666609809.9419103,5049056259.663014,22.34246718369298,3363293070.365274,0.6661231123991769,-0.6661231123991769
2021-08-09,Primary Market Tokens,1173,900476773.80535,8380174580.409953,0.0,900476773.80535,8380174580.409953,9280651354.215303,22.95119757042096,-7479697806.604603,-0.8059453502913132,0.8059453502913132
2021-08-09,Other / Unknown,4,514823.42852000066,27351125.671629988,0.0,514823.42852000066,27351125.671629988,27865949.10014999,17.142916074946758,-26836302.243109986,-0.963049998643884,0.963049998643884
2021-08-16,Asset Management,190,4734056701.439871,4807930892.337452,3487199727.291621,1246856974.1482496,1320731165.0458307,9541987593.777323,22.978967643974226,-73874190.8975811,-0.007742012884795317,0.007742012884795317
2021-08-16,"Infrastructure, Services & Financial Products",140,248390951.21153003,540578485.9695799,46100369.064629935,202290582.1469001,494478116.90495,788969437.1811099,20.486238143181748,-292187534.7580499,-0.37034075211075324,0.37034075211075324
2021-08-16,"Lending, Borrowing & Real World Assets",85,3629564900.126328,1823894459.3628106,768604299.3132197,2860960600.8131084,1055290160.049591,5453459359.489139,22.419515989300013,1805670440.7635174,0.3311055096837957,-0.3311055096837957
2021-08-16,Privacy & Security,4,174970.18154,69925.77784000008,0.0,174970.18154,69925.77784000008,244895.95938000007,12.408592827101648,105044.40369999991,0.42893481773214825,-0.42893481773214825
2021-08-16,Trading & Exchanges,231,3166817128.7764325,1443418294.2152693,288721283.4114702,2878095845.3649626,1154697010.8037992,4610235422.991702,22.251544760762034,1723398834.5611632,0.3738201363788066,-0.3738201363788066
2021-08-16,Primary Market Tokens,1244,1778120744.36209,4888220453.349441,0.0,1778120744.36209,4888220453.349441,6666341197.711531,22.62033700044728,-3110099708.9873505,-0.46653773288037037,0.46653773288037037
2021-08-16,Other / Unknown,4,19753.064669999967,53032638.15007,0.0,19753.064669999967,53032638.15007,53052391.21473999,17.786790515593633,-53012885.0854,-0.9992553374421883,0.9992553374421883
2021-08-23,Asset Management,201,8501389309.516949,9009592937.497128,7523762131.610708,977627177.9062405,1485830805.8864193,17510982247.014076,23.586094078073685,-508203627.98017883,-0.029021994358245453,0.029021994358245453
2021-08-23,"Infrastructure, Services & Financial Products",145,502298468.72795993,570135646.4860499,58036514.888910025,444261953.83904994,512099131.59713984,1072434115.2140098,20.793196776776053,-67837177.75808996,-0.06325533363376146,0.06325533363376146
2021-08-23,"Lending, Borrowing & Real World Assets",87,4101374253.54482,2103897828.5811088,985508670.2289993,3115865583.3158207,1118389158.3521094,6205272082.125929,22.548665103654685,1997476424.963711,0.3218998939172019,-0.3218998939172019
2021-08-23,Privacy & Security,5,60661.33162000141,253611.97247999962,0.0,60661.33162000141,253611.97247999962,314273.304100001,12.658021463477823,-192950.6408599982,-0.6139581006174224,0.6139581006174224
2021-08-23,Trading & Exchanges,243,1939904718.5267494,1093988200.2441504,254295125.55635008,1685609592.9703994,839693074.6878003,3033892918.7709,21.83311242383229,845916518.282599,0.278822140705381,-0.278822140705381
2021-08-23,Primary Market Tokens,1292,1743649752.0498197,3987504507.5041003,0.0,1743649752.0498197,3987504507.5041003,5731154259.55392,22.469182789018866,-2243854755.454281,-0.3915188204389616,0.3915188204389616
2021-08-23,Other / Unknown,4,4893736.789949985,28198168.202850003,0.0,4893736.789949985,28198168.202850003,33091904.99279999,17.314799278504903,-23304431.412900016,-0.7042336008752141,0.7042336008752141
2021-08-30,Asset Management,209,18597900559.825943,16937045344.326054,16592618188.594414,2005282371.2315292,344427155.73163986,35534945904.15199,24.29378244092643,1660855215.4998894,0.04673864482528538,-0.04673864482528538
2021-08-30,"Infrastructure, Services & Financial Products",145,522520048.8445101,842428302.76477,190811796.02022,331708252.82429004,651616506.74455,1364948351.60928,21.034382427951222,-319908253.92025995,-0.23437388934393505,0.23437388934393505
2021-08-30,"Lending, Borrowing & Real World Assets",89,10050693422.81805,2687532439.71047,1991673856.49445,8059019566.323601,695858583.2160201,12738225862.52852,23.26787322021338,7363160983.10758,0.5780366169175464,-0.5780366169175464
2021-08-30,Privacy & Security,6,855650.8006400004,857970.3181699999,0.0,855650.8006400004,857970.3181699999,1713621.1188100004,14.354119886394605,-2319.517529999488,-0.0013535766480342187,0.0013535766480342187
2021-08-30,Trading & Exchanges,253,3455214395.0351243,1640916841.8737004,473142396.62947005,2982071998.4056544,1167774445.2442303,5096131236.908825,22.351747508006493,1814297553.161424,0.35601468424151644,-0.35601468424151644
2021-08-30,Primary Market Tokens,1346,1191162708.55923,11673944660.387764,0.0,1191162708.55923,11673944660.387764,12865107368.946995,23.2777846285409,-10482781951.828533,-0.8148227333983413,0.8148227333983413
2021-08-30,Other / Unknown,4,11905539.48969001,47526765.992259994,0.0,11905539.48969001,47526765.992259994,59432305.48195,17.90034851665117,-35621226.50256999,-0.5993579790268846,0.5993579790268846
2021-09-06,Asset Management,216,15744794189.88796,14980401141.137691,13515724367.22858,2229069822.65938,1464676773.909111,30725195331.02565,24.14834884980794,764393048.7502689,0.024878378819561193,-0.024878378819561193
2021-09-06,"Infrastructure, Services & Financial Products",146,919710213.88012,578629520.13762,132306434.25182006,787403779.6283,446323085.8857999,1498339734.01774,21.127623488729625,341080693.74250007,0.22763909012003933,-0.22763909012003933
2021-09-06,"Lending, Borrowing & Real World Assets",91,2652203770.2329693,10128278238.533857,1458251092.3763993,1193952677.85657,8670027146.157457,12780482008.766827,23.271185001128767,-7476074468.300888,-0.5849602904782967,0.5849602904782967
2021-09-06,Privacy & Security,6,1360975.49615,485363.67798999994,103228.52761000009,1257746.96854,382135.15037999983,1846339.17414,14.428715953416996,875611.81816,0.4742421275700052,-0.4742421275700052
2021-09-06,Trading & Exchanges,254,1329166984.5791898,7678869803.045578,435629994.83434,893536989.7448498,7243239808.211238,9008036787.624767,22.921382992330162,-6349702818.466389,-0.7048930824960223,0.7048930824960223
2021-09-06,Primary Market Tokens,1380,14247782490.079006,1593100908.3482602,0.0,14247782490.079006,1593100908.3482602,15840883398.427267,23.485859991943457,12654681581.730745,0.7988621128912003,-0.7988621128912003
2021-09-06,Other / Unknown,4,64834521.66967999,88170.9440799999,0.0,64834521.66967999,88170.9440799999,64922692.613759995,17.988707791027807,64746350.72559999,0.9972838173978842,-0.9972838173978842
2021-09-13,Asset Management,230,12367759031.75772,12629588329.37886,11413253405.9892,954505625.7685204,1216334923.38966,24997347361.13658,23.942035550670486,-261829297.62113953,-0.010474283284481856,0.010474283284481856
2021-09-13,"Infrastructure, Services & Financial Products",152,325464149.10940003,423361025.32317996,96331265.93272999,229132883.17667004,327029759.39045,748825174.43258,20.434016103599582,-97896876.21377993,-0.13073395440793104,0.13073395440793104
2021-09-13,"Lending, Borrowing & Real World Assets",97,2991134632.6269994,2668650364.2976584,727044461.6395488,2264090170.9874506,1941605902.6581097,5659784996.924658,22.456651742207615,322484268.32934093,0.05697818353604746,-0.05697818353604746
2021-09-13,Privacy & Security,6,361893.2230399997,488847.0018699996,21516.64474000005,340376.57829999964,467330.35712999955,850740.2249099994,13.653863277775722,-126953.77882999991,-0.14922743172680059,0.14922743172680059
2021-09-13,Trading & Exchanges,263,3191928242.989049,796608399.1074204,341752935.39753026,2850175307.591519,454855463.7098902,3988536642.0964694,22.106690244460538,2395319843.8816285,0.6005510438591813,-0.6005510438591813
2021-09-13,Primary Market Tokens,1496,2381160038.92844,4718910711.540891,0.0,2381160038.92844,4718910711.540891,7100070750.469331,22.683370585939713,-2337750672.6124506,-0.3292573771124633,0.3292573771124633
2021-09-13,Other / Unknown,4,107725.33409999878,20308037.318869986,0.0,107725.33409999878,20308037.318869986,20415762.652969986,16.831817888500574,-20200311.984769985,-0.9894468469357593,0.9894468469357593
2021-09-20,Asset Management,231,2940229864.33306,1208718515.8004274,635966339.0420077,2304263525.291052,572752176.7584198,4148948380.133487,22.146120736940762,1731511348.5326324,0.41733740453934576,-0.41733740453934576
2021-09-20,"Infrastructure, Services & Financial Products",156,439515115.81601,431732953.00469005,56880285.082799986,382634830.73321,374852667.9218901,871248068.8207,20.585437304622722,7782162.811319947,0.008932200930848193,-0.008932200930848193
2021-09-20,"Lending, Borrowing & Real World Assets",100,4386106238.691629,6176314565.467488,2690905492.30787,1695200746.3837595,3485409073.1596184,10562420804.159119,23.08056833186518,-1790208326.7758589,-0.16948844966212068,0.16948844966212068
2021-09-20,Privacy & Security,6,1384435.2303300023,539995.5100500004,138423.31831,1246011.9120200023,401572.1917400004,1924430.7403800027,14.470141282321388,844439.7202800019,0.4387997461073901,-0.4387997461073901
2021-09-20,Trading & Exchanges,268,1500267555.0622594,4876143804.058848,633916756.8538495,866350798.2084099,4242227047.204999,6376411359.121108,22.57587129331071,-3375876248.9965887,-0.5294320047541446,0.5294320047541446
2021-09-20,Primary Market Tokens,1509,6086617954.852806,2680395082.77006,0.0,6086617954.852806,2680395082.77006,8767013037.622866,22.89426199679059,3406222872.082746,0.38852718223016663,-0.38852718223016663
2021-09-20,Other / Unknown,5,25433436.17604,5709683.550570002,0.0,25433436.17604,5709683.550570002,31143119.726610005,17.25410393536072,19723752.625469998,0.6333261663768767,-0.6333261663768767
2021-09-27,Asset Management,233,5030717483.336379,4065133731.0365686,2818798551.884818,2211918931.451561,1246335179.1517506,9095851214.372948,22.931084236111893,965583752.2998104,0.10615650251336879,-0.10615650251336879
2021-09-27,"Infrastructure, Services & Financial Products",157,394357859.98293984,792192296.5194296,126831089.92688993,267526770.0560499,665361206.5925397,1186550156.5023694,20.89431590644206,-397834436.5364897,-0.33528665801132135,0.33528665801132135
2021-09-27,"Lending, Borrowing & Real World Assets",102,8394612998.748951,9310393759.76535,3389974133.583141,5004638865.16581,5920419626.182209,17705006758.5143,23.59711330429582,-915780761.0163994,-0.051724394884853815,0.051724394884853815
2021-09-27,Privacy & Security,6,2133345.2354599996,1489956.6622800005,589163.9329400001,1544181.3025199994,900792.7293400004,3623301.89774,15.102896570506239,643388.5731799991,0.17756968404462975,-0.17756968404462975
2021-09-27,Trading & Exchanges,273,4418462352.399061,1019537585.9705898,415677031.68139994,4002785320.7176614,603860554.2891898,5437999938.369651,22.416677172007308,3398924766.4284716,0.6250321450808056,-0.6250321450808056
2021-09-27,Primary Market Tokens,1540,6321545245.817438,9316343051.358751,0.0,6321545245.817438,9316343051.358751,15637888297.17619,23.47296254364945,-2994797805.541313,-0.19150909308401304,0.19150909308401304
2021-09-27,Other / Unknown,5,6914368.44095,63653272.64820999,0.0,6914368.44095,63653272.64820999,70567641.08916,18.07208227005038,-56738904.20725999,-0.8040357213523996,0.8040357213523996
2021-10-04,Asset Management,235,4173186497.870808,2982861856.6617274,2481184172.5114975,1692002325.3593106,501677684.15022993,7156048354.532536,22.6912237599111,1190324641.2090807,0.16633826131920232,-0.16633826131920232
2021-10-04,"Infrastructure, Services & Financial Products",158,853555714.8605998,1706029030.0330095,183650050.50561988,669905664.3549799,1522378979.5273895,2559584744.893609,21.66311087364533,-852473315.1724098,-0.33305141268446004,0.33305141268446004
2021-10-04,"Lending, Borrowing & Real World Assets",105,23126076112.773758,6329106500.1629305,2731853777.2902102,20394222335.483547,3597252722.8727202,29455182612.936687,24.106135711661043,16796969612.610828,0.5702551511336961,-0.5702551511336961
2021-10-04,Privacy & Security,6,967976.3736900002,718508.4109899988,161820.72999999986,806155.6436900003,556687.680989999,1686484.784679999,14.338157504560089,249467.9627000013,0.14792185791782073,-0.14792185791782073
2021-10-04,Trading & Exchanges,278,4073193760.6814904,1369168685.4414415,300449901.0488002,3772743859.6326904,1068718784.3926413,5442362446.122932,22.41747907691306,2704025075.240049,0.49684766533077207,-0.49684766533077207
2021-10-04,Primary Market Tokens,1555,3868810556.2214804,23711436056.63761,0.0,3868810556.2214804,23711436056.63761,27580246612.859093,24.040365651035877,-19842625500.41613,-0.7194506190950681,0.7194506190950681
2021-10-04,Other / Unknown,5,20254137.15505,16724118.589169996,0.0,20254137.15505,16724118.589169996,36978255.744219996,17.42584064230967,3530018.5658800025,0.09546200854624608,-0.09546200854624608
2021-10-11,Asset Management,245,19396000942.459972,19890069962.30328,17828276406.77328,1567724535.6866913,2061793555.5299988,39286070904.76325,24.394135863117715,-494069019.8433075,-0.012576188161982978,0.012576188161982978
2021-10-11,"Infrastructure, Services & Financial Products",161,538502956.97585,1166741331.7404397,184670768.09079003,353832188.88505995,982070563.6496496,1705244288.7162895,21.256974215844494,-628238374.7645897,-0.3684154692214383,0.3684154692214383
2021-10-11,"Lending, Borrowing & Real World Assets",112,11781632740.284262,14824803587.66921,4140553455.933029,7641079284.351233,10684250131.736181,26606436327.953472,24.0044189907186,-3043170847.3849487,-0.11437724353139724,0.11437724353139724
2021-10-11,Privacy & Security,6,801746.8586400002,910430.7736000014,97985.63555000004,703761.2230900002,812445.1380500013,1712177.6322400016,14.353277171502336,-108683.91496000113,-0.06347700899340247,0.06347700899340247
2021-10-11,Trading & Exchanges,293,6129789240.6955595,1054126360.7343997,597268196.5973495,5532521044.09821,456858164.13705015,7183915601.429959,22.695110419885925,5075662879.96116,0.7065315298179239,-0.7065315298179239
2021-10-11,Primary Market Tokens,1600,11793206903.64301,12658568458.399803,0.0,11793206903.64301,12658568458.399803,24451775362.042812,23.91996866221656,-865361554.756794,-0.03539054084801218,0.03539054084801218
2021-10-11,Other / Unknown,6,267462.12652000005,44981861.42307998,0.0,267462.12652000005,44981861.42307998,45249323.54959998,17.627698300918137,-44714399.29655998,-0.9881782928212475,0.9881782928212475
2021-10-18,Asset Management,257,12262620646.566725,10288913706.504932,9648126621.883083,2614494024.6836414,640787084.6218491,22551534353.071655,23.83906894288949,1973706940.0617924,0.08751985160570512,-0.08751985160570512
2021-10-18,"Infrastructure, Services & Financial Products",163,944339664.49824,1542400197.2687898,196547687.46763998,747791977.0306001,1345852509.8011498,2486739861.76703,21.634238397489856,-598060532.7705498,-0.240499837544559,0.240499837544559
2021-10-18,"Lending, Borrowing & Real World Assets",118,9091591596.775204,5585269450.26109,2401739632.681091,6689851964.094112,3183529817.5799994,14676861047.036293,23.409538012203296,3506322146.5141134,0.23890136557654112,-0.23890136557654112
2021-10-18,Privacy & Security,6,1316833.9289399995,1918430.77921,68517.44254999996,1248316.4863899995,1849913.33666,3235264.7081499994,14.989621617984701,-601596.8502700005,-0.1859498076786452,0.1859498076786452
2021-10-18,Trading & Exchanges,299,4103970934.8499494,1021280573.2327406,509790660.99451023,3594180273.855439,511489912.2382304,5125251508.08269,22.35744543570971,3082690361.6172085,0.6014710413246461,-0.6014710413246461
2021-10-18,Primary Market Tokens,1647,3066707711.63302,11013838045.736843,0.0,3066707711.63302,11013838045.736843,14080545757.369864,23.36805994817297,-7947130334.103823,-0.5644049933181201,0.5644049933181201
2021-10-18,Other / Unknown,7,13838541.725930002,30765526.194399998,0.0,13838541.725930002,30765526.194399998,44604067.92033,17.613335644226495,-16926984.468469996,-0.37949418646533084,0.37949418646533084
2021-10-25,Asset Management,271,15652170837.886156,14305352682.889944,13504807632.621225,2147363205.2649307,800545050.2687187,29957523520.7761,24.123046332692166,1346818154.996212,0.044957593175623096,-0.044957593175623096
2021-10-25,"Infrastructure, Services & Financial Products",167,796929666.5163199,918748695.9353098,267538910.5525098,529390755.9638101,651209785.3828,1715678362.4516296,21.26307438655826,-121819029.4189899,-0.07100341887212229,0.07100341887212229
2021-10-25,"Lending, Borrowing & Real World Assets",122,3664819618.500541,12897830321.800253,967271894.21399,2697547724.2865515,11930558427.586264,16562649940.300795,23.530415993711543,-9233010703.299711,-0.5574597504976326,0.5574597504976326
2021-10-25,Privacy & Security,6,1072760.9747800003,983978.2438599992,265417.75691,807343.2178700003,718560.4869499992,2056739.2186399996,14.536632869283876,88782.73092000105,0.04316674185787532,-0.04316674185787532
2021-10-25,Trading & Exchanges,310,2502109336.240708,2163014794.678701,428324310.6918298,2073785025.5488782,1734690483.9868712,4665124130.919409,22.263380280092,339094541.56200695,0.07268714230229448,-0.07268714230229448
2021-10-25,Primary Market Tokens,1701,12782768064.379963,5077774000.09618,0.0,12782768064.379963,5077774000.09618,17860542064.476143,23.60585976274472,7704994064.283783,0.4313975486560785,-0.4313975486560785
2021-10-25,Other / Unknown,7,1434824.4145300025,37600635.26874999,0.0,1434824.4145300025,37600635.26874999,39035459.68327999,17.479981039267322,-36165810.85421999,-0.9264861012949936,0.9264861012949936
2021-11-01,Asset Management,285,10591235196.69175,9455935116.15281,8397577076.725769,2193658119.9659805,1058358039.4270401,20047170312.84456,23.72135384925993,1135300080.5389404,0.0566314378948302,-0.0566314378948302
2021-11-01,"Infrastructure, Services & Financial Products",171,588985469.0517298,1778631949.35081,240807153.76998994,348178315.28173983,1537824795.58082,2367617418.4025397,21.585149978163198,-1189646480.2990804,-0.5024656733188546,0.5024656733188546
2021-11-01,"Lending, Borrowing & Real World Assets",130,8769539541.005161,3719043180.436062,1365339753.829691,7404199787.17547,2353703426.606371,12488582721.441223,23.248080681662262,5050496360.569099,0.40440908894314115,-0.40440908894314115
2021-11-01,Privacy & Security,6,606538.0484400005,1218397.568650001,130705.13527000003,475832.9131700005,1087692.433380001,1824935.6170900015,14.417055814033972,-611859.5202100005,-0.33527731854215054,0.33527731854215054
2021-11-01,Trading & Exchanges,332,5018035648.267647,1919146556.9343293,680766351.6374898,4337269296.630157,1238380205.2968395,6937182205.201976,22.66016150685471,3098889091.3333178,0.4467071787460848,-0.4467071787460848
2021-11-01,Primary Market Tokens,1762,3243430723.6744404,11318796404.922308,0.0,3243430723.6744404,11318796404.922308,14562227128.596748,23.401696830215005,-8075365681.247868,-0.5545419399062779,0.5545419399062779
2021-11-01,Other / Unknown,7,1533079.570050001,20594590.94424999,0.0,1533079.570050001,20594590.94424999,22127670.514299992,16.912339487978045,-19061511.37419999,-0.8614332612138951,0.8614332612138951
2021-11-08,Asset Management,300,12118344375.729475,11105826060.858896,10425314052.475266,1693030323.2542095,680512008.3836308,23224170436.58837,23.868459402497667,1012518314.8705788,0.04359760955230561,-0.04359760955230561
2021-11-08,"Infrastructure, Services & Financial Products",176,768063648.5395502,985805069.5586796,138653102.42183003,629410546.1177201,847151967.1368495,1753868718.09823,21.285089881515002,-217741421.0191294,-0.12414921297828532,0.12414921297828532
2021-11-08,"Lending, Borrowing & Real World Assets",133,4145050475.742438,4266827598.0948405,1074861468.7051694,3070189007.0372686,3191966129.3896713,8411878073.837278,22.85291060048749,-121777122.35240269,-0.014476805450991417,0.014476805450991417
2021-11-08,Privacy & Security,6,1170481.37848,1397193.860480001,75992.88282999999,1094488.49565,1321200.977650001,2567675.2389600007,14.758511860672508,-226712.482000001,-0.0882948429614594,0.0882948429614594
2021-11-08,Trading & Exchanges,347,2872933690.8811774,3525128736.661311,725851378.1359893,2147082312.7451882,2799277358.525322,6398062427.542488,22.57926103593512,-652195045.7801337,-0.10193633669039448,0.10193633669039448
2021-11-08,Primary Market Tokens,1839,4844240317.492272,4871593863.693127,0.0,4844240317.492272,4871593863.693127,9715834181.185398,22.997022781471518,-27353546.2008543,-0.0028153574557523977,0.0028153574557523977
2021-11-08,Other / Unknown,7,10560428.221889999,3784895.257949986,0.0,10560428.221889999,3784895.257949986,14345323.479839984,16.478934626858752,6775532.963940013,0.4723164990640972,-0.4723164990640972
2021-11-15,Asset Management,317,8455866827.374136,8196419589.37641,6070897708.878697,2384969118.4954386,2125521880.4977121,16652286416.750546,23.535813366332427,259447237.99772644,0.015580277176637335,-0.015580277176637335
2021-11-15,"Infrastructure, Services & Financial Products",185,1306586171.80784,2369396292.055829,232230325.13849998,1074355846.6693401,2137165966.917329,3675982463.8636694,22.02508627126081,-1062810120.2479889,-0.289122739484158,0.289122739484158
2021-11-15,"Lending, Borrowing & Real World Assets",142,4327856041.040118,7345657271.595917,1680152879.4185197,2647703161.6215982,5665504392.177397,11673513312.636036,23.18058829308991,-3017801230.5557985,-0.25851696483604203,0.25851696483604203
2021-11-15,Privacy & Security,6,1834880.2700500013,876097.4436100003,131280.59501000005,1703599.6750400013,744816.8486000003,2710977.7136600018,14.812820276609328,958782.826440001,0.3536668050087287,-0.3536668050087287
2021-11-15,Trading & Exchanges,369,5717277718.8191595,6828031070.382036,1758072368.5861075,3959205350.2330523,5069958701.795929,12545308789.201195,23.252612631065386,-1110753351.5628767,-0.08853933930418642,0.08853933930418642
2021-11-15,Primary Market Tokens,1970,9566104822.529339,4669201316.544211,0.0,9566104822.529339,4669201316.544211,14235306139.073551,23.378991063597145,4896903505.985127,0.34399706322745954,-0.34399706322745954
2021-11-15,Other / Unknown,7,36453603.080120005,2398427.522750002,0.0,36453603.080120005,2398427.522750002,38852030.60287001,17.47527092692084,34055175.55737,0.8765352808832169,-0.8765352808832169
2021-11-22,Asset Management,331,5946464632.837889,4516696456.98814,3146869006.7430797,2799595626.094809,1369827450.2450604,10463161089.826029,23.071126457463638,1429768175.8497486,0.13664782216150717,-0.13664782216150717
2021-11-22,"Infrastructure, Services & Financial Products",189,2135163585.2891002,1410554795.5572102,356957409.79867005,1778206175.49043,1053597385.7585402,3545718380.8463106,21.98900662290155,724608789.73189,0.20436163053618955,-0.20436163053618955
2021-11-22,"Lending, Borrowing & Real World Assets",145,5605509433.865649,6553010275.345172,1495109818.28939,4110399615.576259,5057900457.055782,12158519709.210821,23.22129597171654,-947500841.4795227,-0.07792896373410761,0.07792896373410761
2021-11-22,Privacy & Security,7,1640205.6617199983,350380.2833100004,110243.19666000002,1529962.4650599984,240137.08665000036,1990585.9450299987,14.503940100463542,1289825.378409998,0.6479626672891835,-0.6479626672891835
2021-11-22,Trading & Exchanges,380,3469629309.461201,6212042154.187455,1386232406.3362508,2083396903.1249504,4825809747.851204,9681671463.648657,22.993500395296646,-2742412844.726254,-0.2832582013367289,0.2832582013367289
2021-11-22,Primary Market Tokens,2034,6851618249.211058,5356977507.777949,0.0,6851618249.211058,5356977507.777949,12208595756.989006,23.225406110919444,1494640741.4331083,0.12242527897424053,-0.12242527897424053
2021-11-22,Other / Unknown,6,40844413.57148,1238259.758859999,0.0,40844413.57148,1238259.758859999,42082673.33034,17.555146677851955,39606153.81262,0.941151088518549,-0.941151088518549
2021-11-29,Asset Management,357,7213534793.892761,4741503677.205942,3033304969.1962614,4180229824.6965,1708198708.0096807,11955038471.098703,23.204418655927533,2472031116.686819,0.20677734518905586,-0.20677734518905586
2021-11-29,"Infrastructure, Services & Financial Products",197,2502292580.8097196,587000197.4674802,339979125.6383901,2162313455.1713295,247021071.82909006,3089292778.2771997,21.851208027640087,1915292383.3422394,0.6199776197354584,-0.6199776197354584
2021-11-29,"Lending, Borrowing & Real World Assets",145,5385265031.875969,9993108676.715483,2138504532.3829691,3246760499.493,7854604144.332514,15378373708.591452,23.45622805483424,-4607843644.839514,-0.29963140005274064,0.29963140005274064
2021-11-29,Privacy & Security,7,1431088.761209999,344844.52511000005,66202.84633999997,1364885.914869999,278641.67877000006,1775933.286319999,14.389837200903754,1086244.236099999,0.6116469827258323,-0.6116469827258323
2021-11-29,Trading & Exchanges,395,2951269356.3467207,10530493707.480034,1783990891.4954295,1167278464.8512912,8746502815.984604,13481763063.826756,23.32460372503741,-7579224351.133313,-0.5621834707560848,0.5621834707560848
2021-11-29,Primary Market Tokens,2169,13912006893.873478,6148964645.3041315,0.0,13912006893.873478,6148964645.3041315,20060971539.17761,23.722042050021162,7763042248.569346,0.386972397294353,-0.386972397294353
2021-11-29,Other / Unknown,6,36136713.275680006,520710.1373599999,0.0,36136713.275680006,520710.1373599999,36657423.413040005,17.417126541853207,35616003.13832001,0.9715904671480664,-0.9715904671480664
2021-12-06,Asset Management,372,3845366636.2162285,5154219648.510828,3120676177.9273686,724690458.2888598,2033543470.5834594,8999586284.727057,22.92044444497351,-1308853012.2945995,-0.1454347978768554,0.1454347978768554
2021-12-06,"Infrastructure, Services & Financial Products",202,1322731951.42103,659183689.2017001,179393529.86514,1143338421.55589,479790159.33656013,1981915640.6227303,21.407329709699535,663548262.21933,0.3348014661263983,-0.3348014661263983
2021-12-06,"Lending, Borrowing & Real World Assets",154,4232841408.700861,6391345077.233571,1164730192.7566903,3068111215.944171,5226614884.476881,10624186485.934433,23.08639898288999,-2158503668.53271,-0.20316884228174975,0.20316884228174975
2021-12-06,Privacy & Security,7,3169290.0935,130616.51617000012,70811.12949,3098478.9640099998,59805.38668000011,3299906.60967,15.009405028975086,3038673.57733,0.9208362347060105,-0.9208362347060105
2021-12-06,Trading & Exchanges,406,2838191369.477984,4724808835.042019,1087534666.408591,1750656703.069393,3637274168.6334276,7563000204.520002,22.746533800994705,-1886617465.564035,-0.24945357854631608,0.24945357854631608
2021-12-06,Primary Market Tokens,2223,8999648449.412868,4320184650.871693,0.0,8999648449.412868,4320184650.871693,13319833100.284561,23.312519972046562,4679463798.541176,0.3513154979728091,-0.3513154979728091
2021-12-06,Other / Unknown,7,9753023.45274999,1829611.3992400006,0.0,9753023.45274999,1829611.3992400006,11582634.85198999,16.265017625277327,7923412.05350999,0.6840768231719473,-0.6840768231719473
2021-12-13,Asset Management,383,14713374851.119286,16481897875.805283,12952060934.567215,1761313916.5520706,3529836941.2380676,31195272726.92457,24.16353240515165,-1768523024.685997,-0.056692019979026786,0.056692019979026786
2021-12-13,"Infrastructure, Services & Financial Products",204,404349064.2842897,1690146054.7294195,157688429.12113973,246660635.16314998,1532457625.6082797,2094495119.013709,21.46257836844352,-1285796990.4451299,-0.6138935243977114,0.6138935243977114
2021-12-13,"Lending, Borrowing & Real World Assets",157,5833739279.64274,6323064993.799187,1532650579.0827494,4301088700.559991,4790414414.716437,12156804273.441927,23.221154872566654,-489325714.15644646,-0.04025117976320802,0.04025117976320802
2021-12-13,Privacy & Security,7,661603.51633,922249.8778799999,166085.20794999992,495518.30838000006,756164.66993,1583853.39421,14.275371924284123,-260646.3615499999,-0.16456470182330607,0.16456470182330607
2021-12-13,Trading & Exchanges,409,5468895339.34553,3873707508.9367437,898195293.0998701,4570700046.24566,2975512215.8368735,9342602848.282272,22.957850728017107,1595187830.4087858,0.17074340591306164,-0.17074340591306164
2021-12-13,Primary Market Tokens,2214,9047218602.362198,7111246572.849582,0.0,9047218602.362198,7111246572.849582,16158465175.21178,23.50570990880922,1935972029.5126162,0.11981162867389987,-0.11981162867389987
2021-12-13,Other / Unknown,7,15133253.34025998,2386737.6125399955,0.0,15133253.34025998,2386737.6125399955,17519990.952799976,16.678853184157344,12746515.727719985,0.7275412277357876,-0.7275412277357876
2021-12-20,Asset Management,396,15640369613.92677,13223152147.107637,11745156616.915117,3895212997.011652,1477995530.1925201,28863521761.03441,24.085844412023704,2417217466.819132,0.08374644947458774,-0.08374644947458774
2021-12-20,"Infrastructure, Services & Financial Products",205,1310011661.2945194,2286337976.2580194,436331341.37238985,873680319.9221296,1850006634.8856297,3596349637.552539,22.00318517868259,-976326314.9635,-0.2714770290321187,0.2714770290321187
2021-12-20,"Lending, Borrowing & Real World Assets",161,7689236607.498232,4295189519.094377,1651025596.7960498,6038211010.702182,2644163922.2983265,11984426126.59261,23.206873821132543,3394047088.4038553,0.28320480701805995,-0.28320480701805995
2021-12-20,Privacy & Security,7,2140457.669160002,974307.604139998,358722.48686000006,1781735.1823000018,615585.1172799979,3114765.2733,14.951664674740126,1166150.0650200038,0.37439420396019213,-0.37439420396019213
2021-12-20,Trading & Exchanges,419,7017975911.152062,2412839486.4007607,1388040321.3857799,5629935589.766283,1024799165.0149808,9430815397.552822,22.96724839841698,4605136424.751302,0.48830734465932574,-0.48830734465932574
2021-12-20,Primary Market Tokens,2273,1774867885.1998699,11203381855.926338,0.0,1774867885.1998699,11203381855.926338,12978249741.126207,23.28654069645894,-9428513970.726469,-0.7264857865116329,0.7264857865116329
2021-12-20,Other / Unknown,6,1023417.020610003,13750261.369949989,0.0,1023417.020610003,13750261.369949989,14773678.390559992,16.508357735912107,-12726844.349339986,-0.8614540003437545,0.8614540003437545
2021-12-27,Asset Management,439,13235253914.457832,13391768243.508163,11293252653.705452,1942001260.7523804,2098515589.8027115,26627022157.965996,24.005192407724497,-156514329.05033112,-0.005878026018899255,0.005878026018899255
2021-12-27,"Infrastructure, Services & Financial Products",210,1049856477.4071,1130864932.24531,332114841.85672003,717741635.55038,798750090.3885901,2180721409.65241,21.502921581322315,-81008454.8382101,-0.03714754873302327,0.03714754873302327
2021-12-27,"Lending, Borrowing & Real World Assets",167,2957324307.15718,7309502149.928348,1655386322.0309203,1301937985.1262596,5654115827.897428,10266826457.085527,23.05218380223595,-4352177842.771168,-0.4239068285572865,0.4239068285572865
2021-12-27,Privacy & Security,7,814824.9196599995,2459326.5171400006,258516.12533000007,556308.7943299995,2200810.3918100004,3274151.4368000003,15.001569595633864,-1644501.597480001,-0.5022680316483035,0.5022680316483035
2021-12-27,Trading & Exchanges,438,2304330272.326608,4948929235.710684,735798059.3364587,1568532212.9901495,4213131176.374225,7253259508.0372925,22.704716792232258,-2644598963.3840756,-0.36460834752342886,0.36460834752342886
2021-12-27,Primary Market Tokens,2328,9512284862.417143,2317965172.2505894,0.0,9512284862.417143,2317965172.2505894,11830250034.667732,23.193925650441816,7194319690.1665535,0.6081291324430249,-0.6081291324430249
2021-12-27,Other / Unknown,8,44016104.43640001,2391702.9616900007,0.0,44016104.43640001,2391702.9616900007,46407807.39809001,17.65297828747984,41624401.47471001,0.8969266985111459,-0.8969266985111459
2022-01-03,Asset Management,448,8946390459.261312,13064239364.691652,7027125885.284152,1919264573.9771605,6037113479.4075,22010629823.952965,23.81479134747532,-4117848905.43034,-0.18708455588804232,0.18708455588804232
2022-01-03,"Infrastructure, Services & Financial Products",216,2694321670.591749,1959250005.2113,648201463.7782398,2046120206.8135095,1311048541.4330602,4653571675.803049,22.26090086424418,735071665.3804493,0.1579585996714235,-0.1579585996714235
2022-01-03,"Lending, Borrowing & Real World Assets",171,4815388645.106091,10372971338.134075,1511769026.1736603,3303619618.9324303,8861202311.960415,15188359983.240166,23.44379518092079,-5557582693.027985,-0.3659106512592924,0.3659106512592924
2022-01-03,Privacy & Security,7,1077224.05523,2992568.5673399977,164725.2919,912498.76333,2827843.2754399977,4069792.622569998,15.219102849147877,-1915344.5121099977,-0.47062459681311564,0.47062459681311564
2022-01-03,Trading & Exchanges,446,3234932621.490581,9931779215.265364,1665530604.568771,1569402016.9218102,8266248610.696592,13166711836.755945,23.300957650895135,-6696846593.774782,-0.5086195153963946,0.5086195153963946
2022-01-03,Primary Market Tokens,2359,18369487989.42122,2807838301.0611005,0.0,18369487989.42122,2807838301.0611005,21177326290.48232,23.776196931732848,15561649688.360119,0.734825986760848,-0.734825986760848
2022-01-03,Other / Unknown,8,77733117.5008,260934.49615000052,0.0,77733117.5008,260934.49615000052,77994051.99695,18.172143138118326,77472183.00465,0.9933088616511371,-0.9933088616511371
2022-01-10,Asset Management,461,9605977229.232931,6570062483.027351,5350608088.016401,4255369141.21653,1219454395.01095,16176039712.260283,23.50679695429448,3035914746.2055798,0.1876797287969424,-0.1876797287969424
2022-01-10,"Infrastructure, Services & Financial Products",221,731148378.5176901,2003786966.06865,249566066.79950002,481582311.7181901,1754220899.26915,2734935344.58634,21.72937363290157,-1272638587.55096,-0.4653267544587776,0.4653267544587776
2022-01-10,"Lending, Borrowing & Real World Assets",171,7219778018.437987,3862746236.5066,1636313699.6591704,5583464318.778817,2226432536.8474293,11082524254.944588,23.128635313251927,3357031781.9313874,0.3029121980431138,-0.3029121980431138
2022-01-10,Privacy & Security,7,1578468.69753,602451.7053199995,223987.03931999995,1354481.65821,378464.6659999995,2180920.4028499993,14.595258007326708,976016.9922100005,0.4475252700348687,-0.4475252700348687
2022-01-10,Trading & Exchanges,457,6560985121.009847,3106779008.333534,1524593162.858373,5036391958.151474,1582185845.4751608,9667764129.34338,22.99206290254583,3454206112.676313,0.3572911033474828,-0.3572911033474828
2022-01-10,Primary Market Tokens,2394,2472683576.2519107,11036568583.5804,0.0,2472683576.2519107,11036568583.5804,13509252159.832312,23.326640632895828,-8563885007.328489,-0.6339273933158112,0.6339273933158112
2022-01-10,Other / Unknown,8,3519232.9380999953,15124295.864139998,0.0,3519232.9380999953,15124295.864139998,18643528.80223999,16.741009716367,-11605062.926040003,-0.6224713705833239,0.6224713705833239
2022-01-17,Asset Management,480,18838806973.14019,25186667660.447277,12776265999.12807,6062540974.012119,12410401661.319206,44025474633.58746,24.5080342722947,-6347860687.307087,-0.14418608181146655,0.14418608181146655
2022-01-17,"Infrastructure, Services & Financial Products",227,7345304769.263402,3295200675.5714817,1542867777.6342218,5802436991.62918,1752332897.93726,10640505444.834885,23.087933824039407,4050104093.6919203,0.38063079941920636,-0.38063079941920636
2022-01-17,"Lending, Borrowing & Real World Assets",174,8208578196.1944685,24985598836.795956,4286321440.457479,3922256755.7369895,20699277396.338478,33194177032.990425,24.225640306943678,-16777020640.601486,-0.5054205930132699,0.5054205930132699
2022-01-17,Privacy & Security,7,2553951.564200001,6213542.72563,872479.17788,1681472.386320001,5341063.54775,8767494.289830001,15.986561723765645,-3659591.1614299994,-0.4174044533653135,0.4174044533653135
2022-01-17,Trading & Exchanges,472,5088296859.444143,18607086787.57609,2854566058.923153,2233730800.5209904,15752520728.652939,23695383647.020233,23.888546083330912,-13518789928.131948,-0.5705242054534946,0.5705242054534946
2022-01-17,Primary Market Tokens,2455,37472385514.84143,4992925649.29451,0.0,37472385514.84143,4992925649.29451,42465311164.13594,24.471953371718616,32479459865.54692,0.7648468591224509,-0.7648468591224509
2022-01-17,Other / Unknown,8,118376532.12325,609644.16014,0.0,118376532.12325,609644.16014,118986176.28338999,18.594517887046585,117766887.96311,0.9897526892756349,-0.9897526892756349
2022-01-24,Asset Management,495,6553812230.581641,12471509683.064463,3787006877.054799,2766805353.526842,8684502806.009663,19025321913.646103,23.669036661163155,-5917697452.482821,-0.31104322330747497,0.31104322330747497
2022-01-24,"Infrastructure, Services & Financial Products",230,1309430258.1098704,2031241312.04345,427158460.8557498,882271797.2541206,1604082851.1877003,3340671570.1533203,21.929437692930897,-721811053.9335797,-0.21606764950571064,0.21606764950571064
2022-01-24,"Lending, Borrowing & Real World Assets",178,6264280976.581837,6746466556.02799,1346996253.6151295,4917284722.966707,5399470302.412861,13010747532.609827,23.289041586206768,-482185579.44615364,-0.03706055922133722,0.03706055922133722
2022-01-24,Privacy & Security,7,24919074.12023002,25325603.111570023,23922275.58967002,996798.530559998,1403327.521900002,50244677.23180004,17.732415193460216,-406528.9913400039,-0.008090986224560922,0.008090986224560922
2022-01-24,Trading & Exchanges,473,4613062661.775487,4261301039.993901,1348692382.0076313,3264370279.7678556,2912608657.9862695,8874363701.769388,22.906432474275043,351761621.78158617,0.03963795417934598,-0.03963795417934598
2022-01-24,Primary Market Tokens,2476,14295871132.560394,7519178059.798995,0.0,14295871132.560394,7519178059.798995,21815049192.35939,23.80586589854394,6776693072.761399,0.3106430342194645,-0.3106430342194645
2022-01-24,Other / Unknown,8,2371788.6324399994,8725868.321529992,0.0,2371788.6324399994,8725868.321529992,11097656.95396999,16.222244648882118,-6354079.689089993,-0.5725604706871871,0.5725604706871871
2022-01-31,Asset Management,503,9264083914.70764,5674843661.916149,4385684205.739969,4878399708.96767,1289159456.17618,14938927576.623789,23.427236232121743,3589240252.7914906,0.24026090456505594,-0.24026090456505594
2022-01-31,"Infrastructure, Services & Financial Products",236,1342097487.6838298,2178897837.8882103,600156180.59293,741941307.0908998,1578741657.2952805,3520995325.57204,21.98200954981712,-836800350.2043805,-0.23766017072698878,0.23766017072698878
2022-01-31,"Lending, Borrowing & Real World Assets",180,7265386982.300022,3043235212.3668203,994303202.27117,6271083780.028852,2048932010.0956502,10308622194.666843,23.05624648837929,4222151769.933202,0.40957478993822555,-0.40957478993822555
2022-01-31,Privacy & Security,7,17002051.868480038,21074490.066290036,15308920.423120039,1693131.4453599993,5765569.643169997,38076541.93477008,17.4551089794903,-4072438.197809998,-0.10695399295415531,0.10695399295415531
2022-01-31,Trading & Exchanges,477,6450288821.451375,2421557765.8845906,929034799.1942512,5521254022.257124,1492522966.6903396,8871846587.335966,22.906148795178606,4028731055.5667844,0.454102876544051,-0.454102876544051
2022-01-31,Primary Market Tokens,2445,2566462159.5064197,13528827277.011835,0.0,2566462159.5064197,13528827277.011835,16095289436.518255,23.5017924846059,-10962365117.505415,-0.6810915181576754,0.6810915181576754
2022-01-31,Other / Unknown,8,216415.96574999994,37101588.34962001,0.0,216415.96574999994,37101588.34962001,37318004.31537001,17.434986484373802,-36885172.383870006,-0.9884015252304975,0.9884015252304975
2022-02-07,Asset Management,518,2974183711.1486626,3548927750.203641,1428296724.1186616,1545886987.030001,2120631026.0849793,6523111461.3523035,22.5986173172048,-574744039.0549784,-0.08810887909246738,0.08810887909246738
2022-02-07,"Infrastructure, Services & Financial Products",243,1347471206.72369,1408442566.8706205,575120052.0508202,772351154.6728698,833322514.8198003,2755913773.5943108,21.73701490317672,-60971360.146930456,-0.02212382721517827,0.02212382721517827
2022-02-07,"Lending, Borrowing & Real World Assets",182,4188683614.0877323,5454793964.829469,1403788165.96575,2784895448.1219826,4051005798.863719,9643477578.917202,22.989547625320792,-1266110350.7417364,-0.13129188515040846,0.13129188515040846
2022-02-07,Privacy & Security,7,20137851.597389992,19938297.849959992,19277919.147169992,859932.45022,660378.7027899995,40076149.44734998,17.506291963405296,199553.74743000045,0.004979364289779488,-0.004979364289779488
2022-02-07,Trading & Exchanges,490,3665958964.6605306,3294628987.7774906,1046725577.7159709,2619233386.9445596,2247903410.0615196,6960587952.438021,22.663529783793518,371329976.88303995,0.053347501593306874,-0.053347501593306874
2022-02-07,Primary Market Tokens,2524,6348136346.688007,4823346748.203483,0.0,6348136346.688007,4823346748.203483,11171483094.89149,23.13663021613685,1524789598.4845247,0.13648945135868149,-0.13648945135868149
2022-02-07,Other / Unknown,8,10311351.103579987,4804730.274929998,0.0,10311351.103579987,4804730.274929998,15116081.378509985,16.531269793192553,5506620.828649988,0.3642889113099485,-0.3642889113099485
2022-02-14,Asset Management,529,5794434897.512172,6101620543.224684,3996205974.8916025,1798228922.6205692,2105414568.3330812,11896055440.736855,23.199472706629454,-307185645.712512,-0.02582247932878536,0.02582247932878536
2022-02-14,"Infrastructure, Services & Financial Products",247,1632879636.2790196,1291263685.6041102,697594648.8106799,935284987.4683397,593669036.7934303,2924143321.88313,21.7962673936666,341615950.67490935,0.11682599417011845,-0.11682599417011845
2022-02-14,"Lending, Borrowing & Real World Assets",184,4394023191.972851,6361051573.44732,2062749211.2649002,2331273980.7079506,4298302362.18242,10755074765.42017,23.098643551424384,-1967028381.4744692,-0.1828930457832687,0.1828930457832687
2022-02-14,Privacy & Security,7,44167989.19104003,39733074.077460036,39434650.08662003,4733339.104419999,298423.9908400029,83901063.26850006,18.245148856321226,4434915.113579996,0.05285886663184931,-0.05285886663184931
2022-02-14,Trading & Exchanges,489,1954215325.547021,4206000015.137649,961889425.0564505,992325900.4905704,3244110590.0811987,6160215340.6846695,22.541377571946512,-2251784689.590628,-0.36553668419980206,0.36553668419980206
2022-02-14,Primary Market Tokens,2473,8023107031.74756,3855925308.3511,0.0,8023107031.74756,3855925308.3511,11879032340.09866,23.19804069479398,4167181723.3964596,0.3508014461186196,-0.3508014461186196
2022-02-14,Other / Unknown,8,12951060.206659995,184932.614,0.0,12951060.206659995,184932.614,13135992.820659995,16.390866640261628,12766127.592659995,0.9718433746843799,-0.9718433746843799
2022-02-21,Asset Management,538,7524313653.7307415,6358349990.0275,3223557616.365872,4300756037.36487,3134792373.6616282,13882663643.758242,23.353906678855562,1165963663.7032413,0.08398702825501848,-0.08398702825501848
2022-02-21,"Infrastructure, Services & Financial Products",251,936358284.4504498,933458729.04179,247301635.4555601,689056648.9948897,686157093.5862299,1869817013.49224,21.34910640981226,2899555.408659816,0.0015507161330425285,-0.0015507161330425285
2022-02-21,"Lending, Borrowing & Real World Assets",185,8326273990.624644,8598180999.91563,3418670685.34598,4907603305.278664,5179510314.569651,16924454990.540276,23.552025453840177,-271907009.29098606,-0.01606592409876509,0.01606592409876509
2022-02-21,Privacy & Security,7,7114429.159199996,3149576.0675999965,2487382.856619997,4627046.302579999,662193.2109799995,10264005.226799993,16.144153791941495,3964853.0915999995,0.3862871271000045,-0.3862871271000045
2022-02-21,Trading & Exchanges,497,5783896917.855291,4731758981.070166,872444607.3933097,4911452310.461982,3859314373.676856,10515655898.925457,23.07613102170446,1052137936.7851257,0.10005442807353923,-0.10005442807353923
2022-02-21,Primary Market Tokens,2522,8101042301.883965,10043543194.364166,0.0,8101042301.883965,10043543194.364166,18144585496.24813,23.62163803344025,-1942500892.4802017,-0.10705677971435967,0.10705677971435967
2022-02-21,Other / Unknown,8,8201098.168809998,18759205.386250008,0.0,8201098.168809998,18759205.386250008,26960303.555060007,17.109876140497246,-10558107.21744001,-0.391616778196788,0.391616778196788
2022-02-28,Asset Management,557,9136710220.70723,6903875661.5856905,5143066090.134769,3993644130.57246,1760809571.450921,16040585882.29292,23.49838796510754,2232834559.121539,0.13919906514052882,-0.13919906514052882
2022-02-28,"Infrastructure, Services & Financial Products",250,574114618.77072,757624470.6690998,146041066.89780992,428073551.8729101,611583403.7712898,1331739089.4398198,21.009751511829815,-183509851.8983798,-0.13779715062322834,0.13779715062322834
2022-02-28,"Lending, Borrowing & Real World Assets",190,5982385141.009163,1909210505.5212502,515587390.71792054,5466797750.291243,1393623114.8033297,7891595646.530413,22.78906418805298,4073174635.4879127,0.5161408184007386,-0.5161408184007386
2022-02-28,Privacy & Security,7,8636084.681150004,10057455.583860004,7986401.7853200035,649682.8958300008,2071053.7985400008,18693540.265010007,16.743688635267162,-1421370.90271,-0.07603540488103681,0.07603540488103681
2022-02-28,Trading & Exchanges,506,2898945749.3840456,3179309622.984977,712163327.8958607,2186782421.488185,2467146295.089116,6078255372.369022,22.527983546578277,-280363873.60093117,-0.04612571476931189,0.04612571476931189
2022-02-28,Primary Market Tokens,2461,4033365514.1535964,9868376605.328749,0.0,4033365514.1535964,9868376605.328749,13901742119.482346,23.35528000163841,-5835011091.175152,-0.4197323645500358,0.4197323645500358
2022-02-28,Other / Unknown,8,7482799.243369999,13185806.27565,0.0,7482799.243369999,13185806.27565,20668605.51902,16.84412651375987,-5703007.032280001,-0.27592606705043005,0.27592606705043005
2022-03-07,Asset Management,564,5290873357.942463,3942632092.7782326,2580890135.920353,2709983222.02211,1361741956.8578796,9233505450.720695,22.946104602278435,1348241265.1642303,0.14601618771546804,-0.14601618771546804
2022-03-07,"Infrastructure, Services & Financial Products",257,914625310.4974201,736268507.0239401,336435357.41196,578189953.0854601,399833149.6119801,1650893817.5213602,21.224582686382746,178356803.47348,0.10803650821181436,-0.10803650821181436
2022-03-07,"Lending, Borrowing & Real World Assets",193,3890647867.299788,2703496598.46263,402588044.85207945,3488059822.4477086,2300908553.6105504,6594144465.762418,22.60944789017646,1187151268.8371582,0.1800311283747253,-0.1800311283747253
2022-03-07,Privacy & Security,7,2956097.0697899777,1489915.5547099784,1449605.2879499784,1506491.7818399994,40310.26676000003,4446012.624499956,15.30751843794152,1466181.5150799993,0.3297744830953783,-0.3297744830953783
2022-03-07,Trading & Exchanges,511,2583773920.0778594,1831316653.9415607,624262662.3369702,1959511257.740889,1207053991.6045904,4415090574.019421,22.208294186085087,752457266.1362987,0.1704285005078106,-0.1704285005078106
2022-03-07,Primary Market Tokens,2473,3204252349.55836,6669615485.275047,0.0,3204252349.55836,6669615485.275047,9873867834.833408,23.01315749162498,-3465363135.716687,-0.3509630869770655,0.3509630869770655
2022-03-07,Other / Unknown,8,3306056.8008800005,5615706.210440001,0.0,3306056.8008800005,5615706.210440001,8921763.011320002,16.004004244121028,-2309649.409560001,-0.25887813951452193,0.25887813951452193
2022-03-14,Asset Management,570,8438259769.346103,5446917775.388401,3027148656.93813,5411111112.407972,2419769118.450271,13885177544.734505,23.35408774449663,2991341993.9577017,0.2154341911956372,-0.2154341911956372
2022-03-14,"Infrastructure, Services & Financial Products",265,1443494706.0528102,2056098778.3100905,422070202.86556,1021424503.1872501,1634028575.4445305,3499593484.3629007,21.97591265165702,-612604072.2572803,-0.17505006652759975,0.17505006652759975
2022-03-14,"Lending, Borrowing & Real World Assets",198,9002210678.49873,3052285198.31239,961808136.1077096,8040402542.39102,2090477062.2046802,12054495876.81112,23.21270352919091,5949925480.18634,0.49358559171537303,-0.49358559171537303
2022-03-14,Privacy & Security,7,23053171.8849,22802017.88475,20768697.72489,2284474.160009999,2033320.15986,45855189.76965,17.64099896224676,251154.0001499988,0.005477111781930279,-0.005477111781930279
2022-03-14,Trading & Exchanges,520,8617538931.306395,3348597183.181203,1567735936.1172717,7049802995.189123,1780861247.0639312,11966136114.487598,23.205346507036552,5268941748.125192,0.4403210608431904,-0.4403210608431904
2022-03-14,Primary Market Tokens,2642,2726652028.764722,16297771633.638454,0.0,2726652028.764722,16297771633.638454,19024423662.403175,23.668989446590263,-13571119604.873734,-0.7133524697357072,0.7133524697357072
2022-03-14,Other / Unknown,8,2048306.1799100016,28785005.318279997,0.0,2048306.1799100016,28785005.318279997,30833311.498189997,17.244106238079937,-26736699.138369996,-0.8671368023489633,0.8671368023489633
2022-03-21,Asset Management,564,9597313764.566748,8658907983.46207,6045411982.665962,3551901781.9007854,2613496000.7961082,18256221748.028816,23.627771776630663,938405781.1046772,0.051401971013306735,-0.051401971013306735
2022-03-21,"Infrastructure, Services & Financial Products",263,1264191583.6388905,1326302241.2716303,450467189.89599997,813724393.7428906,875835051.3756304,2590493824.9105206,21.675114360858053,-62110657.63273978,-0.02397637741324675,0.02397637741324675
2022-03-21,"Lending, Borrowing & Real World Assets",196,5235496466.542849,2681124377.9720607,662257241.6452699,4573239224.897579,2018867136.3267908,7916620844.51491,22.792230290807243,2554372088.570788,0.32265939454970916,-0.32265939454970916
2022-03-21,Privacy & Security,7,20833509.09138003,22230716.48904003,20347712.96405003,485796.12733000144,1883003.5249899998,43064225.58042006,17.57820320069014,-1397207.3976599984,-0.0324447352490013,0.0324447352490013
2022-03-21,Trading & Exchanges,518,7725509657.489865,3840365220.5885205,1407536219.77545,6317973437.714416,2432829000.8130703,11565874878.078386,23.171324778629664,3885144436.901345,0.33591444467941906,-0.33591444467941906
2022-03-21,Primary Market Tokens,2450,4475904902.72212,11759488327.6297,0.0,4475904902.72212,11759488327.6297,16235393230.35182,23.510459463418353,-7283583424.907579,-0.44862377655818225,0.44862377655818225
2022-03-21,Other / Unknown,7,277827.43511999963,31108844.07394999,0.0,277827.43511999963,31108844.07394999,31386671.50906999,17.26189391839101,-30831016.638829987,-0.9822964703320187,0.9822964703320187
2022-03-28,Asset Management,567,8028690523.949011,4368607386.910019,2440558530.6881,5588131993.260911,1928048856.221919,12397297910.85903,23.240744375477547,3660083137.038992,0.2952323291217399,-0.2952323291217399
2022-03-28,"Infrastructure, Services & Financial Products",270,1388669392.3548005,1812610023.9242198,613777552.3520802,774891840.0027202,1198832471.5721397,3201279416.2790203,21.886816384745906,-423940631.5694194,-0.13242850012204907,0.13242850012204907
2022-03-28,"Lending, Borrowing & Real World Assets",202,7310909507.764028,4650263981.025069,1803647686.1554096,5507261821.608618,2846616294.8696594,11961173488.789097,23.204931698530995,2660645526.7389584,0.22244017522467285,-0.22244017522467285
2022-03-28,Privacy & Security,7,64823690.74013999,64693076.7894,61809288.95497999,3014401.7851599976,2883787.834420003,129516767.52953999,18.67932091743578,130613.95073999465,0.0010084713603603827,-0.0010084713603603827
2022-03-28,Trading & Exchanges,541,4824371281.7925205,3145335372.229828,1441751480.5533984,3382619801.2391224,1703583891.6764295,7969706654.022348,22.798913522925922,1679035909.5626926,0.21067725356180775,-0.21067725356180775
2022-03-28,Primary Market Tokens,2414,3982838022.9673095,11526004825.127983,0.0,3982838022.9673095,11526004825.127983,15508842848.095293,23.464676204587953,-7543166802.160673,-0.4863784407414433,0.4863784407414433
2022-03-28,Other / Unknown,7,4373238.650719999,37160992.21201,0.0,4373238.650719999,37160992.21201,41534230.862730004,17.542028509349617,-32787753.561290003,-0.7894152095810568,0.7894152095810568
2022-04-04,Asset Management,571,6231636506.847389,8209454396.877902,4355500076.32681,1876136430.5205793,3853954320.551092,14441090903.725292,23.393343514976177,-1977817890.0305128,-0.1369576511370277,0.1369576511370277
2022-04-04,"Infrastructure, Services & Financial Products",277,3206863294.048041,2280149687.4186196,1437992891.6939397,1768870402.3541012,842156795.72468,5487012981.4666605,22.425649861061395,926713606.6294212,0.16889218410081358,-0.16889218410081358
2022-04-04,"Lending, Borrowing & Real World Assets",204,3932656511.644741,7022882590.046153,1848738222.8060493,2083918288.8386917,5174144367.240104,10955539101.690895,23.117111019434876,-3090226078.401412,-0.28206974113436933,0.28206974113436933
2022-04-04,Privacy & Security,7,51359044.37123001,51002089.75562001,50000858.84721001,1358185.5240200013,1001230.9084099978,102361134.12685002,18.444017658749377,356954.6156100035,0.003487208486452006,-0.003487208486452006
2022-04-04,Trading & Exchanges,554,3687038574.9879813,6647094678.074677,1908311577.0947611,1778726997.8932202,4738783100.979917,10334133253.062658,23.058718161450802,-2960056103.086696,-0.2864348688565095,0.2864348688565095
2022-04-04,Primary Market Tokens,2518,10094136540.09342,3028873295.7383413,0.0,10094136540.09342,3028873295.7383413,13123009835.83176,23.297633002447398,7065263244.355079,0.5383874075186403,-0.5383874075186403
2022-04-04,Other / Unknown,7,35953523.39633999,187257.47783000005,0.0,35953523.39633999,187257.47783000005,36140780.87416999,17.40293247748675,35766265.91850999,0.9896373308323377,-0.9896373308323377
2022-04-11,Asset Management,579,3573139445.169226,6265218107.865397,2277285347.5730762,1295854097.59615,3987932760.292321,9838357553.034624,23.00955461883829,-2692078662.6961713,-0.2736309031445807,0.2736309031445807
2022-04-11,"Infrastructure, Services & Financial Products",279,1370457284.191621,1219957041.8000803,471180278.0795802,899277006.1120409,748776763.7205001,2590414325.991701,21.6750836716752,150500242.39154077,0.05809890753052565,-0.05809890753052565
2022-04-11,"Lending, Borrowing & Real World Assets",210,3034905305.9744105,3522009244.0465293,677027038.709961,2357878267.2644496,2844982205.3365684,6556914550.02094,22.60378598642435,-487103938.07211876,-0.07428859021360332,0.07428859021360332
2022-04-11,Privacy & Security,7,58127147.31767002,59174957.29043002,57279854.048170015,847293.2695000023,1895103.2422600016,117302104.60810003,18.580263264085783,-1047809.9727599993,-0.008932576071509336,0.008932576071509336
2022-04-11,Trading & Exchanges,568,1888073724.4344807,3958399787.9883614,544845811.3110603,1343227913.1234202,3413553976.677301,5846473512.422842,22.489104498203904,-2070326063.5538807,-0.35411535845578734,0.35411535845578734
2022-04-11,Primary Market Tokens,2529,8099109816.5461,3022044583.57409,0.0,8099109816.5461,3022044583.57409,11121154400.12019,23.132114933431023,5077065232.97201,0.45652322144876795,-0.45652322144876795
2022-04-11,Other / Unknown,7,23155014.626769997,164015.69539000018,0.0,23155014.626769997,164015.69539000018,23319030.322159998,16.96478038008296,22990998.931379996,0.9859328888788195,-0.9859328888788195
2022-04-18,Asset Management,583,3540355290.1856294,3445438487.865167,1098911367.40361,2441443922.7820196,2346527120.4615574,6985793778.0507965,22.667144463721403,94916802.32046223,0.0135871177043171,-0.0135871177043171
2022-04-18,"Infrastructure, Services & Financial Products",285,1411099462.9749696,1478953492.7072701,416675521.5131595,994423941.4618101,1062277971.1941106,2890052955.6822395,21.78454066301437,-67854029.73230052,-0.0234784728075277,0.0234784728075277
2022-04-18,"Lending, Borrowing & Real World Assets",214,13242918615.40628,10057953108.62923,4630319752.375694,8612598863.030586,5427633356.253536,23300871724.03551,23.871756609909866,3184965506.77705,0.13668868463370268,-0.13668868463370268
2022-04-18,Privacy & Security,7,37950644.287539974,39196160.65038998,37612705.12223998,337939.16529999673,1583455.5281499997,77146804.93792996,18.161220735241493,-1245516.362850003,-0.016144756271528143,0.016144756271528143
2022-04-18,Trading & Exchanges,581,3814683952.297667,2835128358.7606826,762467654.5861605,3052216297.7115064,2072660704.174522,6649812311.05835,22.617854467465254,979555593.5369844,0.1473057505560008,-0.1473057505560008
2022-04-18,Primary Market Tokens,2655,6835639751.896994,11032037365.372751,0.0,6835639751.896994,11032037365.372751,17867677117.269745,23.606259169882915,-4196397613.4757576,-0.2348597182461838,0.2348597182461838
2022-04-18,Other / Unknown,7,8515115.795460002,2455858.85905,0.0,8515115.795460002,2455858.85905,10970974.654510003,16.21076376672051,6059256.936410002,0.5522988729099956,-0.5522988729099956
2022-04-25,Asset Management,602,9164159752.805338,10488508509.503647,5879741288.179566,3284418464.6257715,4608767221.32408,19652668262.308983,23.701478955524497,-1324348756.698309,-0.06738773275068308,0.06738773275068308
2022-04-25,"Infrastructure, Services & Financial Products",289,3170336684.36057,2796722741.7855597,1730236480.72127,1440100203.6392999,1066486261.0642896,5967059426.14613,22.50952008473727,373613942.5750103,0.062612740362184,-0.062612740362184
2022-04-25,"Lending, Borrowing & Real World Assets",220,5162739252.49452,7849404943.950714,1902904015.0799196,3259835237.4146004,5946500928.870794,13012144196.445234,23.289148927377855,-2686665691.456194,-0.20647371031979184,0.20647371031979184
2022-04-25,Privacy & Security,7,1473050.4961999995,2737054.547919999,205690.40799999947,1267360.0882,2531364.1399199995,4210105.044119999,15.252998393968413,-1264004.0517199994,-0.3002310010020672,0.3002310010020672
2022-04-25,Trading & Exchanges,598,3175577686.039792,8939719054.353584,1662274366.261572,1513303319.7782202,7277444688.092012,12115296740.393375,23.21773468463292,-5764141368.313792,-0.47577384952492996,0.47577384952492996
2022-04-25,Primary Market Tokens,2552,13045913040.971197,3658316371.5287523,0.0,13045913040.971197,3658316371.5287523,16704229412.49995,23.538927782598062,9387596669.442444,0.5619892086981041,-0.5619892086981041
2022-04-25,Other / Unknown,7,15350365.774059998,141157.2715,0.0,15350365.774059998,141157.2715,15491523.045559999,16.555803596549943,15209208.502559997,0.9817761919102644,-0.9817761919102644
2022-05-02,Asset Management,619,4696386730.199056,7948456370.281931,3478520531.644946,1217866198.5541096,4469935838.636985,12644843100.480988,23.260515309042052,-3252069640.0828753,-0.25718544818948147,0.25718544818948147
2022-05-02,"Infrastructure, Services & Financial Products",295,1607868211.2819796,1246129837.5937297,807648809.0137402,800219402.2682394,438481028.57998955,2853998048.8757095,21.771986672705697,361738373.6882498,0.12674794008032042,-0.12674794008032042
2022-05-02,"Lending, Borrowing & Real World Assets",222,5380004500.181459,9717694248.151373,3424846471.704218,1955158028.4772415,6292847776.447155,15097698748.332832,23.437808168446686,-4337689747.9699135,-0.28730800768222403,0.28730800768222403
2022-05-02,Privacy & Security,7,27157871.51384997,27193898.146679968,25985191.41008997,1172680.1037600003,1208706.736589998,54351769.66052994,17.81098774985141,-36026.63282999769,-0.0006628419470978164,0.0006628419470978164
2022-05-02,Trading & Exchanges,608,2054799934.6560082,5342538821.93733,620261716.9811193,1434538217.674889,4722277104.956211,7397338756.593338,22.72438614512286,-3287738887.281322,-0.44444887485393586,0.44444887485393586
2022-05-02,Primary Market Tokens,2571,13507899163.63241,3018032786.2668705,0.0,13507899163.63241,3018032786.2668705,16525931949.89928,23.5281966175175,10489866377.36554,0.6347518802066392,-0.6347518802066392
2022-05-02,Other / Unknown,7,27633308.627869997,1703757.7147200003,0.0,27633308.627869997,1703757.7147200003,29337066.342589997,17.194362371443066,25929550.913149998,0.8838494827789529,-0.8838494827789529
2022-05-09,Asset Management,629,12776250309.212076,28745863198.175922,9293370475.063505,3482879834.148571,19452492723.11242,41522113507.388,24.449491977889725,-15969612888.963846,-0.38460501019829796,0.38460501019829796
2022-05-09,"Infrastructure, Services & Financial Products",297,4409174890.925332,4322213898.656771,2304395370.904481,2104779520.0208511,2017818527.7522898,8731388789.582104,22.890190276686543,86960992.26856136,0.009959583104616676,-0.009959583104616676
2022-05-09,"Lending, Borrowing & Real World Assets",225,4613044054.849179,33858311647.42328,2257903997.7857494,2355140057.06343,31600407649.637527,38471355702.27246,24.373179793621848,-29245267592.5741,-0.7601829220394907,0.7601829220394907
2022-05-09,Privacy & Security,7,78959513.69514002,78631427.06571002,75521148.53210002,3438365.163039997,3110278.533610001,157590940.76085004,18.875513257599497,328086.629429996,0.002081887625303788,-0.002081887625303788
2022-05-09,Trading & Exchanges,616,3673648964.161451,18771383356.881702,2349316998.9830213,1324331965.1784296,16422066357.898682,22445032321.04315,23.834335149234658,-15097734392.720251,-0.672653715832055,0.672653715832055
2022-05-09,Primary Market Tokens,2631,61215887852.65547,1009111744.7187896,0.0,61215887852.65547,1009111744.7187896,62224999597.37426,24.854022678745654,60206776107.93668,0.9675657130976866,-0.9675657130976866
2022-05-09,Other / Unknown,7,30983712.489910003,12434025.066390002,0.0,30983712.489910003,12434025.066390002,43417737.55630001,17.58637863806174,18549687.42352,0.4272375408660233,-0.4272375408660233
2022-05-16,Asset Management,634,6212419138.70961,6904814881.459857,4937388452.929449,1275030685.780161,1967426428.530408,13117234020.169468,23.29719277667916,-692395742.750247,-0.052785194019226746,0.052785194019226746
2022-05-16,"Infrastructure, Services & Financial Products",306,1157042758.0084603,1184311589.1563404,544669820.4781202,612372937.5303401,639641768.6782202,2341354347.1648006,21.573995380153754,-27268831.147880077,-0.011646605812102096,0.011646605812102096
2022-05-16,"Lending, Borrowing & Real World Assets",229,1890550217.2379906,5890781383.514433,531848581.98188,1358701635.2561107,5358932801.532553,7781331600.752423,22.774993317528605,-4000231166.2764425,-0.5140805419331618,0.5140805419331618
2022-05-16,Privacy & Security,7,10791889.168580001,10512197.5214,9872525.256630002,919363.9119499996,639672.2647699993,21304086.68998,16.87440952259492,279691.6471800003,0.013128544361000387,-0.013128544361000387
2022-05-16,Trading & Exchanges,627,2038941683.20984,3884501573.053221,616407801.0337299,1422533882.1761103,3268093772.019491,5923443256.263062,22.50218374805484,-1845559889.8433812,-0.31156876330198774,0.31156876330198774
2022-05-16,Primary Market Tokens,2731,8956944556.015932,2390304250.1252713,0.0,8956944556.015932,2390304250.1252713,11347248806.141203,23.15224115564461,6566640305.890661,0.578698891517806,-0.578698891517806
2022-05-16,Other / Unknown,8,3232843.5174900033,4697211.037380001,0.0,3232843.5174900033,4697211.037380001,7930054.554870004,15.886170599244752,-1464367.5198899973,-0.1846604597430796,0.1846604597430796
2022-05-23,Asset Management,634,4082879071.396953,5328151812.107026,2890659733.764764,1192219337.6321893,2437492078.3422623,9411030883.503979,22.965148336562866,-1245272740.710073,-0.13232054555179876,0.13232054555179876
2022-05-23,"Infrastructure, Services & Financial Products",307,1193808618.9257603,1334690332.1454306,593038776.0977104,600769842.8280499,741651556.0477202,2528498951.071191,21.650891664037395,-140881713.2196703,-0.05571752883661913,0.05571752883661913
2022-05-23,"Lending, Borrowing & Real World Assets",232,3121955129.0380177,5221111179.636268,1471472301.549818,1650482827.4881997,3749638878.0864496,8343066308.674286,22.844696648776065,-2099156050.59825,-0.2516048624012202,0.2516048624012202
2022-05-23,Privacy & Security,7,51863732.55915001,84603513.27869006,16681903.514500009,35181829.04465,67921609.76419005,136467245.83784008,18.73159519389077,-32739780.719540045,-0.23990944140870066,0.23990944140870066
2022-05-23,Trading & Exchanges,630,1489925334.35331,3892268076.422314,560278505.2966896,929646829.0566205,3331989571.1256247,5382193410.775624,22.40636182539018,-2402342742.069004,-0.4463501325053282,0.4463501325053282
2022-05-23,Primary Market Tokens,2712,8159539791.378226,2265725614.01669,0.0,8159539791.378226,2265725614.01669,10425265405.394917,23.067498062954204,5893814177.361536,0.5653394852002115,-0.5653394852002115
2022-05-23,Other / Unknown,8,27123590.566799995,544740.6118000054,0.0,27123590.566799995,544740.6118000054,27668331.1786,17.135799074507368,26578849.95499999,0.9606235296025853,-0.9606235296025853
2022-05-30,Asset Management,642,2670499739.258819,2804515045.338189,1999291024.3203897,671208714.9384294,805224021.0177994,5475014784.597008,22.423460813210994,-134015306.07937002,-0.024477615376747208,0.024477615376747208
2022-05-30,"Infrastructure, Services & Financial Products",310,638219176.38771,386319252.09022987,186206588.23353,452012588.15417993,200112663.85669985,1024538428.4779398,20.74750803541112,251899924.2974801,0.24586674086174012,-0.24586674086174012
2022-05-30,"Lending, Borrowing & Real World Assets",234,5997788386.78503,3199539679.9736996,1589059038.7004402,4408729348.08459,1610480641.2732594,9197328066.75873,22.942178851401668,2798248706.811331,0.304245829495291,-0.304245829495291
2022-05-30,Privacy & Security,7,6576381.543759988,12397643.896909956,5182529.361749988,1393852.1820099996,7215114.535159968,18974025.440669943,16.75858157245512,-5821262.353149968,-0.30680165215085897,0.30680165215085897
2022-05-30,Trading & Exchanges,649,1309360141.2279806,1776166170.0400016,327478297.27783006,981881843.9501505,1448687872.7621715,3085526311.2679825,21.84998808340512,-466806028.812021,-0.15128894772580606,0.15128894772580606
2022-05-30,Primary Market Tokens,2825,2838680401.2653604,5283863980.28207,0.0,2838680401.2653604,5283863980.28207,8122544381.54743,22.817909289641253,-2445183579.01671,-0.3010366535603806,0.3010366535603806
2022-05-30,Other / Unknown,9,1997947.348759997,320402.19631999923,0.0,1997947.348759997,320402.19631999923,2318349.5450799963,14.656366518833801,1677545.1524399978,0.7235945744247608,-0.7235945744247608
2022-06-06,Asset Management,644,3808419069.6566405,10750387617.831715,2217622638.5917606,1590796431.06488,8532764979.239954,14558806687.488356,23.401461918147977,-6941968548.175074,-0.4768226336943473,0.4768226336943473
2022-06-06,"Infrastructure, Services & Financial Products",314,974386360.3512203,1713228954.0234299,572689177.6259602,401697182.72526,1140539776.3974695,2687615314.37465,21.71192013752605,-738842593.6722096,-0.2749063787962982,0.2749063787962982
2022-06-06,"Lending, Borrowing & Real World Assets",235,2505255604.205629,5668341989.65368,993523844.4131697,1511731759.792459,4674818145.24051,8173597593.859308,22.82417499098424,-3163086385.448051,-0.38698826913431933,0.38698826913431933
2022-06-06,Privacy & Security,7,32296136.253920007,87138775.40758,8089445.570250006,24206690.68367,79049329.83733,119434911.6615,18.598282117032063,-54842639.15366,-0.45918432383567953,0.45918432383567953
2022-06-06,Trading & Exchanges,654,7254901592.875654,4311145434.857451,835877254.7610698,6419024338.114584,3475268180.0963817,11566047027.733105,23.171339662793237,2943756158.018203,0.25451704899345945,-0.25451704899345945
2022-06-06,Primary Market Tokens,2817,9498215700.431093,1556072969.06464,0.0,9498215700.431093,1556072969.06464,11054288669.495733,23.126084304590027,7942142731.366453,0.7184671007626899,-0.7184671007626899
2022-06-06,Other / Unknown,9,12959187.603770008,117910.53943000003,0.0,12959187.603770008,117910.53943000003,13077098.143200008,16.386373101354128,12841277.064340008,0.9819668647984702,-0.9819668647984702
2022-06-13,Asset Management,651,3130413395.845611,6320191572.425721,1332910672.150311,1797502723.6953,4987280900.27541,9450604968.271332,22.969344594315313,-3189778176.58011,-0.3375210568306689,0.3375210568306689
2022-06-13,"Infrastructure, Services & Financial Products",315,1548416027.2372904,2176058750.447281,1053313514.5968404,495102512.64045,1122745235.8504405,3724474777.6845713,22.038191679825786,-627642723.2099905,-0.16851845177487898,0.16851845177487898
2022-06-13,"Lending, Borrowing & Real World Assets",237,3041177178.1072183,15378595380.159052,1461795227.7484984,1579381950.3587198,13916800152.410553,18419772558.26627,23.636690520209083,-12337418202.051834,-0.6697921031883292,0.6697921031883292
2022-06-13,Privacy & Security,7,88837466.93644,153826354.66738003,44813942.03219,44023524.90425,109012412.63519004,242663821.60382003,19.307187597384967,-64988887.73094003,-0.2678144904395463,0.2678144904395463
2022-06-13,Trading & Exchanges,664,1090615781.1465797,10632980635.385302,611677060.7461996,478938720.40038013,10021303574.639103,11723596416.531881,23.18486943558705,-9542364854.238722,-0.8139451850101797,0.8139451850101797
2022-06-13,Primary Market Tokens,2847,27050578917.228554,1232883362.05579,0.0,27050578917.228554,1232883362.05579,28283462279.284344,24.0655430990625,25817695555.172764,0.912819487947995,-0.912819487947995
2022-06-13,Other / Unknown,9,9387541.426280001,64890252.78745,0.0,9387541.426280001,64890252.78745,74277794.21373,18.123322611909845,-55502711.36117,-0.7472315508113259,0.7472315508113259
2022-06-20,Asset Management,654,5272814852.242548,3794548062.183039,3027806253.0135493,2245008599.2289987,766741809.1694899,9067362914.425587,22.927947310774414,1478266790.0595088,0.16303161172778055,-0.16303161172778055
2022-06-20,"Infrastructure, Services & Financial Products",316,1618302115.6528504,1547759289.2367098,1151564387.49333,466737728.1595204,396194901.74337983,3166061404.88956,21.875754193633934,70542826.41614056,0.022280940700390887,-0.022280940700390887
2022-06-20,"Lending, Borrowing & Real World Assets",241,3214862944.2873983,2274489510.4495797,482499563.4213002,2732363380.8660984,1791989947.0282795,5489352454.736979,22.426076135736544,940373433.8378186,0.17130862730928004,-0.17130862730928004
2022-06-20,Privacy & Security,7,51214015.27251003,7923101.182359998,6628162.21996,44585853.05255003,1294938.9623999977,59137116.45487003,17.89536933016031,43290914.09015003,0.7320430329603086,-0.7320430329603086
2022-06-20,Trading & Exchanges,668,2851563541.76049,1281595111.58887,528239628.9225603,2323323912.8379297,753355482.6663098,4133158653.34936,22.14230775895176,1569968430.17162,0.37984712464385445,-0.37984712464385445
2022-06-20,Primary Market Tokens,2799,1567072878.4621694,5676750751.315406,0.0,1567072878.4621694,5676750751.315406,7243823629.7775755,22.703415029732696,-4109677872.853236,-0.5673354409071146,0.5673354409071146
2022-06-20,Other / Unknown,9,9453900.088449996,2218421.8104499993,0.0,9453900.088449996,2218421.8104499993,11672321.898899995,16.272731033204092,7235478.277999997,0.619883373734053,-0.619883373734053
2022-06-27,Asset Management,660,2350008082.8974977,2857968357.128088,1587238695.7265275,762769387.1709702,1270729661.4015605,5207976440.025585,22.37345721822985,-507960274.23059034,-0.0975350560971614,0.0975350560971614
2022-06-27,"Infrastructure, Services & Financial Products",320,869793637.0141301,910652417.3580295,524002039.4072301,345791597.60690004,386650377.9507994,1780446054.3721595,21.300129762762953,-40858780.34389937,-0.022948620231185518,0.022948620231185518
2022-06-27,"Lending, Borrowing & Real World Assets",248,1996662762.5609307,2816758848.592622,563789793.9245005,1432872968.6364303,2252969054.6681213,4813421611.153553,22.29467402204991,-820096086.0316911,-0.17037694851649454,0.17037694851649454
2022-06-27,Privacy & Security,7,40345750.2247,88398887.67477998,39342057.645339996,1003692.5793600008,49056830.029439986,128744637.89947999,18.673341457025476,-48053137.450079985,-0.37324379666668883,0.37324379666668883
2022-06-27,Trading & Exchanges,675,687027807.1103202,2776560056.8789105,304473220.14203036,382554586.96828985,2472086836.7368803,3463587863.9892306,21.965570843948584,-2089532249.7685905,-0.6032854750108593,0.6032854750108593
2022-06-27,Primary Market Tokens,2826,5099147560.4575815,1607551797.25797,0.0,5099147560.4575815,1607551797.25797,6706699357.715551,22.626372768057934,3491595763.1996117,0.5206131327748864,-0.5206131327748864
2022-06-27,Other / Unknown,9,15151252.419120003,246487.79387999992,0.0,15151252.419120003,246487.79387999992,15397740.213000003,16.549731382145584,14904764.625240002,0.9679839001736247,-0.9679839001736247
2022-07-04,Asset Management,665,2625135055.549741,1997666896.4983103,1328829054.0740497,1296306001.475691,668837842.4242606,4622801952.048051,22.254266841547096,627468159.0514305,0.13573329888671562,-0.13573329888671562
2022-07-04,"Infrastructure, Services & Financial Products",323,1134004702.7819798,922449486.4302897,684126869.4222797,449877833.3597001,238322617.00801003,2056454189.2122695,21.444249069778706,211555216.35169005,0.10287378024828595,-0.10287378024828595
2022-07-04,"Lending, Borrowing & Real World Assets",248,3809830152.0354567,2612348558.26645,754316290.1845803,3055513861.8508763,1858032268.0818696,6422178710.301907,22.583023260208776,1197481593.7690067,0.18646033500252956,-0.18646033500252956
2022-07-04,Privacy & Security,7,38633672.167539984,5122254.122459998,3275477.158599999,35358195.00893998,1846776.9638599996,43755926.289999984,17.594137642505473,33511418.045079984,0.7658715261328775,-0.7658715261328775
2022-07-04,Trading & Exchanges,681,2717543732.266429,676887331.0663998,380522109.32909983,2337021622.9373293,296365221.7373,3394431063.3328285,21.945402003452283,2040656401.2000291,0.6011777417557589,-0.6011777417557589
2022-07-04,Primary Market Tokens,2842,1785736554.97915,5892551476.684856,0.0,1785736554.97915,5892551476.684856,7678288031.664006,22.761662446843786,-4106814921.7057066,-0.5348607534348636,0.5348607534348636
2022-07-04,Other / Unknown,9,548574.5225800001,4406441.234110002,0.0,548574.5225800001,4406441.234110002,4955015.756690003,15.415911107514473,-3857866.7115300023,-0.7785780915673804,0.7785780915673804
2022-07-11,Asset Management,667,2878373583.63125,1414666921.093869,860595287.2234888,2017778296.407761,554071633.8703802,4293040504.7251186,22.18026106144018,1463706662.537381,0.3409487194277244,-0.3409487194277244
2022-07-11,"Infrastructure, Services & Financial Products",329,1245743033.0457995,1089821076.8093295,833702415.8584294,412040617.18737006,256118660.95090008,2335564109.8551292,21.571519288120612,155921956.23646998,0.06675986995113636,-0.06675986995113636
2022-07-11,"Lending, Borrowing & Real World Assets",250,2479693946.547342,2339589597.3367195,499583424.67075986,1980110521.876582,1840006172.6659596,4819283543.884062,22.295891111820346,140104349.2106223,0.029071613640252087,-0.029071613640252087
2022-07-11,Privacy & Security,7,79153467.03809002,11244340.831719993,8457738.183089996,70695728.85500002,2786602.648629997,90397807.86981001,18.31973058690284,67909126.20637003,0.7512253649355308,-0.7512253649355308
2022-07-11,Trading & Exchanges,685,1737469278.7376003,1429987737.1595917,417316966.1415897,1320152312.5960107,1012670771.018002,3167457015.897192,21.876194900027144,307481541.57800865,0.09707520576752438,-0.09707520576752438
2022-07-11,Primary Market Tokens,2879,2157898557.863212,4291846149.340354,0.0,2157898557.863212,4291846149.340354,6449744707.203566,22.5873063868473,-2133947591.4771419,-0.33085768326516657,0.33085768326516657
2022-07-11,Other / Unknown,9,633718.6478999999,1809762.939609998,0.0,633718.6478999999,1809762.939609998,2443481.5875099977,14.708934869622347,-1176044.2917099982,-0.48129861003308516,0.48129861003308516
2022-07-18,Asset Management,673,3325076841.209677,1929990674.207941,1003258695.1249506,2321818146.0847263,926731979.0829904,5255067515.417618,22.38245868922659,1395086167.0017362,0.2654744516428671,-0.2654744516428671
2022-07-18,"Infrastructure, Services & Financial Products",331,1173082607.232091,972619153.9296508,666148581.2613707,506934025.9707203,306470572.6682801,2145701761.1617417,21.48673249766759,200463453.30244017,0.09342559014068375,-0.09342559014068375
2022-07-18,"Lending, Borrowing & Real World Assets",255,2758841378.5740404,2636835252.7403517,632839251.8382304,2126002126.73581,2003996000.9021213,5395676631.314392,22.408863846200877,122006125.83368874,0.022611830576653353,-0.022611830576653353
2022-07-18,Privacy & Security,7,55746249.138959974,4501314.766619996,4062620.685579997,51683628.453379974,438694.08103999915,60247563.90557997,17.913972713013372,51244934.37233998,0.8505727211253069,-0.8505727211253069
2022-07-18,Trading & Exchanges,693,3766879331.083965,739651947.9729505,177729194.26572987,3589150136.818235,561922753.7072206,4506531279.056915,22.228793577034377,3027227383.1110144,0.6717422326966571,-0.6717422326966571
2022-07-18,Primary Market Tokens,3086,1704732752.0055125,6498958770.673713,0.0,1704732752.0055125,6498958770.673713,8203691522.679225,22.827850075727927,-4794226018.6682005,-0.5843986216954273,0.5843986216954273
2022-07-18,Other / Unknown,9,229898.98681000018,2031943.9398299982,0.0,229898.98681000018,2031943.9398299982,2261842.9266399983,14.631690935329017,-1802044.953019998,-0.7967153385389864,0.7967153385389864
2022-07-25,Asset Management,676,5095321158.353918,3525724157.76657,2737030414.9586396,2358290743.3952785,788693742.8079305,8621045316.120487,22.877472180757124,1569597000.587348,0.18206574064195666,-0.18206574064195666
2022-07-25,"Infrastructure, Services & Financial Products",329,956655883.6111207,882192707.4771008,607212344.2365208,349443539.37459993,274980363.2405801,1838848591.0882215,21.33240544752512,74463176.13401985,0.04049445750721266,-0.04049445750721266
2022-07-25,"Lending, Borrowing & Real World Assets",259,2287191168.222031,2490280307.83905,293940283.7182401,1993250884.503791,2196340024.1208096,4777471476.061081,22.287177263796323,-203089139.6170187,-0.04250975450814438,0.04250975450814438
2022-07-25,Privacy & Security,7,42313638.527970016,1340576.56289,101791.64904999782,42211846.87892002,1238784.9138400021,43654215.09086002,17.59181042415046,40973061.965080015,0.9385820333683801,-0.9385820333683801
2022-07-25,Trading & Exchanges,700,2767428832.4773326,942842129.0734504,278410449.72841007,2489018382.7489223,664431679.3450403,3710270961.550783,22.03437074662675,1824586703.403882,0.4917664295443422,-0.4917664295443422
2022-07-25,Primary Market Tokens,2911,2173411666.52349,5488721599.163401,0.0,2173411666.52349,5488721599.163401,7662133265.686891,22.759556276272107,-3315309932.6399107,-0.43268758421192793,0.43268758421192793
2022-07-25,Other / Unknown,9,9733915.759400059,954785.5928000002,0.0,9733915.759400059,954785.5928000002,10688701.35220006,16.184697886690063,8779130.166600058,0.821346754607663,-0.821346754607663
2022-08-01,Asset Management,680,1127572488.9576995,1145590397.5146296,565566607.4136597,562005881.5440398,580023790.1009699,2273162886.472329,21.544438041137624,-18017908.556930065,-0.007926360519149446,0.007926360519149446
2022-08-01,"Infrastructure, Services & Financial Products",331,552294584.3612304,431021095.17771024,195668680.08679032,356625904.27444005,235352415.0909199,983315679.5389407,20.706440766474593,121273489.18352014,0.12333118621721066,-0.12333118621721066
2022-08-01,"Lending, Borrowing & Real World Assets",261,4066906903.4335194,2493255590.6705995,1185047751.8718204,2881859151.561699,1308207838.798779,6560162494.104118,22.604281210190763,1573651312.76292,0.23987992891597176,-0.23987992891597176
2022-08-01,Privacy & Security,7,15841543.33753997,10438765.729880003,9566707.138770001,6274836.19876997,872058.5911100022,26280309.067419976,17.084330550119148,5402777.607659968,0.2055827271208868,-0.2055827271208868
2022-08-01,Trading & Exchanges,704,1264440930.1264699,1537259078.9604104,375570643.0529902,888870287.0734797,1161688435.9074202,2801700009.08688,21.753492216348327,-272818148.8339405,-0.09737593173755116,0.09737593173755116
2022-08-01,Primary Market Tokens,2999,2110113141.801599,3511782569.386998,0.0,2110113141.801599,3511782569.386998,5621895711.188597,22.449934759310032,-1401669427.5853992,-0.24932327093791898,0.24932327093791898
2022-08-01,Other / Unknown,9,2948698.8855699925,10770793.463400057,0.0,2948698.8855699925,10770793.463400057,13719492.348970048,16.434328251662524,-7822094.577830064,-0.5701446073124773,0.5701446073124773
2022-08-08,Asset Management,679,4423560997.919758,3751963479.4378,2350386388.2293,2073174609.6904578,1401577091.2085,8175524477.357557,22.82441070804581,671597518.4819579,0.08214733138430129,-0.08214733138430129
2022-08-08,"Infrastructure, Services & Financial Products",335,747931634.4291503,710505744.6487501,279076479.4548201,468855154.97433025,431429265.19393,1458437379.0779004,21.10063141188198,37425889.780400276,0.025661636431769774,-0.025661636431769774
2022-08-08,"Lending, Borrowing & Real World Assets",262,4187356786.6693206,1097923758.70063,626017190.2596897,3561339596.409631,471906568.44094026,5285280545.36995,22.38819153837344,3089433027.968691,0.5845352959882363,-0.5845352959882363
2022-08-08,Privacy & Security,7,18403817.682860006,42558451.736359976,12055996.050950006,6347821.63191,30502455.68540997,60962269.419219986,17.925765713058887,-24154634.05349997,-0.3962226846805112,0.3962226846805112
2022-08-08,Trading & Exchanges,714,2871108722.358971,1154240521.9487503,255269685.32609007,2615839037.0328813,898970836.6226602,4025349244.307721,22.115877513073276,1716868200.4102209,0.42651409758744735,-0.42651409758744735
2022-08-08,Primary Market Tokens,2952,1515897990.72841,7031690952.48788,0.0,1515897990.72841,7031690952.48788,8547588943.2162895,22.868915085298557,-5515792961.75947,-0.6453039562854769,0.6453039562854769
2022-08-08,Other / Unknown,8,32172825.35776999,7549866.1860700045,0.0,32172825.35776999,7549866.1860700045,39722691.54383999,17.497433182956524,24622959.171699986,0.6198713685985964,-0.6198713685985964
2022-08-15,Asset Management,680,4915038145.014409,6958178098.032119,3623437566.8256884,1291600578.1887207,3334740531.2064304,11873216243.046528,23.197550964556648,-2043139953.0177097,-0.17207973906937485,0.17207973906937485
2022-08-15,"Infrastructure, Services & Financial Products",334,1455571607.6024003,1587650507.8207586,838230072.2453498,617341535.3570505,749420435.5754088,3043222115.4231586,21.836182697778145,-132078900.21835828,-0.04340100564759229,0.04340100564759229
2022-08-15,"Lending, Borrowing & Real World Assets",266,2369170085.33153,6598159028.660498,1059743379.8377703,1309426705.4937596,5538415648.822727,8967329113.992027,22.91685371115257,-4228988943.3289676,-0.4715996133932826,0.4715996133932826
2022-08-15,Privacy & Security,7,30195357.323579997,221035958.82453004,28444657.206059996,1750700.1175200008,192591301.61847004,251231316.14811003,19.341884654963234,-190840601.50095004,-0.7596210712379604,0.7596210712379604
2022-08-15,Trading & Exchanges,728,3539916497.0115595,6002300888.8296995,856277440.1460397,2683639056.8655195,5146023448.68366,9542217385.841259,22.97899172588533,-2462384391.81814,-0.25805159243928205,0.25805159243928205
2022-08-15,Primary Market Tokens,2800,11712225507.321955,2728664200.03416,0.0,11712225507.321955,2728664200.03416,14440889707.356115,23.393329582665103,8983561307.287794,0.622091954812979,-0.622091954812979
2022-08-15,Other / Unknown,7,75734880.70723999,1863398.11091,0.0,75734880.70723999,1863398.11091,77598278.81814998,18.167055817615868,73871482.59632999,0.9519732102492419,-0.9519732102492419
2022-08-22,Asset Management,684,2194199959.28058,2600566901.43348,1405395582.3133104,788804376.9672697,1195171319.1201694,4794766860.71406,22.290790922976527,-406366942.15289974,-0.08475217960699379,0.08475217960699379
2022-08-22,"Infrastructure, Services & Financial Products",337,559055198.3494604,666939765.87686,331520732.24067026,227534466.1087901,335419033.63618976,1225994964.2263203,20.927018567785048,-107884567.52739966,-0.0879975617155015,0.0879975617155015
2022-08-22,"Lending, Borrowing & Real World Assets",270,969013706.9993,2439501594.0707307,369956269.27702,599057437.72228,2069545324.7937107,3408515301.0700307,21.949542638142407,-1470487887.0714307,-0.4314159559764342,0.4314159559764342
2022-08-22,Privacy & Security,7,31367397.69962,51812916.479389995,2200914.4677199996,29166483.231900003,49612002.01166999,83180314.17901,18.236521281391962,-20445518.779769994,-0.2457975661857897,0.2457975661857897
2022-08-22,Trading & Exchanges,741,774153595.0465813,2665049896.8547344,231466340.64570007,542687254.4008812,2433583556.2090344,3439203491.9013157,21.95850573876031,-1890896301.8081532,-0.5498064613684134,0.5498064613684134
2022-08-22,Primary Market Tokens,2788,4964319257.637123,1179098196.7862,0.0,4964319257.637123,1179098196.7862,6143417454.423323,22.53864701309851,3785221060.850923,0.6161425768202559,-0.6161425768202559
2022-08-22,Other / Unknown,7,111033243.70020002,173087.2114700025,0.0,111033243.70020002,173087.2114700025,111206330.91167003,18.52689787981135,110860156.48873001,0.9968870978828087,-0.9968870978828087
2022-08-29,Asset Management,689,1790796736.6215298,1508053975.0936396,656203112.3717797,1134593624.2497501,851850862.7218599,3298850711.7151694,21.916839975884965,282742761.5278902,0.08570947467364594,-0.08570947467364594
2022-08-29,"Infrastructure, Services & Financial Products",337,962341431.1791008,1026135502.4519808,766286566.6891909,196054864.4899099,259848935.76278996,1988476933.6310816,21.410634823163846,-63794071.27288008,-0.032081876432123436,0.032081876432123436
2022-08-29,"Lending, Borrowing & Real World Assets",273,2562750848.94877,1943734299.66808,568090859.10578,1994659989.84299,1375643440.5623002,4506485148.61685,22.228783340630077,619016549.28069,0.13736127577624022,-0.13736127577624022
2022-08-29,Privacy & Security,7,4078705.921080006,21763614.645730007,2905807.056460005,1172898.8646200006,18857807.589270003,25842320.566810012,17.06752407675975,-17684908.724650003,-0.6843390352243833,0.6843390352243833
2022-08-29,Trading & Exchanges,754,1852260232.2990503,1061636927.6112902,423072295.28213996,1429187937.0169103,638564632.3291502,2913897159.9103403,21.792757252713805,790623304.6877601,0.27132848597583564,-0.27132848597583564
2022-08-29,Primary Market Tokens,2700,1751351102.7191703,3287981588.345791,0.0,1751351102.7191703,3287981588.345791,5039332691.064961,22.34053950789566,-1536630485.6266205,-0.3049273742833368,0.3049273742833368
2022-08-29,Other / Unknown,7,7407011.318319988,81680161.19050999,0.0,7407011.318319988,81680161.19050999,89087172.50882998,18.305125925948506,-74273149.87219,-0.8337131798051883,0.8337131798051883
2022-09-05,Asset Management,693,2214403185.4107413,2034619920.4735396,748985442.4492102,1465417742.9615312,1285634478.0243294,4249023105.884281,22.169954936257824,179783264.93720174,0.042311670343290905,-0.042311670343290905
2022-09-05,"Infrastructure, Services & Financial Products",341,736257307.97441,599031066.5016602,379658081.37289,356599226.60152006,219372985.12877023,1335288374.4760704,21.012413117064042,137226241.47274983,0.10276899289757806,-0.10276899289757806
2022-09-05,"Lending, Borrowing & Real World Assets",277,3224342144.876673,1668921297.65067,375522978.47857964,2848819166.3980937,1293398319.1720905,4893263442.527344,22.311125288704773,1555420847.2260032,0.3178698358457146,-0.3178698358457146
2022-09-05,Privacy & Security,7,48777981.68724998,6975812.918799995,6052861.472379996,42725120.21486998,922951.446419999,55753794.60604998,17.836456048606717,41802168.768449984,0.7497636540045282,-0.7497636540045282
2022-09-05,Trading & Exchanges,762,2580814921.5326824,1290616481.3967507,292631518.8906905,2288183402.641992,997984962.5060601,3871431402.929433,22.076890147418773,1290198440.1359317,0.3332613459609965,-0.3332613459609965
2022-09-05,Primary Market Tokens,2696,2090638778.5452704,5433667224.712827,0.0,2090638778.5452704,5433667224.712827,7524306003.258097,22.741404417980572,-3343028446.1675563,-0.44429724744315197,0.44429724744315197
2022-09-05,Other / Unknown,7,143469868.6685199,4872385.041300001,0.0,143469868.6685199,4872385.041300001,148342253.7098199,18.815032693764966,138597483.62721992,0.934308871283146,-0.934308871283146
2022-09-12,Asset Management,700,2365402125.615269,3652731429.216518,1146527471.6663594,1218874653.9489098,2506203957.5501585,6018133554.831787,22.518043007635125,-1287329303.6012487,-0.21390839732489633,0.21390839732489633
2022-09-12,"Infrastructure, Services & Financial Products",343,783520310.2962096,1080998585.9410603,445199053.90652966,338321256.3896799,635799532.0345306,1864518896.2372699,21.346268892815925,-297478275.64485073,-0.15954693526849353,0.15954693526849353
2022-09-12,"Lending, Borrowing & Real World Assets",278,1174013157.8146496,5611131682.487899,508197958.09793967,665815199.7167099,5102933724.389959,6785144840.302548,22.638001477286537,-4437118524.673249,-0.6539460290246949,0.6539460290246949
2022-09-12,Privacy & Security,7,31727263.944900002,47613823.38778,7393525.605340004,24333738.33956,40220297.78244,79341087.33268,18.18926669028282,-15886559.44288,-0.2002311787871912,0.2002311787871912
2022-09-12,Trading & Exchanges,768,830383108.4316,3695458101.6810875,323013988.08385,507369120.34774995,3372444113.5972376,4525841210.112687,22.233069299828806,-2865074993.2494874,-0.6330480589658494,0.6330480589658494
2022-09-12,Primary Market Tokens,2690,9650240785.708317,878227678.53947,0.0,9650240785.708317,878227678.53947,10528468464.247787,23.077348707618413,8772013107.168846,0.8331708583215638,-0.8331708583215638
2022-09-12,Other / Unknown,7,130942534.47167009,67985.02880000108,0.0,130942534.47167009,67985.02880000108,131010519.50047009,18.69078818710471,130874549.4428701,0.9989621439704351,-0.9989621439704351
2022-09-19,Asset Management,704,1587277298.9784594,1760072298.33693,935216664.8396298,652060634.1388296,824855633.4973003,3347349597.3153896,21.931434704965465,-172794999.35847068,-0.05162143789733051,0.05162143789733051
2022-09-19,"Infrastructure, Services & Financial Products",343,275669279.83895016,1184590182.15437,100204681.47602007,175464598.3629301,1084385500.67835,1460259461.9933202,21.101879971256313,-908920902.3154199,-0.6224379474827725,0.6224379474827725
2022-09-19,"Lending, Borrowing & Real World Assets",282,1679475118.3483007,1459053716.4502602,546801134.8452504,1132673983.5030503,912252581.6050098,3138528834.798561,21.86702000344405,220421401.89804053,0.07023080350707937,-0.07023080350707937
2022-09-19,Privacy & Security,7,3216200.2056899983,4569628.788089991,2607908.475199999,608291.7304899995,1961720.3128899918,7785828.993779989,15.867815972054148,-1353428.5823999923,-0.17383230269778993,0.17383230269778993
2022-09-19,Trading & Exchanges,783,1888443916.8786197,1130265288.0733914,94360044.41445994,1794083872.4641597,1035905243.6589315,3018709204.952011,21.828095161717577,758178628.8052282,0.25115987573810744,-0.25115987573810744
2022-09-19,Primary Market Tokens,2910,2384665732.291881,2337219212.5928698,0.0,2384665732.291881,2337219212.5928698,4721884944.88475,22.2754739097654,47446519.699011326,0.010048215967314167,-0.010048215967314167
2022-09-19,Other / Unknown,8,64795844.88396997,7773065.029959983,0.0,64795844.88396997,7773065.029959983,72568909.91392995,18.10004716375477,57022779.854009986,0.785774237502556,-0.785774237502556
2022-09-26,Asset Management,710,1355825014.4034803,1256935498.9832802,810259368.5620296,545565645.8414507,446676130.4212506,2612760513.3867607,21.683673167691342,98889515.42020011,0.037848671898373,-0.037848671898373
2022-09-26,"Infrastructure, Services & Financial Products",348,606168116.77011,864999341.0009903,464146820.92289007,142021295.84721994,400852520.0781002,1471167457.7711003,21.109322112175544,-258831224.23088026,-0.17593593636377997,0.17593593636377997
2022-09-26,"Lending, Borrowing & Real World Assets",287,1771622961.2914615,1502788252.7234404,530550501.8529598,1241072459.4385016,972237750.8704805,3274411214.014902,21.909403908196126,268834708.56802106,0.08210169431908058,-0.08210169431908058
2022-09-26,Privacy & Security,7,8254965.5991199985,6265893.638589993,3538965.497759996,4716000.1013600025,2726928.140829997,14520859.237709992,16.491096810627358,1989071.9605300054,0.13698032106560737,-0.13698032106560737
2022-09-26,Trading & Exchanges,791,1363260065.8603625,600234081.3537999,95429090.04701006,1267830975.8133526,504804991.3067899,1963494147.2141623,21.39799145169481,763025984.5065626,0.3886061924804596,-0.3886061924804596
2022-09-26,Primary Market Tokens,2815,1457209141.8062608,2320855610.247834,0.0,1457209141.8062608,2320855610.247834,3778064752.0540953,22.052477745384962,-863646468.4415734,-0.228594935534659,0.228594935534659
2022-09-26,Other / Unknown,7,27533274.84248999,37794862.625350036,0.0,27533274.84248999,37794862.625350036,65328137.46784003,17.99493341211799,-10261587.782860044,-0.15707761128061634,0.15707761128061634
2022-10-03,Asset Management,714,885137022.16241,879960644.37428,358947857.62701976,526189164.53539026,521012786.7472602,1765097666.53669,21.291471861515546,5176377.788130045,0.0029326296704514096,-0.0029326296704514096
2022-10-03,"Infrastructure, Services & Financial Products",350,526035231.4026699,500078811.65031016,293413055.15171003,232622176.25095987,206665756.49860013,1026114043.0529801,20.749044731565576,25956419.752359748,0.025295843018707787,-0.025295843018707787
2022-10-03,"Lending, Borrowing & Real World Assets",289,1450341945.3551304,920835724.6222403,229209541.61953,1221132403.7356005,691626183.0027103,2371177669.9773707,21.586652576261148,529506220.7328901,0.22330938226908295,-0.22330938226908295
2022-10-03,Privacy & Security,7,5720806.867599999,1323722.365819997,305202.05233999825,5415604.8152600005,1018520.3134799986,7044529.233419996,15.767762020242822,4397084.501780001,0.6241842933832633,-0.6241842933832633
2022-10-03,Trading & Exchanges,806,1113030262.2996695,908562023.9966407,280641093.4108596,832389168.8888099,627920930.5857811,2021592286.2963102,21.427151298882738,204468238.30302882,0.10114217376522942,-0.10114217376522942
2022-10-03,Primary Market Tokens,2870,1301015750.6900415,2053313429.5315104,0.0,1301015750.6900415,2053313429.5315104,3354329180.221552,21.933517641393557,-752297678.8414688,-0.2242766402526361,0.2242766402526361
2022-10-03,Other / Unknown,7,916269.9571899984,18122932.193910003,0.0,916269.9571899984,18122932.193910003,19039202.151100002,16.76201073514393,-17206662.236720003,-0.9037491224770612,0.9037491224770612
2022-10-10,Asset Management,724,791395830.22144,1752765966.988201,516489268.2860498,274906561.9353902,1236276698.702151,2544161797.209641,21.65706708032707,-961370136.766761,-0.37787303379099646,0.37787303379099646
2022-10-10,"Infrastructure, Services & Financial Products",352,430937115.10556984,526510596.1285299,109289963.35342969,321647151.75214016,417220632.77510023,957447711.2340997,20.679781668895174,-95573481.02296007,-0.09982109717487431,0.09982109717487431
2022-10-10,"Lending, Borrowing & Real World Assets",297,1632217212.1307797,2008963028.461032,370132059.8080699,1262085152.3227098,1638830968.652962,3641180240.5918117,22.015573708235472,-376745816.3302522,-0.10346804921390504,0.10346804921390504
2022-10-10,Privacy & Security,7,2798639.813880001,8686120.852060009,2378388.575500002,420251.23837999906,6307732.276560007,11484760.665940009,16.256531642121622,-5887481.038180008,-0.5126341949502111,0.5126341949502111
2022-10-10,Trading & Exchanges,822,728565673.0296007,2004702534.4963443,317344430.6544306,411221242.3751701,1687358103.8419137,2733268207.525945,21.728763876115618,-1276136861.4667435,-0.4668904639335984,0.4668904639335984
2022-10-10,Primary Market Tokens,2956,3651928607.2021065,952193813.7121701,0.0,3651928607.2021065,952193813.7121701,4604122420.914276,22.250217917790124,2699734793.4899364,0.5863733729638382,-0.5863733729638382
2022-10-10,Other / Unknown,7,18431378.39674009,2452395.2617800008,0.0,18431378.39674009,2452395.2617800008,20883773.65852009,16.854483083304974,15978983.134960089,0.765138685959711,-0.765138685959711
2022-10-17,Asset Management,742,996815420.4712404,1035793801.0092397,421687891.7733397,575127528.6979008,614105909.2358999,2032609221.4804802,21.43258613594018,-38978380.53799927,-0.019176524501649563,0.019176524501649563
2022-10-17,"Infrastructure, Services & Financial Products",359,436471897.3481603,755487967.5822401,287105672.6151003,149366224.73306,468382294.9671398,1191959864.9304004,20.898864735501263,-319016070.2340798,-0.2676399429377661,0.2676399429377661
2022-10-17,"Lending, Borrowing & Real World Assets",308,1338408093.440191,1672487120.1129696,285855285.1594602,1052552808.2807308,1386631834.9535093,3010895213.5531607,21.825503284961385,-334079026.6727786,-0.11095670987451323,0.11095670987451323
2022-10-17,Privacy & Security,7,988797.6768499989,2407596.4659899976,369140.8855799989,619656.7912699999,2038455.5804099988,3396394.1428399966,15.038225175015638,-1418798.7891399986,-0.4177367906875577,0.4177367906875577
2022-10-17,Trading & Exchanges,837,743998081.7528396,2105197734.2500327,203748194.3538302,540249887.3990093,1901449539.8962026,2849195816.0028725,21.770302621937,-1361199652.497193,-0.477748719428774,0.477748719428774
2022-10-17,Primary Market Tokens,3290,3198961548.9426513,1212339596.0523605,0.0,3198961548.9426513,1212339596.0523605,4411301144.995012,22.207435527331427,1986621952.8902907,0.4503482957957378,-0.4503482957957378
2022-10-17,Other / Unknown,8,95728154.27967,27658178.43877,0.0,95728154.27967,27658178.43877,123386332.71844,18.630830915477933,68069975.8409,0.551681651777685,-0.551681651777685
2022-10-24,Asset Management,748,3711141645.2897005,2662949248.46851,1548554678.37744,2162586966.9122605,1114394570.0910702,6374090893.758211,22.575507313078067,1048192396.8211904,0.16444578753146213,-0.16444578753146213
2022-10-24,"Infrastructure, Services & Financial Products",360,675685595.0671004,640340683.15848,243940837.72932017,431744757.33778024,396399845.4291599,1316026278.2255805,20.997882638666557,35344911.90862036,0.02685729950337806,-0.02685729950337806
2022-10-24,"Lending, Borrowing & Real World Assets",313,3903303037.0150795,1112185390.5760894,665058000.7242901,3238245036.2907896,447127389.85179925,5015488427.591169,22.335796647155487,2791117646.43899,0.5564996683243278,-0.5564996683243278
2022-10-24,Privacy & Security,7,41366715.18535,4185528.618679999,3815143.8676199988,37551571.31773,370384.75106000016,45552243.80403,17.63437046265196,37181186.56667,0.8162317256341297,-0.8162317256341297
2022-10-24,Trading & Exchanges,847,2854725791.838129,1235159481.812011,323865981.5779102,2530859810.2602186,911293500.2341008,4089885273.65014,22.131782756399918,1619566310.026118,0.395993090676768,-0.395993090676768
2022-10-24,Primary Market Tokens,3301,1341174418.1723,6929772221.185589,0.0,1341174418.1723,6929772221.185589,8270946639.357889,22.836014806221744,-5588597803.0132885,-0.6756902258829174,0.6756902258829174
2022-10-24,Other / Unknown,8,85361862.18752012,28166510.935819995,0.0,85361862.18752012,28166510.935819995,113528373.12334011,18.547563355918992,57195351.25170012,0.50379785843986,-0.50379785843986
2022-10-31,Asset Management,752,1879950397.2949376,1243023302.4036574,798991129.8282378,1080959267.4666998,444032172.57541966,3122973699.698595,21.8620514940459,636927094.8912802,0.20394891412398106,-0.20394891412398106
2022-10-31,"Infrastructure, Services & Financial Products",361,1516897941.1348991,1736248478.5013793,1285491375.5781891,231406565.55671,450757102.9231901,3253146419.636278,21.90288849437956,-219350537.3664801,-0.06742719480514647,0.06742719480514647
2022-10-31,"Lending, Borrowing & Real World Assets",317,2979985809.061971,2880414181.88556,758525655.6994699,2221460153.362501,2121888526.18609,5860399990.947531,22.491483696217383,99571627.17641115,0.016990585511265085,-0.016990585511265085
2022-10-31,Privacy & Security,7,54883099.06665999,9238866.196920006,3562927.799300004,51320171.26735999,5675938.397620002,64121965.263579994,17.976297550606322,45644232.86973998,0.7118345902549091,-0.7118345902549091
2022-10-31,Trading & Exchanges,853,1853509621.9712265,633447702.2755008,171159644.63105997,1682349977.3401666,462288057.64444077,2486957324.246727,21.63432584249168,1220061919.6957257,0.49058418003423904,-0.49058418003423904
2022-10-31,Primary Market Tokens,3345,2235492646.6817207,3945698099.639737,0.0,2235492646.6817207,3945698099.639737,6181190746.321458,22.54477676741618,-1710205452.9580164,-0.27667896415844984,0.27667896415844984
2022-10-31,Other / Unknown,8,24090672.076050017,96739556.38471004,0.0,24090672.076050017,96739556.38471004,120830228.46076006,18.609897056039674,-72648884.30866003,-0.6012475953585816,0.6012475953585816
2022-11-07,Asset Management,749,2919345350.539479,6296722178.220076,1065790608.1173892,1853554742.4220896,5230931570.102686,9216067528.759554,22.94421426832097,-3377376827.680597,-0.36646615458721343,0.36646615458721343
2022-11-07,"Infrastructure, Services & Financial Products",362,2643488720.4164,2271553764.854912,1275842875.9500098,1367645844.4663901,995710888.904902,4915042485.271312,22.31556623471394,371934955.56148815,0.07567278546951507,-0.07567278546951507
2022-11-07,"Lending, Borrowing & Real World Assets",315,2696197483.28441,8488862723.589408,993443845.747539,1702753637.536871,7495418877.841869,11185060206.873817,23.137844814786295,-5792665240.304998,-0.5178930764042822,0.5178930764042822
2022-11-07,Privacy & Security,7,10735679.106180001,38098675.34110001,8448889.219020002,2286789.8871599995,29649786.122080006,48834354.447280005,17.703944628195266,-27362996.234920006,-0.5603226774393059,0.5603226774393059
2022-11-07,Trading & Exchanges,865,3529437400.1765003,10325871314.00566,695405704.18967,2834031695.98683,9630465609.815989,13855308714.18216,23.35193429687397,-6796433913.829159,-0.49052922991693393,0.49052922991693393
2022-11-07,Primary Market Tokens,3326,17939050446.185764,2922160939.282769,0.0,17939050446.185764,2922160939.282769,20861211385.468533,23.761157357050962,15016889506.902996,0.7198474350038673,-0.7198474350038673
2022-11-07,Other / Unknown,9,606087308.45127,1072792.86608,0.0,606087308.45127,1072792.86608,607160101.31735,20.224303074240854,605014515.5851899,0.9964661944559519,-0.9964661944559519
2022-11-14,Asset Management,747,1099110908.555591,885386813.77997,473534738.3096404,625576170.2459507,411852075.47032964,1984497722.3355613,21.408631682963538,213724094.77562106,0.10769682039447671,-0.10769682039447671
2022-11-14,"Infrastructure, Services & Financial Products",357,526416433.4692505,2835658002.9940834,136651592.7152401,389764840.75401044,2699006410.2788434,3362074436.463334,21.93582401251561,-2309241569.5248327,-0.68685022094692,0.68685022094692
2022-11-14,"Lending, Borrowing & Real World Assets",316,1372045816.6765199,1407809540.3937907,197260488.48752,1174785328.189,1210549051.9062707,2779855357.0703106,21.745664733824267,-35763723.71727085,-0.012865318199491587,0.012865318199491587
2022-11-14,Privacy & Security,7,7332750.36441,10976961.601890003,6482011.189300001,850739.1751099993,4494950.412590003,18309711.966300003,16.722942240192484,-3644211.2374800034,-0.19903159832264797,0.19903159832264797
2022-11-14,Trading & Exchanges,874,4281295112.1333003,3678776509.4659247,249614687.8526796,4031680424.2806206,3429161821.613245,7960071621.599225,22.797703834576197,602518602.6673756,0.07569261073386248,-0.07569261073386248
2022-11-14,Primary Market Tokens,3156,4123687343.522595,2544052076.182988,0.0,4123687343.522595,2544052076.182988,6667739419.705584,22.620546721993005,1579635267.3396068,0.23690716866817152,-0.23690716866817152
2022-11-14,Other / Unknown,9,3608887.432160001,50837347.73517995,0.0,3608887.432160001,50837347.73517995,54446235.16733995,17.812724280387272,-47228460.303019956,-0.8674329851800361,0.8674329851800361
2022-11-21,Asset Management,756,1401846534.2784884,1273325601.3530402,476601932.1849199,925244602.0935686,796723669.1681204,2675172135.631529,21.707279565366626,128520932.92544818,0.04804211707113501,-0.04804211707113501
2022-11-21,"Infrastructure, Services & Financial Products",357,617689142.6248597,1392810055.5594707,318778933.03317994,298910209.59167975,1074031122.5262907,2010499198.1843305,21.42164888598485,-775120912.934611,-0.3855365441750078,0.3855365441750078
2022-11-21,"Lending, Borrowing & Real World Assets",321,2556624266.5947905,2238045346.5796204,437374280.3848201,2119249986.2099705,1800671066.1948004,4794669613.174411,22.29077064075454,318578920.0151701,0.0664443946543896,-0.0664443946543896
2022-11-21,Privacy & Security,8,12118104.155280001,576549.2546499983,351713.654359998,11766390.500920003,224835.60029000026,12694653.40993,16.356691550216308,11541554.900630003,0.9091666017129683,-0.9091666017129683
2022-11-21,Trading & Exchanges,889,7308610257.3366785,3702886158.005038,313191327.6128498,6995418929.723828,3389694830.392188,11011496415.341717,23.12220569273629,3605724099.3316407,0.32745087164610814,-0.32745087164610814
2022-11-21,Primary Market Tokens,3214,4691590158.863488,7913825918.481426,0.0,4691590158.863488,7913825918.481426,12605416077.344913,23.25739240603357,-3222235759.617938,-0.25562311786035385,0.25562311786035385
2022-11-21,Other / Unknown,9,3958427.339060002,70967261.9594,0.0,3958427.339060002,70967261.9594,74925689.29846,18.13200738431722,-67008834.62034,-0.8943372459800283,0.8943372459800283
2022-11-28,Asset Management,755,1288144098.688351,1128210082.6833603,631690415.0097303,656453683.6786206,496519667.67363,2416354181.3717113,21.605525704938234,159934016.00499058,0.06618815123956685,-0.06618815123956685
2022-11-28,"Infrastructure, Services & Financial Products",361,834322968.1549001,1230325271.3545992,352735817.4504701,481587150.70443,877589453.9041291,2064648239.5094993,21.448225705270357,-396002303.19969916,-0.19180134205029417,0.19180134205029417
2022-11-28,"Lending, Borrowing & Real World Assets",323,1450285927.4232697,1705091227.0131807,301892004.95072013,1148393922.4725497,1403199222.0624607,3155377154.4364505,21.87237386793016,-254805299.58991098,-0.0807527237216811,0.0807527237216811
2022-11-28,Privacy & Security,8,38668750.63051999,16018971.2416,13578734.32692,25090016.30359999,2440236.9146799985,54687721.87211999,17.817149797449712,22649779.388919994,0.41416571423259335,-0.41416571423259335
2022-11-28,Trading & Exchanges,902,3077488902.052735,3016657158.7930603,279092500.5143508,2798396401.538384,2737564658.2787094,6094146060.845795,22.5305944853628,60831743.25967455,0.009981996271883222,-0.009981996271883222
2022-11-28,Primary Market Tokens,3246,3692143154.3043804,3239499939.5028553,0.0,3692143154.3043804,3239499939.5028553,6931643093.807236,22.659362720862525,452643214.8015251,0.0653009984322359,-0.0653009984322359
2022-11-28,Other / Unknown,9,3469057.105240004,48720207.770739965,0.0,3469057.105240004,48720207.770739965,52189264.87597997,17.770387397147413,-45251150.66549996,-0.8670585947710242,0.8670585947710242
2022-12-05,Asset Management,763,827494520.5330496,795861786.4047194,388760888.7023297,438733631.8307199,407100897.70238966,1623356306.937769,21.20776163800639,31632734.12833023,0.019486008089007207,-0.019486008089007207
2022-12-05,"Infrastructure, Services & Financial Products",365,685161428.3486896,288688992.1620399,73073123.09599018,612088305.2526994,215615869.0660497,973850420.5107294,20.696768278469303,396472436.1866497,0.40711841144836425,-0.40711841144836425
2022-12-05,"Lending, Borrowing & Real World Assets",322,1127675986.23486,1155654166.2261598,400382962.79767984,727293023.43718,755271203.4284799,2283330152.4610195,21.548900807906655,-27978179.991299868,-0.012253234584207816,0.012253234584207816
2022-12-05,Privacy & Security,8,4704250.609570004,8754466.312120004,2863651.24508,1840599.3644900043,5890815.067040004,13458716.921690008,16.415137626655337,-4050215.7025499996,-0.30093624274262654,0.30093624274262654
2022-12-05,Trading & Exchanges,914,1682816767.822732,3367285120.28141,263006739.63823065,1419810028.1845014,3104278380.6431794,5050101888.104142,22.342674256090373,-1684468352.4586782,-0.3335513599095016,0.3335513599095016
2022-12-05,Primary Market Tokens,3426,3354154391.2016096,1960951188.1225617,0.0,3354154391.2016096,1960951188.1225617,5315105579.324171,22.39381871313835,1393203203.079048,0.262121454087126,-0.262121454087126
2022-12-05,Other / Unknown,10,15912851.217529979,120724476.45902999,0.0,15912851.217529979,120724476.45902999,136637327.67655995,18.732840737729706,-104811625.2415,-0.7670790041327804,0.7670790041327804
2022-12-12,Asset Management,764,1325065737.0106204,1536391725.6653183,655206624.4564096,669859112.5542108,881185101.2089087,2861457462.6759386,21.774596934658717,-211325988.6546979,-0.07385257038106481,0.07385257038106481
2022-12-12,"Infrastructure, Services & Financial Products",366,2471062230.403323,786898839.66518,477394066.52941024,1993668163.8739128,309504773.1357697,3257961070.0685034,21.904367398334344,1684163390.7381432,0.5169378499365345,-0.5169378499365345
2022-12-12,"Lending, Borrowing & Real World Assets",325,741055045.3176299,2107466639.3009086,253662465.82096013,487392579.49666977,1853804173.4799485,2848521684.6185384,21.770065989851545,-1366411593.9832788,-0.4796914839587267,0.4796914839587267
2022-12-12,Privacy & Security,8,12895440.621220002,16116687.68986001,11978947.237930005,916493.3832899965,4137740.451930005,29012128.311080012,17.183224552613925,-3221247.0686400086,-0.11103104998366435,0.11103104998366435
2022-12-12,Trading & Exchanges,921,2596751831.773941,15032192022.85736,645525307.9352994,1951226523.8386416,14386666714.922062,17628943854.6313,23.592807925471636,-12435440191.08342,-0.7053990467963572,0.7053990467963572
2022-12-12,Primary Market Tokens,3383,14330581943.095514,2023005085.3411815,0.0,14330581943.095514,2023005085.3411815,16353587028.436695,23.51771310040678,12307576857.754333,0.7525918831356758,-0.7525918831356758
2022-12-12,Other / Unknown,10,31583378.764300022,6924606.466740004,0.0,31583378.764300022,6924606.466740004,38507985.23104002,17.466376212318906,24658772.297560018,0.6403547770576008,-0.6403547770576008
2022-12-19,Asset Management,768,978042027.7344193,969908341.3487396,581705445.7221797,396336582.0122397,388202895.62656,1947950369.083159,21.39004356447216,8133686.385679722,0.00417551007190599,-0.00417551007190599
2022-12-19,"Infrastructure, Services & Financial Products",369,301028111.49750024,468070691.39739096,108539912.36292028,192488199.13457996,359530779.0344707,769098802.8948913,20.46073000282505,-167042579.89989072,-0.21719261461744802,0.21719261461744802
2022-12-19,"Lending, Borrowing & Real World Assets",329,705524976.7379903,759915932.3319997,145760730.38624012,559764246.3517501,614155201.9457595,1465440909.06999,21.105421996640423,-54390955.5940094,-0.03711576171879044,0.03711576171879044
2022-12-19,Privacy & Security,8,9160021.96596,6417469.313559999,4266569.269979999,4893452.69598,2150900.0435799994,15577491.279519998,16.561337627782994,2742552.652400001,0.17605868642055883,-0.17605868642055883
2022-12-19,Trading & Exchanges,933,1292341681.9368222,2484968248.2202396,186595008.00223,1105746673.9345922,2298373240.2180095,3777309930.1570616,22.05227793480479,-1192626566.2834175,-0.31573436872674826,0.31573436872674826
2022-12-19,Primary Market Tokens,3425,2718092236.850289,1391343030.7699113,0.0,2718092236.850289,1391343030.7699113,4109435267.6202,22.136551451785067,1326749206.0803776,0.32285438744694145,-0.32285438744694145
2022-12-19,Other / Unknown,10,87738001.36485003,11303344.705989985,0.0,87738001.36485003,11303344.705989985,99041346.07084002,18.41104796808876,76434656.65886004,0.7717449296800714,-0.7717449296800714
2022-12-26,Asset Management,769,854502040.6989897,1014020946.1946511,561036649.8363898,293465390.86259997,452984296.35826135,1868522986.893641,21.34841410967399,-159518905.49566138,-0.08537165805000686,0.08537165805000686
2022-12-26,"Infrastructure, Services & Financial Products",370,1037893881.1141001,484234361.0645497,282314371.78722984,755579509.3268702,201919989.27731985,1522128242.17865,21.14337535248058,553659520.0495504,0.36374038974343414,-0.36374038974343414
2022-12-26,"Lending, Borrowing & Real World Assets",329,399791910.40020984,987346893.0834999,148662543.32492995,251129367.0752799,838684349.75857,1387138803.4837098,21.050509048602624,-587554982.68329,-0.4235733159563293,0.4235733159563293
2022-12-26,Privacy & Security,9,6594195.3158399975,8793615.617349986,4762015.806039998,1832179.5097999992,4031599.8113099877,15387810.933189984,16.54908632112575,-2199420.3015099885,-0.1429326309674144,0.1429326309674144
2022-12-26,Trading & Exchanges,942,1477880397.4829354,3441418724.6613874,218367287.49430004,1259513109.9886353,3223051437.1670876,4919299122.144323,22.316431902657538,-1963538327.178452,-0.3991500167858354,0.3991500167858354
2022-12-26,Primary Market Tokens,3446,3342111168.6344786,1242593477.8814054,0.0,3342111168.6344786,1242593477.8814054,4584704646.515884,22.245991523462386,2099517690.7530732,0.4579395735663338,-0.4579395735663338
2022-12-26,Other / Unknown,10,145328283.32069996,85693858.46441002,0.0,145328283.32069996,85693858.46441002,231022141.78511,19.258024120104754,59634424.85628994,0.25813294083196636,-0.25813294083196636
2023-01-02,Asset Management,770,1691186652.2368805,1357476514.63663,924804943.7224001,766381708.5144805,432671570.91423,3048663166.8735104,21.837969025866506,333710137.6002505,0.10946113733596867,-0.10946113733596867
2023-01-02,"Infrastructure, Services & Financial Products",370,523693239.72637993,1119935900.7169805,384434100.5488201,139259139.17755985,735501800.1681604,1643629140.4433603,21.220172525069064,-596242660.9906006,-0.3627598503332493,0.3627598503332493
2023-01-02,"Lending, Borrowing & Real World Assets",330,1269653128.0097196,666192895.7358501,337013861.19897014,932639266.8107495,329179034.53687996,1935846023.7455697,21.38381028996516,603460232.2738695,0.31172945826872384,-0.31172945826872384
2023-01-02,Privacy & Security,9,12216079.812789995,2930825.064249996,1817314.1723799973,10398765.640409999,1113510.8918699988,15146904.877039991,16.533306836522733,9285254.74854,0.61301333994741,-0.61301333994741
2023-01-02,Trading & Exchanges,952,3821370053.3965807,1052985745.7637401,194358109.44162983,3627011943.954951,858627636.3221102,4874355799.16032,22.307253789107634,2768384307.6328406,0.5679487550149162,-0.5679487550149162
2023-01-02,Primary Market Tokens,3431,1059632109.3953902,4189280730.6766706,0.0,1059632109.3953902,4189280730.6766706,5248912840.072061,22.381286814215322,-3129648621.2812805,-0.5962470165990248,0.5962470165990248
2023-01-02,Other / Unknown,10,18669572.423170008,7618222.406790004,0.0,18669572.423170008,7618222.406790004,26287794.82996001,17.08461535256591,11051350.016380005,0.42039851907946496,-0.42039851907946496
2023-01-09,Asset Management,775,3280886787.070252,1893229492.0878098,714761093.73484,2566125693.335412,1178468398.3529696,5174116279.158062,22.366934394396264,1387657294.9824421,0.2681921356448996,-0.2681921356448996
2023-01-09,"Infrastructure, Services & Financial Products",376,1373811840.1969218,5091687435.231884,827360355.8537515,546451484.3431703,4264327079.3781323,6465499275.428806,22.58974607378753,-3717875595.034962,-0.575033023229035,0.575033023229035
2023-01-09,"Lending, Borrowing & Real World Assets",333,3443474822.8113,1105568126.4867299,409352767.83808017,3034122054.97322,696215358.6486497,4549042949.29803,22.238182707190745,2337906696.3245697,0.5139337487867279,-0.5139337487867279
2023-01-09,Privacy & Security,9,37014961.26388002,5514946.526060004,4469779.330480003,32545181.93340002,1045167.195580001,42529907.78994003,17.565718122622297,31500014.737820018,0.740655608599062,-0.740655608599062
2023-01-09,Trading & Exchanges,959,14655129279.12716,1834072331.056059,862744524.9353694,13792384754.19179,971327806.1206895,16489201610.183218,23.525971555801423,12821056948.0711,0.7775426155353219,-0.7775426155353219
2023-01-09,Primary Market Tokens,3440,894351573.0291198,13669249883.715929,0.0,894351573.0291198,13669249883.715929,14563601456.745049,23.40179120199538,-12774898310.68681,-0.8771798890974313,0.8771798890974313
2023-01-09,Other / Unknown,10,3288004.8177699996,88635053.21193005,0.0,3288004.8177699996,88635053.21193005,91923058.02970006,18.336462470212346,-85347048.39416005,-0.928461805160841,0.928461805160841
2023-01-16,Asset Management,780,2001924050.1656194,2314536159.6627393,733284359.6483898,1268639690.5172296,1581251800.0143495,4316460209.828359,22.185701507672743,-312612109.4971199,-0.07242325755379794,0.07242325755379794
2023-01-16,"Infrastructure, Services & Financial Products",377,476443811.4660505,2442501187.057073,127201175.89726038,349242635.56879014,2315300011.159813,2918944998.5231237,21.7944880864083,-1966057375.5910225,-0.6735506755302938,0.6735506755302938
2023-01-16,"Lending, Borrowing & Real World Assets",338,1857396189.6073594,891174585.5298903,343353282.95720005,1514042906.6501594,547821302.5726902,2748570775.13725,21.734346895756527,966221604.0774691,0.35153601021215136,-0.35153601021215136
2023-01-16,Privacy & Security,9,27850111.71269002,12435003.236509997,11897269.241839997,15952842.470850024,537733.9946699999,40285114.94920002,17.511492627411954,15415108.476180024,0.38265022938667664,-0.38265022938667664
2023-01-16,Trading & Exchanges,964,7229682318.318334,2134733020.1667783,1011396092.8832498,6218286225.435083,1123336927.2835286,9364415338.485111,22.960182740512945,5094949298.151555,0.5440755363778823,-0.5440755363778823
2023-01-16,Primary Market Tokens,3443,2168591429.886568,5915272389.02498,0.0,2168591429.886568,5915272389.02498,8083863818.911548,22.813135790713975,-3746680959.1384115,-0.46347650616940794,0.46347650616940794
2023-01-16,Other / Unknown,10,3206588.030809992,54442154.509459995,0.0,3206588.030809992,54442154.509459995,57648742.540269986,17.869879009823794,-51235566.47865,-0.8887542766931973,0.8887542766931973
2023-01-23,Asset Management,780,1319766283.0407803,1416169241.4969192,725604028.08932,594162254.9514604,690565213.4075992,2735935524.5376997,21.729739271201602,-96402958.45613885,-0.03523582978894518,0.03523582978894518
2023-01-23,"Infrastructure, Services & Financial Products",378,1149126992.1712897,2658554340.3943195,787077416.2561797,362049575.91511,1871476924.1381397,3807681332.565609,22.060286266961484,-1509427348.2230299,-0.3964164057830912,0.3964164057830912
2023-01-23,"Lending, Borrowing & Real World Assets",339,1322418058.7884705,957042159.5355605,336540241.05930007,985877817.7291704,620501918.4762604,2279460218.324031,21.54720450597351,365375899.25291,0.16029053559072506,-0.16029053559072506
2023-01-23,Privacy & Security,9,14982558.047609998,18272522.901649993,13271407.857299997,1711150.1903100014,5001115.044349996,33255080.94925999,17.319718153966452,-3289964.854039995,-0.09893119367412652,0.09893119367412652
2023-01-23,Trading & Exchanges,968,4484256010.680648,3339729443.200168,906797402.5866711,3577458608.093977,2432932040.613497,7823985453.8808155,22.78045991063845,1144526567.4804797,0.14628434245270447,-0.14628434245270447
2023-01-23,Primary Market Tokens,3628,2859430534.101397,2753271502.5209584,0.0,2859430534.101397,2753271502.5209584,5612702036.622355,22.448298087161508,106159031.58043861,0.018914068640694066,-0.018914068640694066
2023-01-23,Other / Unknown,10,30154064.713849995,37095291.49447004,0.0,30154064.713849995,37095291.49447004,67249356.20832004,18.023918018159947,-6941226.780620042,-0.10321625621393353,0.10321625621393353
2023-01-30,Asset Management,787,2492107818.1934495,2674750535.356539,1944607569.2750297,547500248.9184198,730142966.0815091,5166858353.549988,22.365530672395924,-182642717.16308928,-0.03534889185371245,0.03534889185371245
2023-01-30,"Infrastructure, Services & Financial Products",376,1333334854.100649,1067617408.7843105,461394202.9270504,871940651.1735988,606223205.85726,2400952262.8849597,21.599131272224017,265717445.31633866,0.11067169032217879,-0.11067169032217879
2023-01-30,"Lending, Borrowing & Real World Assets",342,1098170933.99949,988537295.619179,220759445.7698699,877411488.2296201,767777849.8493091,2086708229.618669,21.45885365201877,109633638.38031101,0.05253903580010597,-0.05253903580010597
2023-01-30,Privacy & Security,9,54453874.20200998,30600274.856420003,28825308.742080003,25628565.45992998,1774966.1143399999,85054149.05842999,18.258798671129263,23853599.34558998,0.28045191927325236,-0.28045191927325236
2023-01-30,Trading & Exchanges,972,4046596815.498599,3536638078.9866314,964050686.5001518,3082546128.9984474,2572587392.4864798,7583234894.48523,22.749205712775876,509958736.51196766,0.06724817885871184,-0.06724817885871184
2023-01-30,Primary Market Tokens,3678,2524790658.11378,3251904929.163528,0.0,2524790658.11378,3251904929.163528,5776695587.2773075,22.477097658619474,-727114271.049748,-0.1258702765385728,0.1258702765385728
2023-01-30,Other / Unknown,10,25438437.61768004,24844868.959049974,0.0,25438437.61768004,24844868.959049974,50283306.57673001,17.73318372267167,593568.6586300656,0.011804487394326527,-0.011804487394326527
2023-02-06,Asset Management,795,2402846552.2959914,3015122229.687922,1803149382.4287608,599697169.8672307,1211972847.2591612,5417968781.983913,22.412986818869555,-612275677.3919306,-0.1130083435378769,0.1130083435378769
2023-02-06,"Infrastructure, Services & Financial Products",377,2527487856.0843053,724109226.6436502,243150107.38390023,2284337748.700405,480959119.25974995,3251597082.7279553,21.90241212296335,1803378629.4406552,0.55461318962917,-0.55461318962917
2023-02-06,"Lending, Borrowing & Real World Assets",346,1189728139.5752995,1876995855.0903208,317673853.5456196,872054286.0296799,1559322001.544701,3066723994.6656203,21.84387572639735,-687267715.5150213,-0.22410484827147198,0.22410484827147198
2023-02-06,Privacy & Security,9,1855858.5347999998,12095748.045220012,413010.4693399999,1442848.06546,11682737.575880012,13951606.580020012,16.45110529830329,-10239889.510420011,-0.7339577310819873,0.7339577310819873
2023-02-06,Trading & Exchanges,976,2262295987.4548287,6019405464.540902,779680319.791159,1482615667.6636696,5239725144.749743,8281701451.995731,22.837314273725745,-3757109477.0860734,-0.4536639601009382,0.4536639601009382
2023-02-06,Primary Market Tokens,3647,4874222184.904229,1622211693.21169,0.0,4874222184.904229,1622211693.21169,6496433878.115919,22.594519229311143,3252010491.692539,0.5005839438537747,-0.5005839438537747
2023-02-06,Other / Unknown,10,31775878.046670005,20272239.676419996,0.0,31775878.046670005,20272239.676419996,52048117.72309,17.767679208723447,11503638.370250009,0.22101929663340492,-0.22101929663340492
2023-02-13,Asset Management,797,3924468749.142254,2515327217.8072915,1561843058.5151618,2362625690.6270924,953484159.2921298,6439795966.949545,22.585762694565375,1409141531.3349624,0.21881772940742034,-0.21881772940742034
2023-02-13,"Infrastructure, Services & Financial Products",379,1879283193.670369,7021094500.47028,1531741191.2616992,347542002.4086697,5489353309.20858,8900377694.140648,22.909359550440307,-5141811306.799911,-0.5777070910355748,0.5777070910355748
2023-02-13,"Lending, Borrowing & Real World Assets",351,3624663065.257053,1504112255.7380898,527597042.5240099,3097066022.733043,976515213.2140799,5128775320.995143,22.35813273897295,2120550809.518963,0.4134614360738871,-0.4134614360738871
2023-02-13,Privacy & Security,9,25046841.832849994,3743621.0644499953,2092892.4667599879,22953949.366090007,1650728.5976900074,28790462.89729999,17.17555477559852,21303220.7684,0.7399401963209784,-0.7399401963209784
2023-02-13,Trading & Exchanges,984,12146933604.937443,4447571044.590441,1060509299.7771478,11086424305.160295,3387061744.813293,16594504649.527884,23.532337432352445,7699362560.347002,0.46397061695758723,-0.46397061695758723
2023-02-13,Primary Market Tokens,3653,3377772338.854142,9370930879.869219,0.0,3377772338.854142,9370930879.869219,12748703218.723362,23.26869539512122,-5993158541.015077,-0.47009946330958857,0.47009946330958857
2023-02-13,Other / Unknown,11,10047649.762290014,125435923.91662998,0.0,10047649.762290014,125435923.91662998,135483573.67892,18.724360970854512,-115388274.15433997,-0.8516772256671978,0.8516772256671978
2023-02-20,Asset Management,800,1220083964.25212,1316440167.3510892,445150684.39516014,774933279.8569598,871289482.955929,2536524131.6032095,21.654060529060672,-96356203.09896922,-0.03798749710221259,0.03798749710221259
2023-02-20,"Infrastructure, Services & Financial Products",388,3367752634.1093297,1660841906.3387592,1313906696.4914393,2053845937.6178904,346935209.84731984,5028594540.448089,22.338406366795287,1706910727.7705705,0.3394409141641535,-0.3394409141641535
2023-02-20,"Lending, Borrowing & Real World Assets",356,1410446302.8349304,2106428596.2800379,321761641.7133699,1088684661.1215606,1784666954.566668,3516874899.1149683,21.980838619750173,-695982293.4451075,-0.1978979387695176,0.1978979387695176
2023-02-20,Privacy & Security,9,7527644.709639996,21411938.36672999,7115594.975759996,412049.7338800002,14296343.390969994,28939583.076369986,17.18072090713517,-13884293.657089993,-0.47976826827290836,0.47976826827290836
2023-02-20,Trading & Exchanges,998,3120286000.0335417,7122563941.388363,633972680.8970505,2486313319.1364913,6488591260.491312,10242849941.421906,23.049845732525064,-4002277941.354821,-0.39073870692664153,0.39073870692664153
2023-02-20,Primary Market Tokens,3711,5872725273.338099,2793317451.7933817,0.0,5872725273.338099,2793317451.7933817,8666042725.131481,22.882678090569478,3079407821.544717,0.35534186931878947,-0.35534186931878947
2023-02-20,Other / Unknown,11,31192541.913149994,9010359.672449963,0.0,31192541.913149994,9010359.672449963,40202901.58559996,17.50944975460458,22182182.24070003,0.5517557530883626,-0.5517557530883626
2023-02-27,Asset Management,808,1837687758.9225924,1984593147.5326908,1271652956.8547814,566034802.067811,712940190.6779094,3822280906.455283,22.064113177566373,-146905388.61009836,-0.03843395925244434,0.03843395925244434
2023-02-27,"Infrastructure, Services & Financial Products",392,3500172107.2386107,1268297007.3494797,851620782.3028297,2648551324.935781,416676225.04664993,4768469114.588091,22.285291150206074,2231875099.889131,0.46804855945510815,-0.46804855945510815
2023-02-27,"Lending, Borrowing & Real World Assets",360,1253353433.9647007,2101714475.1752381,365853509.9340502,887499924.0306505,1735860965.241188,3355067909.139939,21.933737848637612,-848361041.2105374,-0.2528595736913153,0.2528595736913153
2023-02-27,Privacy & Security,9,11881513.339459999,21595648.892529994,8085113.841019999,3796399.4984399993,13510535.051509995,33477162.231989995,17.32637406976844,-9714135.553069996,-0.29017201296074596,0.29017201296074596
2023-02-27,Trading & Exchanges,1006,2948643100.6813393,9066402102.603573,855478293.8794297,2093164806.8019094,8210923808.724143,12015045203.284912,23.209425468448607,-6117759001.922234,-0.5091748635493805,0.5091748635493805
2023-02-27,Primary Market Tokens,3736,7349641371.318669,2502539788.308561,0.0,7349641371.318669,2502539788.308561,9852181159.62723,23.010958705243844,4847101583.010109,0.4919825878631636,-0.4919825878631636
2023-02-27,Other / Unknown,12,46008499.98537997,2245615.5886800005,0.0,46008499.98537997,2245615.5886800005,48254115.57405997,17.691991699707028,43762884.39669997,0.9069254275219925,-0.9069254275219925
2023-03-06,Asset Management,810,2056688355.6513503,3425980546.1585402,931573783.0943608,1125114572.5569894,2494406763.0641794,5482668901.809891,22.424857845407836,-1369292190.50719,-0.24974920335881878,0.24974920335881878
2023-03-06,"Infrastructure, Services & Financial Products",395,5615475637.58122,1436237397.0436609,729071532.3344404,4886404105.246779,707165864.7092205,7051713034.624881,22.676536408031392,4179238240.5375586,0.5926557447838453,-0.5926557447838453
2023-03-06,"Lending, Borrowing & Real World Assets",359,3803433328.522491,5971949504.847288,910203119.7169812,2893230208.8055096,5061746385.130307,9775382833.36978,23.003133106692335,-2168516176.324797,-0.22183439905005378,0.22183439905005378
2023-03-06,Privacy & Security,9,7714418.056340001,27525844.537620015,6118593.470340001,1595824.5859999992,21407251.067280013,35240262.59396002,17.37769983896909,-19811426.481280014,-0.5621815793357788,0.5621815793357788
2023-03-06,Trading & Exchanges,1013,3606922060.0978293,11975893769.554417,852118983.79831,2754803076.2995195,11123774785.756107,15582815829.652246,23.46943459473338,-8368971709.456587,-0.5370641481580901,0.5370641481580901
2023-03-06,Primary Market Tokens,3865,11929667163.852335,4614304514.880149,0.0,11929667163.852335,4614304514.880149,16543971678.732483,23.529287623455954,7315362648.972186,0.4421769325425159,-0.4421769325425159
2023-03-06,Other / Unknown,12,437647650.92004997,5657037.65994,0.0,437647650.92004997,5657037.65994,443304688.57998997,19.9097678784547,431990613.26010996,0.9744778803126994,-0.9744778803126994
2023-03-13,Asset Management,812,3530886061.315012,2350320835.4352894,1144998554.712429,2385887506.602583,1205322280.7228603,5881206896.750301,22.495027832514516,1180565225.8797226,0.20073519714670326,-0.20073519714670326
2023-03-13,"Infrastructure, Services & Financial Products",397,1066379352.91963,9735009437.559372,644508543.56549,421870809.35414004,9090500893.993881,10801388790.479002,23.102940554612978,-8668630084.639742,-0.8025477327768071,0.8025477327768071
2023-03-13,"Lending, Borrowing & Real World Assets",361,4965081195.460052,2865555747.6758904,484962310.05546004,4480118885.404592,2380593437.6204305,7830636943.135942,22.78130969027361,2099525447.784161,0.2681168164263483,-0.2681168164263483
2023-03-13,Privacy & Security,9,33384937.165739976,10135037.206179997,6532744.746999998,26852192.41873998,3602292.4591799993,43519974.371919975,17.588730594609228,23249899.959559977,0.5342351482302644,-0.5342351482302644
2023-03-13,Trading & Exchanges,1023,18120000984.930023,4913082253.549533,639040881.6108698,17480960103.319153,4274041371.938663,23033083238.479557,23.860197421083264,13206918731.38049,0.5733890940539272,-0.5733890940539272
2023-03-13,Primary Market Tokens,3758,6030984901.395803,13687076324.485617,0.0,6030984901.395803,13687076324.485617,19718061225.88142,23.704800866220793,-7656091423.089813,-0.3882781037843936,0.3882781037843936
2023-03-13,Other / Unknown,12,14270068.204769993,199807865.4791499,0.0,14270068.204769993,199807865.4791499,214077933.6839199,19.181850687454386,-185537797.2743799,-0.866683427299524,0.866683427299524
2023-03-20,Asset Management,818,2182852303.9210224,2718687102.173921,1718008266.7886722,464844037.1323502,1000678835.3852489,4901539406.094944,22.312815157436845,-535834798.2528987,-0.10931969609110992,0.10931969609110992
2023-03-20,"Infrastructure, Services & Financial Products",400,1873718694.5449798,1358172635.073289,694618122.199569,1179100572.3454108,663554512.8737199,3231891329.618269,21.896333354087727,515546059.4716909,0.1595183769785304,-0.1595183769785304
2023-03-20,"Lending, Borrowing & Real World Assets",363,1591851210.8297105,2364305119.292733,377064604.3170397,1214786606.5126708,1987240514.9756935,3956156330.1224437,22.098538767398892,-772453908.4630227,-0.19525363610671956,0.19525363610671956
2023-03-20,Privacy & Security,9,12455776.508679999,24610195.500929996,11313943.90274,1141832.6059399992,13296251.598189997,37065972.00961,17.428209937168027,-12154418.992249997,-0.3279131325383495,0.3279131325383495
2023-03-20,Trading & Exchanges,1040,4236755904.1292253,5580147917.656649,693793262.0710912,3542962642.058134,4886354655.585558,9816903821.785873,23.00737161660217,-1343392013.5274234,-0.13684477691898544,0.13684477691898544
2023-03-20,Primary Market Tokens,3743,5815304957.728719,3689609810.2064157,0.0,5815304957.728719,3689609810.2064157,9504914767.935135,22.97507484587502,2125695147.522303,0.2236416842677373,-0.2236416842677373
2023-03-20,Other / Unknown,12,59038457.01567003,36444524.77407001,0.0,59038457.01567003,36444524.77407001,95482981.78974004,18.374458598889763,22593932.24160002,0.23662784527774156,-0.23662784527774156
2023-03-27,Asset Management,820,2508929238.68663,2098526219.1003702,1719146988.5602703,789782250.1263595,379379230.54009986,4607455457.787,22.250941580350727,410403019.5862596,0.08907368141620184,-0.08907368141620184
2023-03-27,"Infrastructure, Services & Financial Products",401,984574000.0305805,1364520006.2032595,155403288.92809963,829170711.1024809,1209116717.2751598,2349094006.23384,21.577295561930466,-379946006.17267895,-0.16174150764695167,0.16174150764695167
2023-03-27,"Lending, Borrowing & Real World Assets",374,1870812218.6367311,1016947132.6254797,294173802.91374016,1576638415.722991,722773329.7117395,2887759351.262211,21.783746727726108,853865086.0112514,0.2956842943433065,-0.2956842943433065
2023-03-27,Privacy & Security,9,8855000.294249987,5869504.840240009,1433067.9849200053,7421932.309329982,4436436.855320004,14724505.134489996,16.505023747685822,2985495.454009978,0.2027569298079086,-0.2027569298079086
2023-03-27,Trading & Exchanges,1062,2732857585.713326,3978085234.141332,410959980.4790096,2321897605.2343163,3567125253.6623225,6710942819.854658,22.62700528787383,-1245227648.4280062,-0.18555181914885913,0.18555181914885913
2023-03-27,Primary Market Tokens,3809,3457319832.376731,3093620596.647587,0.0,3457319832.376731,3093620596.647587,6550940429.024318,22.602874453390314,363699235.7291441,0.055518629679145566,-0.055518629679145566
2023-03-27,Other / Unknown,11,25609173.7567,31388355.93667999,0.0,25609173.7567,31388355.93667999,56997529.69337999,17.858518503691663,-5779182.179979987,-0.10139355531843713,0.10139355531843713
2023-04-03,Asset Management,826,2841914011.780602,2155455424.2421303,1750264029.7701097,1091649982.0104923,405191394.4720206,4997369436.022732,22.332177498339266,686458587.5384717,0.13736398645860473,-0.13736398645860473
2023-04-03,"Infrastructure, Services & Financial Products",404,702330314.8269401,1459320182.928961,269632395.87594944,432697918.9509906,1189687787.0530117,2161650497.7559013,21.494137886645987,-756989868.102021,-0.35019068479751164,0.35019068479751164
2023-04-03,"Lending, Borrowing & Real World Assets",378,1269729782.4619,1133166231.50172,178890169.54847017,1090839612.9134297,954276061.9532498,2402896013.96362,21.599940519757208,136563550.96018004,0.05683290086902929,-0.05683290086902929
2023-04-03,Privacy & Security,9,17422341.24647998,8548253.320169998,3537010.857559996,13885330.388919985,5011242.462610003,25970594.56664998,17.072475516246595,8874087.926309982,0.3416975265443326,-0.3416975265443326
2023-04-03,Trading & Exchanges,1074,2869052024.5407443,2432631583.1100025,280942556.69028014,2588109467.8504643,2151689026.4197226,5301683607.650747,22.39129026907017,436420441.4307418,0.08231733044215477,-0.08231733044215477
2023-04-03,Primary Market Tokens,3993,2493162713.5677814,2965445088.5517645,0.0,2493162713.5677814,2965445088.5517645,5458607802.119546,22.42045961307638,-472282374.98398304,-0.0865206646281857,0.0865206646281857
2023-04-03,Other / Unknown,12,26474972.685180012,65519397.45487999,0.0,26474972.685180012,65519397.45487999,91994370.14006001,18.337237949881324,-39044424.769699976,-0.4244218935382181,0.4244218935382181
2023-04-10,Asset Management,834,3356535611.8526587,1916478756.53531,937717591.1998395,2418818020.652819,978761165.3354706,5273014368.387969,22.38586802257883,1440056855.3173487,0.27309936114541505,-0.27309936114541505
2023-04-10,"Infrastructure, Services & Financial Products",410,1225565429.25748,5403603734.400885,569620848.2111701,655944581.0463098,4833982886.189714,6629169163.658364,22.614745318760495,-4178038305.143405,-0.6302506697291337,0.6302506697291337
2023-04-10,"Lending, Borrowing & Real World Assets",385,3350425243.1666617,1082047229.37074,328006080.29612017,3022419162.8705416,754041149.0746198,4432472472.537401,22.212223385749507,2268378013.795922,0.5117635874447681,-0.5117635874447681
2023-04-10,Privacy & Security,10,54176895.96281,6045573.862540002,5770328.183500002,48406567.77931,275245.67903999984,60222469.82535,17.913556110155398,48131322.10027,0.7992253097532317,-0.7992253097532317
2023-04-10,Trading & Exchanges,1093,9012693260.033457,5188275780.56541,523714930.38065946,8488978329.652798,4664560850.184751,14200969040.598866,23.37657604159134,3824417479.468047,0.2693067964963867,-0.2693067964963867
2023-04-10,Primary Market Tokens,3992,4806112369.640031,8197234799.369225,0.0,4806112369.640031,8197234799.369225,13003347169.009254,23.288472635883142,-3391122429.7291937,-0.2607884251380461,0.2607884251380461
2023-04-10,Other / Unknown,12,68643791.63031,80466727.43930002,0.0,68643791.63031,80466727.43930002,149110519.06961,18.82019833438617,-11822935.808990017,-0.07928975019844614,0.07928975019844614
2023-04-17,Asset Management,842,3830259100.96192,5132611322.40934,2492248406.029429,1338010694.9324908,2640362916.379911,8962870423.37126,22.91635637249185,-1302352221.4474201,-0.1453052604722984,0.1453052604722984
2023-04-17,"Infrastructure, Services & Financial Products",414,5973100126.826654,1605026359.1699507,1089366441.5882208,4883733685.238434,515659917.5817299,7578126485.996605,22.748531840746434,4368073767.656704,0.5764054975498677,-0.5764054975498677
2023-04-17,"Lending, Borrowing & Real World Assets",387,1818398284.3894205,3748998046.3332305,516364000.3627901,1302034284.0266304,3232634045.9704404,5567396330.722651,22.440193336666066,-1930599761.94381,-0.3467688749389281,0.3467688749389281
2023-04-17,Privacy & Security,11,8716042.11911,39278665.55343999,3609515.4994799984,5106526.6196300015,35669150.05395999,47994707.67254999,17.68660132680719,-30562623.43432999,-0.6367915321590744,0.6367915321590744
2023-04-17,Trading & Exchanges,1115,2337142250.1477723,9437951862.186428,816507053.7945025,1520635196.3532698,8621444808.391926,11775094112.3342,23.1892524694568,-7100809612.038656,-0.6030363362107387,0.6030363362107387
2023-04-17,Primary Market Tokens,4015,8010682438.761341,2317426580.16536,0.0,8010682438.761341,2317426580.16536,10328109018.9267,23.058135046198664,5693255858.595982,0.551238939109071,-0.551238939109071
2023-04-17,Other / Unknown,12,309660731.4711701,6666138.859640004,0.0,309660731.4711701,6666138.859640004,316326870.3308101,19.572286639870708,302994592.6115301,0.9578528447319784,-0.9578528447319784
2023-04-24,Asset Management,842,2925435006.583942,1801047755.286741,1311216586.377221,1614218420.2067208,489831168.9095199,4726482761.870683,22.276447160911115,1124387251.297201,0.23789090280151207,-0.23789090280151207
2023-04-24,"Infrastructure, Services & Financial Products",422,991108528.6935098,3522201913.677915,435277240.1488097,555831288.5447001,3086924673.529105,4513310442.371425,22.230296744118423,-2531093384.9844055,-0.5608064008232714,0.5608064008232714
2023-04-24,"Lending, Borrowing & Real World Assets",392,1729713529.0337193,1259124134.244151,239200849.00127006,1490512680.0324492,1019923285.2428811,2988837663.27787,21.81815040772543,470589394.7895682,0.15744896438218425,-0.15744896438218425
2023-04-24,Privacy & Security,12,12305908.365109997,4644759.363170002,3374660.6199399987,8931247.745169997,1270098.743230003,16950667.72828,16.645817844008356,7661149.001939995,0.4519673870521547,-0.4519673870521547
2023-04-24,Trading & Exchanges,1125,4617277708.218256,3398298811.42886,192859223.18258965,4424418485.035666,3205439588.2462707,8015576519.647116,22.804652550632817,1218978896.7893958,0.15207625974270672,-0.15207625974270672
2023-04-24,Primary Market Tokens,4092,3385730484.425201,3559127672.9645305,0.0,3385730484.425201,3559127672.9645305,6944858157.389731,22.66126738938616,-173397188.53932953,-0.024967707706862935,0.024967707706862935
2023-04-24,Other / Unknown,11,22347169.648760006,139473288.00313,0.0,22347169.648760006,139473288.00313,161820457.65188998,18.901997998673718,-117126118.35436998,-0.7238029112878486,0.7238029112878486
2023-05-01,Asset Management,845,2378485360.5981894,1678540517.148879,1127063936.6913996,1251421423.9067898,551476580.4574795,4057025877.7470684,22.1237159999394,699944843.4493103,0.1725265907936483,-0.1725265907936483
2023-05-01,"Infrastructure, Services & Financial Products",420,1720348825.5993714,1047065289.3880394,247394021.71724007,1472954803.8821313,799671267.6707993,2767414114.9874105,21.74117918899865,673283536.2113321,0.24328976735539812,-0.24328976735539812
2023-05-01,"Lending, Borrowing & Real World Assets",395,1385484126.8375192,1670607362.1302915,231668256.54921004,1153815870.288309,1438939105.5810814,3056091488.9678106,21.84040264561925,-285123235.2927723,-0.09329669491965116,0.09329669491965116
2023-05-01,Privacy & Security,13,10968056.811419984,9607480.707579998,1274069.1540799977,9693987.657339986,8333411.5535,20575537.518999983,16.839613477647827,1360576.103839986,0.06612590813647493,-0.06612590813647493
2023-05-01,Trading & Exchanges,1131,2255753953.774178,4966835024.801015,384483522.93321955,1871270430.8409586,4582351501.867795,7222588978.575193,22.70047931000381,-2711081071.026837,-0.3753613945177944,0.3753613945177944
2023-05-01,Primary Market Tokens,4089,4396499151.238666,2786132196.1045485,0.0,4396499151.238666,2786132196.1045485,7182631347.343214,22.69493163592419,1610366955.1341171,0.2242029247024875,-0.2242029247024875
2023-05-01,Other / Unknown,10,31375135.54426001,20126740.123250037,0.0,31375135.54426001,20126740.123250037,51501875.66751005,17.757128805115865,11248395.421009973,0.2184074905082733,-0.2184074905082733
2023-05-08,Asset Management,846,5177629041.906188,5128655273.532329,4439208750.552678,738420291.3535099,689446522.9796505,10306284315.438517,23.056019673939268,48973768.373859406,0.004751835567014012,-0.004751835567014012
2023-05-08,"Infrastructure, Services & Financial Products",427,4878570447.608779,1149521573.6177301,649488078.6884702,4229082368.9203086,500033494.9292599,6028092021.226509,22.5196963833915,3729048873.991049,0.6186118030149639,-0.6186118030149639
2023-05-08,"Lending, Borrowing & Real World Assets",399,1105539419.0115108,2373087324.564283,397046569.39567006,708492849.6158408,1976040755.168613,3478626743.5757937,21.9699034392247,-1267547905.552772,-0.36438169398129167,0.36438169398129167
2023-05-08,Privacy & Security,13,7543036.124250009,13256866.437989995,3237360.6666000052,4305675.457650004,10019505.77138999,20799902.562240005,16.850458908230028,-5713830.313739986,-0.2747046673243957,0.2747046673243957
2023-05-08,Trading & Exchanges,1142,2468905808.6210814,7862233894.286984,485171087.1129206,1983734721.5081608,7377062807.174064,10331139702.908066,23.05842844350886,-5393328085.665903,-0.5220457994724202,0.5220457994724202
2023-05-08,Primary Market Tokens,4132,5239851638.476738,2414967213.295721,0.0,5239851638.476738,2414967213.295721,7654818851.772459,22.758601201866522,2824884425.181017,0.3690334781112319,-0.3690334781112319
2023-05-08,Other / Unknown,10,71764847.64474003,8082093.658249997,0.0,71764847.64474003,8082093.658249997,79846941.30299002,18.195622138880076,63682753.98649003,0.797560344169443,-0.797560344169443
2023-05-15,Asset Management,850,1640274944.1443617,1929975796.5495143,1092827846.767833,547447097.3765287,837147949.7816813,3570250740.6938763,21.995901666040137,-289700852.40515256,-0.08114299903452982,0.08114299903452982
2023-05-15,"Infrastructure, Services & Financial Products",429,536465743.01205033,1288602646.7711303,240490505.3374602,295975237.6745901,1048112141.4336702,1825068389.7831807,21.32488329768046,-752136903.7590799,-0.41211436676541985,0.41211436676541985
2023-05-15,"Lending, Borrowing & Real World Assets",407,1293037285.0347683,836344673.9135697,305274826.47852004,987762458.5562483,531069847.43504965,2129381958.948338,21.47909761491462,456692611.12119865,0.214471907776823,-0.214471907776823
2023-05-15,Privacy & Security,13,19418777.19904998,4351876.437349999,2491961.058279997,16926816.14076998,1859915.3790700021,23770653.636399977,16.983962379403085,15066900.76169998,0.6338446132851834,-0.6338446132851834
2023-05-15,Trading & Exchanges,1154,3936809079.9909286,1131015692.3356194,262573010.80083987,3674236069.1900887,868442681.5347795,5067824772.326548,22.34617752369442,2805793387.655309,0.5536484613628856,-0.5536484613628856
2023-05-15,Primary Market Tokens,4187,1263681541.2602403,3486746634.7025757,0.0,1263681541.2602403,3486746634.7025757,4750428175.962816,22.281500593448857,-2223065093.442335,-0.46797151984973745,0.46797151984973745
2023-05-15,Other / Unknown,13,22397815.311600015,35047865.243240006,0.0,22397815.311600015,35047865.243240006,57445680.55484002,17.866350390675503,-12650049.931639992,-0.22020889663869037,0.22020889663869037
2023-05-22,Asset Management,858,3270605177.391811,2427689540.6231027,1793143942.0430727,1477461235.3487382,634545598.58003,5698294718.014914,22.463432794923367,842915636.7687082,0.14792419109244503,-0.14792419109244503
2023-05-22,"Infrastructure, Services & Financial Products",429,895873726.8196901,1434669281.1387713,456702329.5286801,439171397.29101,977966951.6100912,2330543007.9584613,21.569367128426975,-538795554.3190812,-0.231188848469723,0.231188848469723
2023-05-22,"Lending, Borrowing & Real World Assets",408,1433047049.03391,4555880784.53569,325808784.0303702,1107238265.0035398,4230072000.50532,5988927833.5696,22.513178240493357,-3122833735.5017805,-0.5214345242227552,0.5214345242227552
2023-05-22,Privacy & Security,13,31193066.444619983,11737164.598190002,9305077.00614,21887989.438479982,2432087.592050003,42930231.042809986,17.575086845329626,19455901.84642998,0.45319816301544186,-0.45319816301544186
2023-05-22,Trading & Exchanges,1162,2158184646.74376,1932614755.871493,212113959.56604,1946070687.17772,1720500796.305453,4090799402.6152534,22.132006241109295,225569890.872267,0.05514078513066661,-0.05514078513066661
2023-05-22,Primary Market Tokens,3949,5589023012.563193,2990317420.1173773,0.0,5589023012.563193,2990317420.1173773,8579340432.680571,22.872622874960037,2598705592.445816,0.3029027246135125,-0.3029027246135125
2023-05-22,Other / Unknown,14,14223558.795759998,39241290.908119984,0.0,14223558.795759998,39241290.908119984,53464849.70387998,17.794534999760504,-25017732.112359986,-0.4679285970300676,0.4679285970300676
2023-05-29,Asset Management,857,873660068.7170397,986554924.8709793,269083958.87082976,604576109.84621,717470966.0001495,1860214993.588019,21.34395790647987,-112894856.1539396,-0.06068914428873934,0.06068914428873934
2023-05-29,"Infrastructure, Services & Financial Products",433,2099024945.8171885,930837384.6565396,343261692.80914026,1755763253.0080483,587575691.8473992,3029862330.473728,21.831783020278294,1168187561.1606488,0.3855579672420295,-0.3855579672420295
2023-05-29,"Lending, Borrowing & Real World Assets",413,1552296846.3410397,2080272672.5275738,688864001.8193898,863432844.5216498,1391408670.708184,3632569518.8686132,22.013206091523887,-527975826.18653417,-0.14534500260602737,0.14534500260602737
2023-05-29,Privacy & Security,13,7516886.168930005,8513098.628540004,1622399.0527200005,5894487.116210004,6890699.575820003,16029984.797470009,16.589971638588462,-996212.4596099984,-0.06214681250148343,0.06214681250148343
2023-05-29,Trading & Exchanges,1173,1319003459.3684397,3977869832.347269,226475464.68664002,1092527994.6817997,3751394367.6606293,5296873291.715709,22.39038253864798,-2658866372.9788294,-0.501969034663768,0.501969034663768
2023-05-29,Primary Market Tokens,4083,3746867142.7455745,1602197547.5891304,0.0,3746867142.7455745,1602197547.5891304,5349064690.334705,22.400187558521232,2144669595.156444,0.4009429160637514,-0.4009429160637514
2023-05-29,Other / Unknown,13,15102501.734360011,27226390.272540018,0.0,15102501.734360011,27226390.272540018,42328892.00690003,17.56098046065267,-12123888.538180007,-0.28642111719351626,0.28642111719351626
2023-06-05,Asset Management,861,2623413803.10545,3363029794.505663,1203673176.8924897,1419740626.2129605,2159356617.6131735,5986443597.611113,22.51276334964709,-739615991.4002128,-0.12354847737901618,0.12354847737901618
2023-06-05,"Infrastructure, Services & Financial Products",433,5800131625.179621,2167882522.628641,1637377477.9593914,4162754147.220229,530505044.6692498,7968014147.808262,22.79870113293098,3632249102.5509796,0.4558537466390031,-0.4558537466390031
2023-06-05,"Lending, Borrowing & Real World Assets",418,1144088025.86223,3239560885.0861974,409056101.01013035,735031924.8520997,2830504784.076067,4383648910.948427,22.201147299431867,-2095472859.2239673,-0.47802022967450647,0.47802022967450647
2023-06-05,Privacy & Security,13,776284.7071199993,30476196.740340002,202025.51345999897,574259.1936600003,30274171.226880003,31252481.44746,17.257609369310348,-29699912.033220004,-0.9503217235133763,0.9503217235133763
2023-06-05,Trading & Exchanges,1188,2299271816.3180714,13830225865.589243,905781311.827941,1393490504.4901304,12924444553.761303,16129497681.907314,23.503915586807373,-11530954049.271172,-0.7148985217441461,0.7148985217441461
2023-06-05,Primary Market Tokens,4066,12521007815.099064,1979877404.5000703,0.0,12521007815.099064,1979877404.5000703,14500885219.599134,23.397475534205974,10541130410.598993,0.7269301322619802,-0.7269301322619802
2023-06-05,Other / Unknown,13,265660281.83243018,43296983.05383,0.0,265660281.83243018,43296983.05383,308957264.88626015,19.548713527195236,222363298.7786002,0.7197218646418988,-0.7197218646418988
2023-06-12,Asset Management,864,802780003.4422206,896118373.9183118,318244335.1046704,484535668.33755016,577874038.8136414,1698898377.3605323,21.253245865228486,-93338370.47609127,-0.05494052600197606,0.05494052600197606
2023-06-12,"Infrastructure, Services & Financial Products",436,508383932.9074006,921526804.3886496,96814611.40947008,411569321.4979305,824712192.9791795,1429910737.29605,21.080877858497978,-413142871.481249,-0.28892913431960016,0.28892913431960016
2023-06-12,"Lending, Borrowing & Real World Assets",423,1354713238.5167503,1139324051.9577694,180499267.02950987,1174213971.4872406,958824784.9282595,2494037290.4745197,21.63716863656822,215389186.55898094,0.08636165440734073,-0.08636165440734073
2023-06-12,Privacy & Security,13,12106523.008869994,23095003.943509985,9897650.082879996,2208872.9259899985,13197353.860629989,35201526.95237998,17.376600047364306,-10988480.93463999,-0.31215921256782464,0.31215921256782464
2023-06-12,Trading & Exchanges,1200,3064722686.0062404,3147609647.5495987,301644519.8385899,2763078166.16765,2845965127.711009,6212332333.55584,22.54980223960349,-82886961.54335833,-0.013342325730973114,0.013342325730973114
2023-06-12,Primary Market Tokens,4088,3414525358.724529,3043635669.7890015,0.0,3414525358.724529,3043635669.7890015,6458161028.513531,22.588610443860684,370889688.9355273,0.05742961305826942,-0.05742961305826942
2023-06-12,Other / Unknown,13,36398022.33878,22320213.397950005,0.0,36398022.33878,22320213.397950005,58718235.73673001,17.888260913494232,14077808.940829996,0.23975190610204092,-0.23975190610204092
2023-06-19,Asset Management,868,2660709157.262134,1389252063.0851495,427444887.09189,2233264270.170244,961807175.9932595,4049961220.3472834,22.12197314304304,1271457094.1769845,0.31394302932805795,-0.31394302932805795
2023-06-19,"Infrastructure, Services & Financial Products",435,889267801.4866599,5572383629.431587,417936521.29036015,471331280.19629973,5154447108.141227,6461651430.918247,22.58915076168651,-4683115827.944927,-0.724755254598966,0.724755254598966
2023-06-19,"Lending, Borrowing & Real World Assets",425,2676240538.7781677,839431183.1633804,191029983.79841003,2485210554.979758,648401199.3649703,3515671721.9415483,21.980496445784,1836809355.6147873,0.5224632732775174,-0.5224632732775174
2023-06-19,Privacy & Security,13,18137483.34392002,2660738.071889997,869700.1405999972,17267783.203320023,1791037.9312899997,20798221.415810015,16.850378080241203,15476745.272030022,0.7441379223064329,-0.7441379223064329
2023-06-19,Trading & Exchanges,1207,9944822747.063871,1819421198.532185,391601011.50421095,9553221735.55966,1427820187.0279741,11764243945.596056,23.188330594128026,8125401548.531687,0.6906862511613787,-0.6906862511613787
2023-06-19,Primary Market Tokens,4105,1679278439.3093345,8153240809.585166,0.0,1679278439.3093345,8153240809.585166,9832519248.8945,23.008961020050627,-6473962370.275831,-0.6584235643376664,0.6584235643376664
2023-06-19,Other / Unknown,12,19368780.035879992,111435325.41061002,0.0,19368780.035879992,111435325.41061002,130804105.44649002,18.689211391345406,-92066545.37473002,-0.7038505791578006,0.7038505791578006
2023-06-26,Asset Management,877,1005308633.2050097,698497942.3376997,147220620.96117985,858088012.2438298,551277321.3765198,1703806575.5427094,21.25613074749203,306810690.86731005,0.18007366286257134,-0.18007366286257134
2023-06-26,"Infrastructure, Services & Financial Products",438,431546880.74847966,990779827.5684394,129189363.83525993,302357516.91321975,861590463.7331795,1422326708.316919,21.07555989532562,-559232946.8199596,-0.3931817799313608,0.3931817799313608
2023-06-26,"Lending, Borrowing & Real World Assets",428,1402453764.506689,1091698258.1992898,204946104.38439986,1197507660.1222892,886752153.8148899,2494152022.705979,21.63721463812278,310755506.3073993,0.1245936508594418,-0.1245936508594418
2023-06-26,Privacy & Security,13,11037925.66499001,12961549.09402,6155695.755080002,4882229.909910007,6805853.338939997,23999474.75901001,16.993542544699068,-1923623.42902999,-0.08015273035539301,0.08015273035539301
2023-06-26,Trading & Exchanges,1217,2874475390.928933,1610855931.4800112,236472824.25597048,2638002566.6729627,1374383107.2240407,4485331322.408944,22.22407820339842,1263619459.448922,0.28172265739563424,-0.28172265739563424
2023-06-26,Primary Market Tokens,4117,1760285519.8799906,3037666495.5139923,0.0,1760285519.8799906,3037666495.5139923,4797952015.393983,22.29145500056234,-1277380975.6340017,-0.2662346291783641,0.2662346291783641
2023-06-26,Other / Unknown,13,10551614.969150014,53199725.70978996,0.0,10551614.969150014,53199725.70978996,63751340.678939976,17.970500787725502,-42648110.74063995,-0.6689759036664243,0.6689759036664243
2023-07-03,Asset Management,884,1099933479.03552,1412267079.76877,388724739.8099399,711208739.2255802,1023542339.9588301,2512200558.80429,21.644424923051687,-312333600.7332499,-0.12432669821628756,0.12432669821628756
2023-07-03,"Infrastructure, Services & Financial Products",442,1110981289.8959615,534532894.5738402,94286633.97168012,1016694655.9242814,440246260.6021601,1645514184.4698017,21.221318747076115,576448395.3221214,0.3503150569971281,-0.3503150569971281
2023-07-03,"Lending, Borrowing & Real World Assets",436,1455274846.1159904,1889085717.0768409,406052742.0273702,1049222104.0886202,1483032975.0494707,3344360563.192831,21.930541350576597,-433810870.9608505,-0.1297141449804369,0.1297141449804369
2023-07-03,Privacy & Security,13,888120.1580899939,14298791.624600004,782512.8513199942,105607.30676999968,13516278.77328001,15186911.782689998,16.53594461380331,-13410671.46651001,-0.8830413752580994,0.8830413752580994
2023-07-03,Trading & Exchanges,1222,1440736065.3391602,3605314096.0172725,169596251.2827502,1271139814.05641,3435717844.7345223,5046050161.356433,22.341871628129823,-2164578030.678112,-0.42896482624268045,0.42896482624268045
2023-07-03,Primary Market Tokens,4093,4190777474.365001,1834212268.4304903,0.0,4190777474.365001,1834212268.4304903,6024989742.795491,22.519181614047074,2356565205.934511,0.39113182039063615,-0.39113182039063615
2023-07-03,Other / Unknown,13,42490480.52965001,51370907.94755996,0.0,42490480.52965001,51370907.94755996,93861388.47720997,18.357329671941514,-8880427.41790995,-0.09461214629342675,0.09461214629342675
2023-07-10,Asset Management,885,2041926495.4551303,1581575042.853941,361640234.2240001,1680286261.2311301,1219934808.629941,3623501538.3090715,22.01070667132629,460351452.6011894,0.1270460210197717,-0.1270460210197717
2023-07-10,"Infrastructure, Services & Financial Products",444,1052740041.6572866,1799984196.5685186,657197682.4615993,395542359.1956873,1142786514.1069193,2852724238.2258053,21.77154024808346,-747244154.911232,-0.2619405496326436,0.2619405496326436
2023-07-10,"Lending, Borrowing & Real World Assets",439,2739891777.504792,1323470924.4792097,410810808.6284396,2329080968.876353,912660115.85077,4063362701.984002,22.12527671971517,1416420853.0255826,0.34858341647276336,-0.34858341647276336
2023-07-10,Privacy & Security,13,5352900.593100011,2129926.471860002,816484.6417600019,4536415.951340009,1313441.8301,7482827.064960013,15.828121362045888,3222974.1212400096,0.43071610412223693,-0.43071610412223693
2023-07-10,Trading & Exchanges,1228,5493346394.215613,2139686268.2540493,359458371.5791806,5133888022.636433,1780227896.6748686,7633032662.469663,22.755751068997615,3353660125.961564,0.43936142739843714,-0.43936142739843714
2023-07-10,Primary Market Tokens,4162,2566534011.070331,6958124639.780886,0.0,2566534011.070331,6958124639.780886,9524658650.851217,22.977149920241025,-4391590628.710554,-0.46107590725239045,0.46107590725239045
2023-07-10,Other / Unknown,13,9947586.427329985,104768208.51512,0.0,9947586.427329985,104768208.51512,114715794.94244999,18.557968287896273,-94820622.08779001,-0.826569890705627,0.826569890705627
2023-07-17,Asset Management,887,1008087868.0260104,1667245954.8078318,398217420.5364902,609870447.4895202,1269028534.2713416,2675333822.8338423,21.70734000346484,-659158086.7818214,-0.2463834909707116,0.2463834909707116
2023-07-17,"Infrastructure, Services & Financial Products",447,1307114299.1005914,618449345.5380906,187448623.07953006,1119665676.0210614,431000722.4585605,1925563644.638682,21.37848456475693,688664953.5625008,0.35764330900198515,-0.35764330900198515
2023-07-17,"Lending, Borrowing & Real World Assets",446,1526314250.37695,2249653595.977552,481921906.5309306,1044392343.8460195,1767731689.4466214,3775967846.3545017,22.051922570191955,-723339345.6006019,-0.1915639579131872,0.1915639579131872
2023-07-17,Privacy & Security,13,2542102.2671299987,9554345.486890016,1336090.555939998,1206011.7111900006,8218254.930950018,12096447.754020015,16.308422476086633,-7012243.2197600175,-0.5796944162743676,0.5796944162743676
2023-07-17,Trading & Exchanges,1248,1879687429.8758807,4021335543.3414025,300349623.2394107,1579337806.63647,3720985920.1019917,5901022973.217283,22.49839155828912,-2141648113.4655218,-0.36292827924678944,0.36292827924678944
2023-07-17,Primary Market Tokens,4170,4692972194.595054,1964105464.3341892,0.0,4692972194.595054,1964105464.3341892,6657077658.929243,22.61894643540188,2728866730.2608643,0.4099196178972905,-0.4099196178972905
2023-07-17,Other / Unknown,14,132576532.74753,18950427.50319001,0.0,132576532.74753,18950427.50319001,151526960.25072002,18.836274129131287,113626105.24433999,0.7498738512033212,-0.7498738512033212
2023-07-24,Asset Management,894,631716840.8663578,618705303.1840595,237830509.1728497,393886331.6935081,380874794.0112098,1250422144.0504174,20.94674704728773,13011537.682298303,0.010405715976966634,-0.010405715976966634
2023-07-24,"Infrastructure, Services & Financial Products",450,1194419985.9680207,545379338.9931799,265446967.85680023,928973018.1112205,279932371.1363797,1739799324.9612007,21.277035613614487,649040646.9748408,0.3730548906778746,-0.3730548906778746
2023-07-24,"Lending, Borrowing & Real World Assets",449,1006708286.4746399,984413595.2855204,221601440.83613,785106845.6385099,762812154.4493904,1991121881.7601604,21.411964077010726,22294691.18911946,0.011197049961306665,-0.011197049961306665
2023-07-24,Privacy & Security,13,2769293.4870400163,2391244.5111099947,1050311.8278199984,1718981.659220018,1340932.6832899963,5160537.9981500115,15.456551589008308,378048.9759300216,0.07325766733343451,-0.07325766733343451
2023-07-24,Trading & Exchanges,1253,1287763147.083292,2339351211.05268,295092779.39160997,992670367.6916821,2044258431.66107,3627114358.135972,22.011703226702135,-1051588063.969388,-0.2899241546135906,0.2899241546135906
2023-07-24,Primary Market Tokens,4232,1991635742.3238802,1632442934.1902206,0.0,1991635742.3238802,1632442934.1902206,3624078676.514101,22.010865935022306,359192808.1336596,0.09911286155607334,-0.09911286155607334
2023-07-24,Other / Unknown,16,28166368.643310014,20496037.629769992,0.0,28166368.643310014,20496037.629769992,48662406.273080006,17.70041736538822,7670331.013540022,0.15762334008919,-0.15762334008919
2023-07-31,Asset Management,897,1960475487.681538,1533026762.14567,569040931.6903293,1391434555.9912088,963985830.4553406,3493502249.827208,21.9741705802466,427448725.53586817,0.1223553600278947,-0.1223553600278947
2023-07-31,"Infrastructure, Services & Financial Products",453,1224954676.4364312,722298080.4803599,306908102.1152202,918046574.321211,415389978.3651397,1947252756.916791,21.389685374076997,502656595.95607126,0.25813628670987704,-0.25813628670987704
2023-07-31,"Lending, Borrowing & Real World Assets",456,1936514224.458221,2404879982.9878907,448065643.83869016,1488448580.6195307,1956814339.1492004,4341394207.446112,22.19146137965596,-468365758.52966976,-0.10788372033259627,0.10788372033259627
2023-07-31,Privacy & Security,13,4098728.2652100134,1520888.4423499953,124330.76415999696,3974397.5010500164,1396557.6781899983,5619616.707560008,15.541774195990332,2577839.8228600184,0.4587216454446224,-0.4587216454446224
2023-07-31,Trading & Exchanges,1272,2465271571.679678,3799205041.4564304,489618700.09559995,1975652871.584078,3309586341.3608303,6264476613.136108,22.55816088056543,-1333933469.7767525,-0.2129361401046019,0.2129361401046019
2023-07-31,Primary Market Tokens,4275,4524225793.90576,3594312984.3969874,0.0,4524225793.90576,3594312984.3969874,8118538778.302748,22.817416021638625,929912809.5087724,0.11454189416376463,-0.11454189416376463
2023-07-31,Other / Unknown,16,46488984.55692003,106785727.07406998,0.0,46488984.55692003,106785727.07406998,153274711.63099,18.84774237675229,-60296742.51714995,-0.39339002419599917,0.39339002419599917
2023-08-07,Asset Management,894,1058374255.8838593,1537119452.8445807,188824417.31734037,869549838.5665189,1348295035.5272403,2595493708.72844,21.677042589698836,-478745196.9607214,-0.18445245902571028,0.18445245902571028
2023-08-07,"Infrastructure, Services & Financial Products",454,659036333.3413305,1430491874.5375397,174127608.70547998,484908724.63585055,1256364265.8320599,2089528207.8788702,21.460204140062082,-771455541.1962092,-0.36920082642929813,0.36920082642929813
2023-08-07,"Lending, Borrowing & Real World Assets",464,2693312874.407491,1324573892.286709,646287916.5295395,2047024957.8779516,678285975.7571696,4017886766.6942005,22.114021921681278,1368738982.1207821,0.3406614127274026,-0.3406614127274026
2023-08-07,Privacy & Security,12,5350758.883389998,4515173.612369988,2705293.0094000003,2645465.873989998,1809880.6029699878,9865932.495759986,16.10459832000305,835585.2710200101,0.08469399840097364,-0.08469399840097364
2023-08-07,Trading & Exchanges,1282,3055758411.8217826,1679391531.5186832,543338422.5730207,2512419989.248762,1136053108.9456625,4735149943.340466,22.27827923031441,1376366880.3030994,0.2906701787213365,-0.2906701787213365
2023-08-07,Primary Market Tokens,4088,1538906489.9978414,2921848986.1259327,0.0,1538906489.9978414,2921848986.1259327,4460755476.123774,22.218583978123238,-1382942496.1280913,-0.3100242780691076,0.3100242780691076
2023-08-07,Other / Unknown,17,10978477.704789994,123776691.11467004,0.0,10978477.704789994,123776691.11467004,134755168.81946003,18.71897013302455,-112798213.40988004,-0.8370603843849796,0.8370603843849796
2023-08-14,Asset Management,900,1149570783.6506398,2445932946.893202,319397990.4814502,830172793.1691896,2126534956.4117517,3595503730.5438414,22.002949938343537,-1296362163.242562,-0.3605509159203346,0.3605509159203346
2023-08-14,"Infrastructure, Services & Financial Products",459,5288487508.6756735,1060637709.76087,595481828.1570494,4693005680.518624,465155881.60382056,6349125218.436543,22.571582879642477,4227849798.9148035,0.6658948521975916,-0.6658948521975916
2023-08-14,"Lending, Borrowing & Real World Assets",470,1106339271.1202605,3840606624.18316,267803844.58919004,838535426.5310705,3572802779.59397,4946945895.30342,22.322036232464182,-2734267353.0628996,-0.5527182651540186,0.5527182651540186
2023-08-14,Privacy & Security,12,2999363.870109999,35350654.73643999,2498164.43782,501199.432289999,32852490.29861999,38350018.606549986,17.462265597030342,-32351290.86632999,-0.8435795350775803,0.8435795350775803
2023-08-14,Trading & Exchanges,1296,1857688653.085462,10866044721.826979,731027888.8475,1126660764.2379622,10135016832.979479,12723733374.912441,23.26673485619003,-9008356068.741516,-0.7079962934859524,0.7079962934859524
2023-08-14,Primary Market Tokens,4091,10282547109.399326,1494011088.5594723,0.0,10282547109.399326,1494011088.5594723,11776558197.9588,23.18937679921567,8788536020.839853,0.7462737306697256,-0.7462737306697256
2023-08-14,Other / Unknown,18,72513867.32945003,17562811.170799997,0.0,72513867.32945003,17562811.170799997,90076678.50025003,18.316171860000512,54951056.158650026,0.6100475403130845,-0.6100475403130845
2023-08-21,Asset Management,898,942884047.6353906,1018148536.20352,223780525.23200998,719103522.4033806,794368010.97151,1961032583.8389106,21.396737000462604,-75264488.56812942,-0.03838002957645503,0.03838002957645503
2023-08-21,"Infrastructure, Services & Financial Products",460,1081978192.6508288,368531072.8889399,172897119.21887988,909081073.4319489,195633953.67006004,1450509265.5397687,21.09518055001947,713447119.761889,0.491859746581073,-0.491859746581073
2023-08-21,"Lending, Borrowing & Real World Assets",473,1369381608.3665705,1425906132.0243707,323233643.91665,1046147964.4499204,1102672488.1077206,2795287740.390941,21.751200886873928,-56524523.6578002,-0.02022136141515608,0.02022136141515608
2023-08-21,Privacy & Security,12,2756258.6460299995,15289918.738369977,2089629.8728999975,666628.773130002,13200288.86546998,18046177.384399977,16.70844449647055,-12533660.092339978,-0.6945326883007757,0.6945326883007757
2023-08-21,Trading & Exchanges,1311,1361567975.6757812,2876709752.794541,256427242.29154044,1105140733.3842409,2620282510.5030003,4238277728.470322,22.167422827790745,-1515141777.1187596,-0.3574899697914804,0.3574899697914804
2023-08-21,Primary Market Tokens,4112,2463594190.663452,1562384409.682652,0.0,2463594190.663452,1562384409.682652,4025978600.346104,22.11603384903466,901209780.9808002,0.22384862674216033,-0.22384862674216033
2023-08-21,Other / Unknown,18,117230141.95753005,72422593.26319002,0.0,117230141.95753005,72422593.26319002,189652735.22072005,19.060705253734202,44807548.694340035,0.23626102013341643,-0.23626102013341643
2023-08-28,Asset Management,902,968844053.2481503,786141051.3988106,214205775.06767988,754638278.1804705,571935276.3311307,1754985104.646961,21.28572620701738,182703001.84933972,0.10410515813813298,-0.10410515813813298
2023-08-28,"Infrastructure, Services & Financial Products",463,743188524.2619796,424185971.40634996,120432571.34455998,622755952.9174196,303753400.06179,1167374495.6683295,20.878023044228694,319002552.8556296,0.2732649668459637,-0.2732649668459637
2023-08-28,"Lending, Borrowing & Real World Assets",480,1019967155.8477094,1323557861.05199,213961431.27229965,806005724.5754098,1109596429.7796903,2343525016.899699,21.574922050712637,-303590705.2042806,-0.12954446955548501,0.12954446955548501
2023-08-28,Privacy & Security,12,2816575.2580899987,6286273.620660015,1498130.8692599991,1318444.3888299996,4788142.751400016,9102848.878750015,16.02409809594751,-3469698.3625700166,-0.3811662050844096,0.3811662050844096
2023-08-28,Trading & Exchanges,1327,2013393699.4370835,2601267218.158626,265356513.0204204,1748037186.4166632,2335910705.1382055,4614660917.59571,22.252504228441488,-587873518.7215426,-0.12739257102942925,0.12739257102942925
2023-08-28,Primary Market Tokens,4133,2763400066.152527,2404145417.696443,0.0,2763400066.152527,2404145417.696443,5167545483.84897,22.36566365158092,359254648.4560838,0.06952133262859995,-0.06952133262859995
2023-08-28,Other / Unknown,18,60033590.64226999,26059871.514930006,0.0,60033590.64226999,26059871.514930006,86093462.1572,18.27094404499661,33973719.12733999,0.39461439087333494,-0.39461439087333494
2023-09-04,Asset Management,878,911144761.4927207,631972065.49919,158595254.96496993,752549506.5277507,473376810.53422004,1543116826.9919107,21.15707012229719,279172695.99353075,0.18091481546328458,-0.18091481546328458
2023-09-04,"Infrastructure, Services & Financial Products",458,1038177478.0081681,255874733.83311948,73124575.15267989,965052902.8554882,182750158.6804396,1294052211.8412876,20.98104438216571,782302744.1750486,0.604537233518516,-0.604537233518516
2023-09-04,"Lending, Borrowing & Real World Assets",480,1199799003.7389805,782307917.9467598,128361881.68620007,1071437122.0527805,653946036.2605598,1982106921.6857405,21.40742621826378,417491085.7922207,0.21062995200942705,-0.21062995200942705
2023-09-04,Privacy & Security,12,2664972.3470799974,4123453.8128299783,534972.3338599986,2130000.0132199987,3588481.4789699796,6788426.159909976,15.730729832040767,-1458481.4657499809,-0.21484824779611691,0.21484824779611691
2023-09-04,Trading & Exchanges,1324,1133709074.2730613,2328724019.939063,197019369.60108015,936689704.6719811,2131704650.337983,3462433094.2121243,21.965237385590765,-1195014945.6660018,-0.3451373393073252,0.3451373393073252
2023-09-04,Primary Market Tokens,4108,1868263911.5775745,2154977147.018313,0.0,1868263911.5775745,2154977147.018313,4023241058.595887,22.11535364847583,-286713235.44073844,-0.0712642447382463,0.0712642447382463
2023-09-04,Other / Unknown,19,28580529.37098999,24360392.75929999,0.0,28580529.37098999,24360392.75929999,52940922.13028998,17.784687191904176,4220136.61169,0.07971407451695033,-0.07971407451695033
2023-09-11,Asset Management,878,893469984.454789,458742645.8364099,128619070.18841,764850914.266379,330123575.64799994,1352212630.291199,21.02500807386638,434727338.6183791,0.3214933279574238,-0.3214933279574238
2023-09-11,"Infrastructure, Services & Financial Products",461,230259995.89567977,1213990015.797703,34909499.210739866,195350496.68493992,1179080516.5869632,1444250011.6933827,21.090856001414558,-983730019.9020233,-0.6811355457415577,0.6811355457415577
2023-09-11,"Lending, Borrowing & Real World Assets",483,2746447535.4920444,794170583.5935602,322169042.27048993,2424278493.2215548,472001541.3230703,3540618119.0856047,21.98756715904318,1952276951.8984842,0.5513943854534294,-0.5513943854534294
2023-09-11,Privacy & Security,12,3093529.3619000018,4770085.417189997,2239402.5046800007,854126.857220001,2530682.912509996,7863614.779089998,15.877757081412334,-1676556.055289995,-0.2132042454251569,0.2132042454251569
2023-09-11,Trading & Exchanges,1326,2499390676.094521,1355679216.156112,235807735.72519034,2263582940.369331,1119871480.4309216,3855069892.2506332,22.07265497434226,1143711459.938409,0.2966772307390509,-0.2966772307390509
2023-09-11,Primary Market Tokens,4092,1369355098.0040417,3923620837.416311,0.0,1369355098.0040417,3923620837.416311,5292975935.420353,22.38964648350933,-2554265739.412269,-0.48257648826990496,0.48257648826990496
2023-09-11,Other / Unknown,19,32486932.526440002,23530367.612130005,0.0,32486932.526440002,23530367.612130005,56017300.13857001,17.841171149887575,8956564.914309997,0.15988926442642076,-0.15988926442642076
2023-09-18,Asset Management,884,917152337.2412698,878335367.7084196,408530988.6609198,508621348.58035004,469804379.0474998,1795487704.9496894,21.308542524461156,38816969.532850266,0.02161917869214144,-0.02161917869214144
2023-09-18,"Infrastructure, Services & Financial Products",461,466196509.65599054,860658340.5398104,68216214.3788004,397980295.27719015,792442126.16101,1326854850.195801,21.00607720515025,-394461830.8838199,-0.29729086857210496,0.29729086857210496
2023-09-18,"Lending, Borrowing & Real World Assets",485,1073865370.1961899,1301155780.0157,469022801.9084499,604842568.28774,832132978.1072502,2375021150.21189,21.588272180166786,-227290409.81951022,-0.09570037294161875,0.09570037294161875
2023-09-18,Privacy & Security,12,1984218.0382000138,2792356.50619,1054303.7518799996,929914.2863200142,1738052.7543100005,4776574.544390013,15.379234434413465,-808138.4679899863,-0.169187868938239,0.169187868938239
2023-09-18,Trading & Exchanges,1335,1895079269.2111819,1683428051.3083117,181732486.42618984,1713346782.784992,1501695564.8821218,3578507320.5194936,21.998211601115262,211651217.90287018,0.05914511245771174,-0.05914511245771174
2023-09-18,Primary Market Tokens,4099,2129475331.3614423,1780007717.6287928,0.0,2129475331.3614423,1780007717.6287928,3909483048.9902353,22.08667098992416,349467613.73264956,0.08938972476755262,-0.08938972476755262
2023-09-18,Other / Unknown,21,34204992.56868002,11580414.565729989,0.0,34204992.56868002,11580414.565729989,45785407.13441001,17.63947599863538,22624578.002950028,0.4941438641471975,-0.4941438641471975
2023-09-25,Asset Management,888,2027619588.11883,950230194.1107699,136512314.4444302,1891107273.6743999,813717879.6663396,2977849782.2296,21.81446732776996,1077389394.00806,0.36180112255406927,-0.36180112255406927
2023-09-25,"Infrastructure, Services & Financial Products",461,467806142.46756953,1987089682.5845015,152383794.65261966,315422347.81494987,1834705887.931882,2454895825.052071,21.621350163912563,-1519283540.116932,-0.6188790272127764,0.6188790272127764
2023-09-25,"Lending, Borrowing & Real World Assets",488,2188256332.7027607,1227616908.68272,538326546.4063499,1649929786.2964108,689290362.27637,3415873241.385481,21.95169900515424,960639424.0200408,0.28122806560304464,-0.28122806560304464
2023-09-25,Privacy & Security,12,10773373.855890002,1000504.9771100004,386977.0862600007,10386396.769630002,613527.8908499997,11773878.833000002,16.281394062386106,9772868.878780002,0.8300466666421316,-0.8300466666421316
2023-09-25,Trading & Exchanges,1346,4577326890.503459,1657697624.762032,406265934.7204905,4171060955.7829685,1251431690.0415416,6235024515.2654915,22.553448348110052,2919629265.741427,0.46826267620811546,-0.46826267620811546
2023-09-25,Primary Market Tokens,4122,1641919345.9744315,5049223744.727628,0.0,1641919345.9744315,5049223744.727628,6691143090.702059,22.624050562215935,-3407304398.7531962,-0.509226054885592,0.509226054885592
2023-09-25,Other / Unknown,25,45264562.24527,86107576.02345,0.0,45264562.24527,86107576.02345,131372138.26872,18.693544611614847,-40843013.77818,-0.3108955545401579,0.3108955545401579
2023-10-02,Asset Management,888,717327261.0138896,1605522437.762112,203778174.53815976,513549086.4757298,1401744263.223952,2322849698.7760015,21.566060587727154,-888195176.7482224,-0.382373072703002,0.382373072703002
2023-10-02,"Infrastructure, Services & Financial Products",465,1201441528.406741,994795754.8998196,92378665.63270004,1109062862.774041,902417089.2671195,2196237283.3065605,21.510011407719308,206645773.5069213,0.09409082300788751,-0.09409082300788751
2023-10-02,"Lending, Borrowing & Real World Assets",489,909252688.8943604,1285457092.0220299,250706743.5334502,658545945.3609102,1034750348.4885798,2194709780.9163904,21.50931565692626,-376204403.12766945,-0.17141419170720018,0.17141419170720018
2023-10-02,Privacy & Security,12,2957977.1959599997,18750529.651479978,2363434.423580001,594542.7723799986,16387095.227899976,21708506.84743998,16.893214808374925,-15792552.455519978,-0.7274822062385349,0.7274822062385349
2023-10-02,Trading & Exchanges,1343,1854585404.9093604,3356514496.761102,350902019.82060987,1503683385.0887506,3005612476.940492,5211099901.670463,22.37405678418664,-1501929091.8517418,-0.288217290052391,0.288217290052391
2023-10-02,Primary Market Tokens,4137,4124121469.667233,1558560402.9721708,0.0,4124121469.667233,1558560402.9721708,5682681872.639404,22.460689119098618,2565561066.695062,0.4514701199529669,-0.4514701199529669
2023-10-02,Other / Unknown,27,35494489.34297,25580105.361800004,0.0,35494489.34297,25580105.361800004,61074594.70477,17.92760655543443,9914383.981169995,0.16233237451833094,-0.16233237451833094
2023-10-09,Asset Management,921,793831712.6379099,1809606519.5068676,191256880.71124,602574831.9266698,1618349638.7956276,2603438232.1447773,21.680098805739906,-1015774806.8689578,-0.3901666628104087,0.3901666628104087
2023-10-09,"Infrastructure, Services & Financial Products",477,2158308504.1566305,919846497.5517704,233748862.9095204,1924559641.2471101,686097634.6422501,3078155001.7084007,21.847596229350007,1238462006.60486,0.40233906541987124,-0.40233906541987124
2023-10-09,"Lending, Borrowing & Real World Assets",495,641399257.9847497,1787788676.2091994,134260551.18749997,507138706.7972497,1653528125.0216994,2429187934.193949,21.610822855399512,-1146389418.2244496,-0.4719229015126997,0.4719229015126997
2023-10-09,Privacy & Security,12,3069077.3042100016,11870366.163100021,764858.0109999999,2304219.2932100017,11105508.152100021,14939443.467310023,16.51951555272793,-8801288.85889002,-0.5891309725257636,0.5891309725257636
2023-10-09,Trading & Exchanges,1373,1368744841.356933,3526969129.2021112,193941209.11435074,1174803632.2425823,3333027920.0877604,4895713970.559044,22.311625959608175,-2158224287.845178,-0.4408395385890425,0.4408395385890425
2023-10-09,Primary Market Tokens,4210,5270709111.8268175,2236258571.271472,0.0,5270709111.8268175,2236258571.271472,7506967683.0982895,22.7390974507589,3034450540.5553455,0.40421787713131085,-0.40421787713131085
2023-10-09,Other / Unknown,31,68071849.60578,11794594.968510007,0.0,68071849.60578,11794594.968510007,79866444.57429,18.19586636726514,56277254.637269996,0.7046420425654748,-0.7046420425654748
2023-10-16,Asset Management,895,2672172785.5941405,1662749901.4553602,1101685862.3900802,1570486923.2040603,561064039.06528,4334922687.0495,22.189969612659905,1009422884.1387804,0.23285833612544282,-0.23285833612544282
2023-10-16,"Infrastructure, Services & Financial Products",471,1900034850.210453,4081745435.6726832,355693582.76322013,1544341267.447233,3726051852.909463,5981780285.883137,22.51198406743971,-2181710585.46223,-0.3647259647117125,0.3647259647117125
2023-10-16,"Lending, Borrowing & Real World Assets",498,2528132664.272695,1096196157.1929095,278132309.3047398,2250000354.967955,818063847.8881698,3624328821.465605,22.010934955686942,1431936507.0797856,0.39509011947231093,-0.39509011947231093
2023-10-16,Privacy & Security,13,13715574.0351,568927.9396699962,71566.66881999746,13644007.366280003,497361.2708499987,14284501.974769996,16.474685799535926,13146646.095430003,0.9203433286403873,-0.9203433286403873
2023-10-16,Trading & Exchanges,1375,6565195792.521427,1637637265.1581914,232986205.23222026,6332209587.2892065,1404651059.9259713,8202833057.679619,22.827745426507907,4927558527.363235,0.6007142279642006,-0.6007142279642006
2023-10-16,Primary Market Tokens,4225,1791135518.5501602,7051145181.886682,0.0,1791135518.5501602,7051145181.886682,8842280700.436842,22.902810678220323,-5260009663.336521,-0.5948702423659381,0.5948702423659381
2023-10-16,Other / Unknown,37,82663723.25081,23008039.129289996,0.0,82663723.25081,23008039.129289996,105671762.3801,18.475848275891302,59655684.12152,0.5645376094603141,-0.5645376094603141
2023-10-23,Asset Management,898,2461987206.6341095,1475123539.4409797,546353963.0522596,1915633243.58185,928769576.3887202,3937110746.0750895,22.09371297832571,986863667.1931298,0.2506568219288562,-0.2506568219288562
2023-10-23,"Infrastructure, Services & Financial Products",476,871088730.74683,6289519005.153573,166112300.3330001,704976430.4138299,6123406704.820573,7160607735.900403,22.691860693772274,-5418430274.406743,-0.7566997766461799,0.7566997766461799
2023-10-23,"Lending, Borrowing & Real World Assets",504,3304016712.195484,907436910.2753298,197163478.8827999,3106853233.312684,710273431.39253,4211453622.4708138,22.161073703779877,2396579801.9201546,0.5690623753121392,-0.5690623753121392
2023-10-23,Privacy & Security,13,21675516.990000002,1381913.2410399967,230584.04557999718,21444932.944420006,1151329.1954599996,23057430.231039997,16.953498671589028,20293603.748960007,0.8801329352670308,-0.8801329352670308
2023-10-23,Trading & Exchanges,1386,10987569509.635134,2203387096.837941,721046717.4687206,10266522792.166412,1482340379.3692207,13190956606.473076,23.302797326252257,8784182412.797192,0.6659245932540336,-0.6659245932540336
2023-10-23,Primary Market Tokens,4237,1990886722.806961,8675032715.221945,0.0,1990886722.806961,8675032715.221945,10665919438.028906,23.09031939603319,-6684145992.414984,-0.6266825875866764,0.6266825875866764
2023-10-23,Other / Unknown,40,10889853.428999994,96233072.26671006,0.0,10889853.428999994,96233072.26671006,107122925.69571005,18.48948758062921,-85343218.83771007,-0.796684913929006,0.796684913929006
2023-10-30,Asset Management,905,1841435883.0184486,1331087142.4140706,247034519.86392987,1594401363.1545186,1084052622.5501409,3172523025.432519,21.877793015661233,510348740.604378,0.1608652597674372,-0.1608652597674372
2023-10-30,"Infrastructure, Services & Financial Products",478,1478868046.7115905,1953165546.0613303,393088108.3936301,1085779938.3179605,1560077437.6677003,3432033592.7729206,21.956418806919594,-474297499.3497398,-0.13819721938284696,0.13819721938284696
2023-10-30,"Lending, Borrowing & Real World Assets",508,2682512619.92135,1535067738.1783495,754265819.9742903,1928246799.9470596,780801918.2040592,4217580358.0996995,22.16252742593132,1147444881.7430005,0.27206236380046134,-0.27206236380046134
2023-10-30,Privacy & Security,13,14435739.416069997,4085380.3084099977,899199.2965999991,13536540.119469998,3186181.0118099987,18521119.724479996,16.73442229963217,10350359.10766,0.5588408941593082,-0.5588408941593082
2023-10-30,Trading & Exchanges,1396,5250250329.472367,1984057114.7303727,637390684.3591013,4612859645.113266,1346666430.3712714,7234307444.20274,22.70210046960124,3266193214.741995,0.4514866474688438,-0.4514866474688438
2023-10-30,Primary Market Tokens,4322,1597971980.13976,5964628083.081213,0.0,1597971980.13976,5964628083.081213,7562600063.220973,22.74648089184836,-4366656102.941453,-0.577401431576121,0.577401431576121
2023-10-30,Other / Unknown,46,16805347.104769994,110188941.01060998,0.0,16805347.104769994,110188941.01060998,126994288.11537997,18.65965267581636,-93383593.90584,-0.735336961147393,0.735336961147393
2023-11-06,Asset Management,908,4485555676.287144,3082056002.512841,1686172654.1331515,2799383022.153992,1395883348.3796897,7567611678.799985,22.747143356570874,1403499673.7743025,0.18546137584015926,-0.18546137584015926
2023-11-06,"Infrastructure, Services & Financial Products",481,1740694336.9149315,6530004881.678399,858625593.4037702,882068743.5111613,5671379288.274629,8270699218.59333,22.835984891330966,-4789310544.763468,-0.5790696068352522,0.5790696068352522
2023-11-06,"Lending, Borrowing & Real World Assets",510,3387338589.2912784,953365267.9553598,324375294.62819993,3062963294.6630783,628989973.3271599,4340703857.246638,22.191302351228583,2433973321.3359184,0.5607324068589691,-0.5607324068589691
2023-11-06,Privacy & Security,13,23767710.83064,3691931.006099999,2245061.7554599987,21522649.07518,1446869.2506400002,27459641.83674,17.128227951545803,20075779.82454,0.7311012992776672,-0.7311012992776672
2023-11-06,Trading & Exchanges,1403,11452622110.689087,2349127793.093962,1143976090.2172015,10308646020.471886,1205151702.8767607,13801749903.783049,23.34806122576496,9103494317.595125,0.6595898622318801,-0.6595898622318801
2023-11-06,Primary Market Tokens,4342,1415229164.1101007,9431123829.478907,0.0,1415229164.1101007,9431123829.478907,10846352993.589008,23.10709473089772,-8015894665.368806,-0.7390405484780727,0.7390405484780727
2023-11-06,Other / Unknown,55,41348218.51074,197186100.90835,0.0,41348218.51074,197186100.90835,238534319.41908997,19.290023759068156,-155837882.39761,-0.6533143020137598,0.6533143020137598
2023-11-13,Asset Management,914,1253685361.0826402,2161465090.9811425,362249103.32980984,891436257.7528303,1799215987.6513326,3415150452.0637827,21.951487385532754,-907779729.8985023,-0.2658095866171662,0.2658095866171662
2023-11-13,"Infrastructure, Services & Financial Products",493,2207093914.114921,1827066225.0950785,522188707.99527925,1684905206.1196418,1304877517.0997992,4034160139.2099996,22.11806397331321,380027689.0198426,0.09420243022238145,-0.09420243022238145
2023-11-13,"Lending, Borrowing & Real World Assets",516,2134886579.1932411,2277613172.6379204,521450130.8383103,1613436448.3549309,1756163041.7996101,4412499751.8311615,22.207707203190225,-142726593.44467926,-0.03234597200497259,0.03234597200497259
2023-11-13,Privacy & Security,14,3335560.522940002,13448937.11978999,1778384.3852600006,1557176.1376800013,11670552.734529989,16784497.64272999,16.635966318586455,-10113376.596849987,-0.6025427041142621,0.6025427041142621
2023-11-13,Trading & Exchanges,1413,2655555206.18704,5124288863.754187,525591729.3972704,2129963476.7897694,4598697134.356916,7779844069.941227,22.77480213264039,-2468733657.567147,-0.31732431079249085,0.31732431079249085
2023-11-13,Primary Market Tokens,4417,5943544929.175356,2789491062.66076,0.0,5943544929.175356,2789491062.66076,8733035991.836117,22.890378911843936,3154053866.514596,0.36116350252799745,-0.36116350252799745
2023-11-13,Other / Unknown,58,36977704.19542,41705902.22268001,0.0,36977704.19542,41705902.22268001,78683606.4181,18.180945399672776,-4728198.027260013,-0.060091272407315086,0.060091272407315086
2023-11-20,Asset Management,916,2325106915.6585684,1792953922.3333805,542724217.35766,1782382698.3009083,1250229704.9757204,4118060837.991949,22.1386482193603,532152993.3251879,0.12922416988493948,-0.12922416988493948
2023-11-20,"Infrastructure, Services & Financial Products",496,2889509245.5595603,1372754325.9758203,571430431.7423991,2318078813.817161,801323894.2334212,4262263571.5353804,22.173066211163835,1516754919.58374,0.3558566696140203,-0.3558566696140203
2023-11-20,"Lending, Borrowing & Real World Assets",524,1916240784.5502496,1413199212.7747002,350851014.5659098,1565389769.9843397,1062348198.2087903,3329439997.3249497,21.92606995812564,503041571.7755494,0.15108894353997065,-0.15108894353997065
2023-11-20,Privacy & Security,14,26908407.36892,11334631.011739995,9674308.821779996,17234098.547140002,1660322.1899599992,38243038.38066,17.459472124700792,15573776.357180003,0.40723166925606685,-0.40723166925606685
2023-11-20,Trading & Exchanges,1429,3116621482.54353,3786317248.8849053,356576844.95463026,2760044637.5888996,3429740403.930275,6902938731.428435,22.65521306112908,-669695766.3413754,-0.09701603800890092,0.09701603800890092
2023-11-20,Primary Market Tokens,4449,3247080668.1829166,5060479275.476348,0.0,3247080668.1829166,5060479275.476348,8307559943.659265,22.84043177389486,-1813398607.2934313,-0.21828293982729619,0.21828293982729619
2023-11-20,Other / Unknown,60,21209474.637349997,105638362.04419994,0.0,21209474.637349997,105638362.04419994,126847836.68154994,18.658498797601368,-84428887.40684995,-0.6655918588411383,0.6655918588411383
2023-11-27,Asset Management,920,2118013083.4623415,1427359596.4826806,309827431.1957503,1808185652.2665913,1117532165.2869303,3545372679.945022,21.988909120021244,690653486.979661,0.1948041995377397,-0.1948041995377397
2023-11-27,"Infrastructure, Services & Financial Products",501,1779875934.9939601,3577922104.991684,628831181.3571208,1151044753.6368394,2949090923.6345634,5357798039.985644,22.401818914373294,-1798046169.9977238,-0.3355942416229152,0.3355942416229152
2023-11-27,"Lending, Borrowing & Real World Assets",527,2416193482.674041,1088811515.9008095,283211601.8725,2132981880.8015409,805599914.0283096,3505004998.57485,21.977457783844173,1327381966.7732313,0.378710434739166,-0.378710434739166
2023-11-27,Privacy & Security,14,31609658.899230044,9693095.639440006,5351330.744140004,26258328.15509004,4341764.895300002,41302754.53867005,17.536439775770226,21916563.25979004,0.5306320003250746,-0.5306320003250746
2023-11-27,Trading & Exchanges,1438,6415160940.763267,2723268726.2741446,795074116.3430512,5620086824.420216,1928194609.9310935,9138429667.03741,22.935754398903015,3691892214.489122,0.4039963482791674,-0.4039963482791674
2023-11-27,Primary Market Tokens,4495,2484443800.710073,6390001608.627113,0.0,2484443800.710073,6390001608.627113,8874445409.337187,22.90644168137928,-3905557807.9170403,-0.4400903524413857,0.4400903524413857
2023-11-27,Other / Unknown,60,46159352.13778,74399605.72481997,0.0,46159352.13778,74399605.72481997,120558957.86259997,18.60764947640083,-28240253.58703997,-0.23424434059246887,0.23424434059246887
2023-12-04,Asset Management,928,3356927565.019105,1878407684.4765813,422610609.94658995,2934316955.072515,1455797074.5299914,5235335249.495687,22.378696719427726,1478519880.5425236,0.282411690958081,-0.282411690958081
2023-12-04,"Infrastructure, Services & Financial Products",507,3500035006.0967126,8236405018.720239,700930812.9751401,2799104193.1215725,7535474205.745098,11736440024.816952,23.18596437076324,-4736370012.623526,-0.403561045990809,0.403561045990809
2023-12-04,"Lending, Borrowing & Real World Assets",532,3773135538.071574,926832283.2018801,253077583.47218987,3520057954.5993843,673754699.7296902,4699967821.273455,22.27082149931419,2846303254.869694,0.6056005834734608,-0.6056005834734608
2023-12-04,Privacy & Security,14,26111202.1723,5361155.967669997,2680694.9021399976,23430507.27016,2680461.06553,31472358.139969997,17.264620230958233,20750046.204630002,0.659310182997612,-0.659310182997612
2023-12-04,Trading & Exchanges,1451,13551665858.052425,2975385194.605777,883976132.0184094,12667689726.034016,2091409062.5873675,16527051052.658203,23.528264333206533,10576280663.446648,0.6399375562977743,-0.6399375562977743
2023-12-04,Primary Market Tokens,4568,2065764032.0678263,12174704462.618908,0.0,2065764032.0678263,12174704462.618908,14240468494.686733,23.37935364236705,-10108940430.551083,-0.7098741473514606,0.7098741473514606
2023-12-04,Other / Unknown,60,63049970.2243,139593372.11318994,0.0,63049970.2243,139593372.11318994,202643342.33748993,19.126958062423533,-76543401.88888994,-0.37772473058311307,0.37772473058311307
2023-12-11,Asset Management,929,1544251813.5732102,2692394393.6655293,318506792.6326501,1225745020.94056,2373887601.0328794,4236646207.2387395,22.167037804570775,-1148142580.092319,-0.2710027044813421,0.2710027044813421
2023-12-11,"Infrastructure, Services & Financial Products",508,4484991898.536542,2583070720.892933,931523598.9702803,3553468299.566262,1651547121.9226527,7068062619.429475,22.6788522510745,1901921177.643609,0.2690866337849635,-0.2690866337849635
2023-12-11,"Lending, Borrowing & Real World Assets",537,2626652550.8848095,2549262003.209392,516957196.9366098,2109695353.9481997,2032304806.2727823,5175914554.094202,22.36728188610578,77390547.67541742,0.0149520527950371,-0.0149520527950371
2023-12-11,Privacy & Security,14,6348150.569729999,29976443.49328002,4048853.9604199985,2299296.60931,25927589.532860022,36324594.06301002,17.408005619746923,-23628292.92355002,-0.6504764480661087,0.6504764480661087
2023-12-11,Trading & Exchanges,1462,3996410009.7599893,7516394300.3553915,842343654.7218107,3154066355.0381784,6674050645.633581,11512804310.115381,23.166725671282972,-3519984290.5954022,-0.3057451682300092,0.3057451682300092
2023-12-11,Primary Market Tokens,4550,7621462621.075582,5016295453.124977,0.0,7621462621.075582,5016295453.124977,12637758074.200558,23.259954842465344,2605167167.9506044,0.20614156028741693,-0.20614156028741693
2023-12-11,Other / Unknown,61,160542502.22301006,53266231.88137001,1094795.3512500003,159447706.87176007,52171436.53012001,213808734.10438007,19.18059241214896,107276270.34164006,0.5017394204731994,-0.5017394204731994
2023-12-18,Asset Management,933,3344925810.37531,2609991061.5864406,342758297.6368498,3002167512.73846,2267232763.9495907,5954916871.96175,22.507483080455867,734934748.7888694,0.12341645812878613,-0.12341645812878613
2023-12-18,"Infrastructure, Services & Financial Products",514,2766959175.507821,6745731542.603462,1126582292.4301589,1640376883.0776622,5619149250.173304,9512690718.111282,22.975892609248476,-3978772367.095641,-0.4182594057767932,0.4182594057767932
2023-12-18,"Lending, Borrowing & Real World Assets",541,4267919888.6663666,1004606384.238291,323828294.2283704,3944091594.437996,680778090.0099206,5272526272.904657,22.3857754535015,3263313504.428076,0.6189278792593483,-0.6189278792593483
2023-12-18,Privacy & Security,14,17067317.303199966,3616593.056409998,1735354.156339998,15331963.146859968,1881238.90007,20683910.35960996,16.84486672703219,13450724.246789968,0.6502989044593601,-0.6502989044593601
2023-12-18,Trading & Exchanges,1475,11801017719.920528,2195557856.298231,626222490.1152189,11174795229.80531,1569335366.1830122,13996575576.21876,23.362078535014582,9605459863.622297,0.6862721393040381,-0.6862721393040381
2023-12-18,Primary Market Tokens,4656,1997026433.7606225,11637121863.663055,0.0,1997026433.7606225,11637121863.663055,13634148297.423677,23.33584338693095,-9640095429.902433,-0.7070551984331896,0.7070551984331896
2023-12-18,Other / Unknown,64,102172403.87179,100463447.95974998,3957612.653980002,98214791.21781,96505835.30576998,202635851.83154,19.126921097753144,1708955.912040025,0.008433630557443282,-0.008433630557443282
2023-12-25,Asset Management,936,1871438250.0933216,1628491647.3405511,291336988.1931199,1580101261.9002018,1337154659.1474314,3499929897.4338727,21.9760087762223,242946602.75277042,0.06941470540049885,-0.06941470540049885
2023-12-25,"Infrastructure, Services & Financial Products",514,3404409823.58477,2402876188.70028,1162257787.036381,2242152036.5483894,1240618401.6638992,5807286012.28505,22.48237917531527,1001533634.88449,0.17246156513830918,-0.17246156513830918
2023-12-25,"Lending, Borrowing & Real World Assets",546,2167655221.5012603,1913608339.0309,420018757.7021198,1747636463.7991405,1493589581.3287802,4081263560.5321603,22.129672473870393,254046882.47036028,0.062247115066794374,-0.062247115066794374
2023-12-25,Privacy & Security,14,15013105.874579972,6053039.701270003,5333750.568920001,9679355.30565997,719289.1323500015,21066145.575849973,16.863177882289005,8960066.173309969,0.4253301175124178,-0.4253301175124178
2023-12-25,Trading & Exchanges,1483,5916817003.118036,3736190167.447495,1016610069.7254597,4900206933.392576,2719580097.7220354,9653007170.56553,22.99053532774906,2180626835.6705413,0.22590129657417288,-0.22590129657417288
2023-12-25,Primary Market Tokens,4858,3095543900.3241944,6876628669.733187,0.0,3095543900.3241944,6876628669.733187,9972172570.05738,23.023064308019293,-3781084769.4089923,-0.3791635917695752,0.3791635917695752
2023-12-25,Other / Unknown,65,116534376.60892,23563629.15139998,628128.1276699994,115906248.48124999,22935501.02372998,140098005.76031998,18.757852783942074,92970747.45752001,0.6636122117011044,-0.6636122117011044
2024-01-01,Asset Management,935,1531857903.92597,1699535292.027404,371810020.1996099,1160047883.7263603,1327725271.827794,3231393195.953374,21.896179211510912,-167677388.101434,-0.051890122288867205,0.051890122288867205
2024-01-01,"Infrastructure, Services & Financial Products",515,3152433107.568472,5499487354.395529,1300591119.07556,1851841988.4929118,4198896235.3199687,8651920461.964,22.881047152087433,-2347054246.827057,-0.27127552283279677,0.27127552283279677
2024-01-01,"Lending, Borrowing & Real World Assets",548,2278086586.384021,1962481717.6818495,481193114.6005002,1796893471.7835207,1481288603.0813494,4240568304.0658703,22.167963131422145,315604868.7021713,0.07442513504606645,-0.07442513504606645
2024-01-01,Privacy & Security,14,12102208.666340036,6333111.3066799985,5292003.909199998,6810204.757140039,1041107.3974800007,18435319.973020036,16.729779000565806,5769097.359660038,0.31293719708163853,-0.31293719708163853
2024-01-01,Trading & Exchanges,1488,8334339774.489119,5755146070.677337,827923828.3404117,7506415946.148706,4927222242.3369255,14089485845.166454,23.368694671500386,2579193703.811782,0.18305804286652527,-0.18305804286652527
2024-01-01,Primary Market Tokens,4974,5509287921.524825,5993082864.155448,0.0,5509287921.524825,5993082864.155448,11502370785.680273,23.16581900643202,-483794942.63062286,-0.04206045446151997,0.04206045446151997
2024-01-01,Other / Unknown,65,135151419.43502998,37192511.749529995,3586968.74108,131564450.69394998,33605543.008449994,172343931.18455997,18.965002643951486,97958907.6855,0.5683919765100263,-0.5683919765100263
2024-01-08,Asset Management,939,7102649737.257101,3845598305.337731,1139100628.4356997,5963549108.821402,2706497676.902031,10948248042.594831,23.116445284389457,3257051431.91937,0.29749521743091784,-0.29749521743091784
2024-01-08,"Infrastructure, Services & Financial Products",519,4291034475.869424,3934113782.705478,1204271075.0971787,3086763400.7722454,2729842707.6082993,8225148258.574902,22.830462158915623,356920693.1639457,0.04339383096126539,-0.04339383096126539
2024-01-08,"Lending, Borrowing & Real World Assets",553,5448661200.806574,2197199148.6776094,477514126.9799398,4971147073.826634,1719685021.6976695,7645860349.484183,22.75743020766516,3251462052.1289644,0.4252578393415621,-0.4252578393415621
2024-01-08,Privacy & Security,14,53860928.89758001,2751460.3572100033,638311.3735200046,53222617.52406001,2113148.9836899987,56612389.254790016,17.851738428311542,51109468.54037001,0.9027965294018323,-0.9027965294018323
2024-01-08,Trading & Exchanges,1504,10627562251.347923,3721968304.069205,715346190.8930708,9912216060.454853,3006622113.176134,14349530555.417128,23.386983064778406,6905593947.278719,0.48124180234396385,-0.48124180234396385
2024-01-08,Primary Market Tokens,5046,3560859735.708641,17361960743.92209,0.0,3560859735.708641,17361960743.92209,20922820479.63073,23.764106289265317,-13801101008.213448,-0.6596195298645045,0.6596195298645045
2024-01-08,Other / Unknown,66,159308882.81953,180345467.63744998,18372466.20291,140936416.61662,161973001.43453997,339654350.45698,19.643439045110803,-21036584.81791997,-0.06193527269595337,0.06193527269595337
2024-01-15,Asset Management,942,1448526302.1275606,1459530610.37016,410144542.6647502,1038381759.4628104,1049386067.7054099,2908056912.4977207,21.790750967780266,-11004308.242599487,-0.003784075956459849,0.003784075956459849
2024-01-15,"Infrastructure, Services & Financial Products",519,2244683883.1106224,2291345283.063999,886209855.1551902,1358474027.9554322,1405135427.908809,4536029166.174622,22.235317833504325,-46661399.95337677,-0.010286838607946566,0.010286838607946566
2024-01-15,"Lending, Borrowing & Real World Assets",558,2427297159.4000688,2284141936.4367504,619842207.5316696,1807454951.8683991,1664299728.9050808,4711439095.836819,22.27325923903636,143155222.96331835,0.030384606497368283,-0.030384606497368283
2024-01-15,Privacy & Security,14,7417280.152010013,1022818.6867599972,408561.3935399982,7008718.758470016,614257.293219999,8440098.83877001,15.948504695740327,6394461.465250016,0.7576287419617342,-0.7576287419617342
2024-01-15,Trading & Exchanges,1511,3822948547.8582954,5205238834.729489,608369432.9526292,3214579114.9056664,4596869401.77686,9028187382.587784,22.923617451511266,-1382290286.871194,-0.15310828500714865,0.15310828500714865
2024-01-15,Primary Market Tokens,5126,5780963453.190047,4746816099.010036,0.0,5780963453.190047,4746816099.010036,10527779552.200085,23.07728327221441,1034147354.1800108,0.09823033898576417,-0.09823033898576417
2024-01-15,Other / Unknown,66,302154372.5923101,45895416.133719996,1022857.5209600013,301131515.0713501,44872558.61275999,348049788.72603005,19.667856101430026,256258956.4585901,0.7362709726001477,-0.7362709726001477
2024-01-22,Asset Management,942,2358017059.955491,3701252447.09578,587909672.1753901,1770107387.7801008,3113342774.9203897,6059269507.051271,22.524855086535855,-1343235387.1402888,-0.22168272686619134,0.22168272686619134
2024-01-22,"Infrastructure, Services & Financial Products",524,1782950551.4372296,3067829464.7841816,628247650.2395096,1154702901.19772,2439581814.544672,4850780016.221411,22.302405357257395,-1284878913.346952,-0.2648808870017214,0.2648808870017214
2024-01-22,"Lending, Borrowing & Real World Assets",566,2437209128.864439,4834690359.744943,422399490.1063498,2014809638.758089,4412290869.638593,7271899488.609382,22.707283372165204,-2397481230.8805037,-0.3296911948021133,0.3296911948021133
2024-01-22,Privacy & Security,14,12066864.12414,42717854.236630015,9161390.142660003,2905473.981479997,33556464.093970016,54784718.36077002,17.81892186925252,-30650990.112490013,-0.5594806550002899,0.5594806550002899
2024-01-22,Trading & Exchanges,1519,4032713364.947555,5863809686.709168,411253924.2312309,3621459440.7163243,5452555762.477938,9896523051.656723,23.01544932559705,-1831096321.7616134,-0.18502420619887097,0.18502420619887097
2024-01-22,Primary Market Tokens,5206,11303324654.219591,4598938854.135393,0.0,11303324654.219591,4598938854.135393,15902263508.354984,23.489727295119433,6704385800.084198,0.42159946579691254,-0.42159946579691254
2024-01-22,Other / Unknown,66,313898573.04832995,130941529.89068,6411679.214839997,307486893.83348995,124529850.67584,444840102.93900996,19.91322545856971,182957043.15764993,0.41128720623179593,-0.41128720623179593
2024-01-29,Asset Management,947,2759147364.9204307,1600231982.7935295,329305029.03068995,2429842335.889741,1270926953.7628396,4359379347.713961,22.195595532962063,1158915382.1269011,0.2658441235986107,-0.2658441235986107
2024-01-29,"Infrastructure, Services & Financial Products",527,2151125728.729039,3765308106.4699717,849327950.1442009,1301797778.5848384,2915980156.325771,5916433835.199011,22.500999711797096,-1614182377.7409325,-0.27283029316369195,0.27283029316369195
2024-01-29,"Lending, Borrowing & Real World Assets",570,2387117676.519621,1408596170.57045,357669104.16225004,2029448572.3573709,1050927066.4082,3795713847.0900707,22.057138332368517,978521505.9491708,0.2577964370784537,-0.2577964370784537
2024-01-29,Privacy & Security,14,6876640.373240007,4194515.534389999,208668.50333999842,6667971.869900009,3985847.0310500003,11071155.907630006,16.21985380759186,2682124.8388500083,0.2422624034227126,-0.2422624034227126
2024-01-29,Trading & Exchanges,1523,4628559402.371768,3654934379.8380003,394389536.36926985,4234169866.002498,3260544843.4687304,8283493782.209768,22.83753067083975,973625022.5337677,0.11753796744856565,-0.11753796744856565
2024-01-29,Primary Market Tokens,5289,3492472032.104412,5549579123.488579,0.0,3492472032.104412,5549579123.488579,9042051155.59299,22.925151883466278,-2057107091.3841667,-0.2275044739281016,0.2275044739281016
2024-01-29,Other / Unknown,70,673717232.0360001,116171798.35958995,2738562.7880399916,670978669.2479601,113433235.57154995,789889030.3955901,20.487403026971126,557545433.6764102,0.7058528631511465,-0.7058528631511465
2024-02-05,Asset Management,952,5693913618.610932,6118414045.945348,506868860.9090996,5187044757.701833,5611545185.036248,11812327664.55628,23.19240954050059,-424500427.33441544,-0.035937068407622896,0.035937068407622896
2024-02-05,"Infrastructure, Services & Financial Products",526,4174729240.307367,10098676283.034857,1450017242.2045906,2724711998.1027765,8648659040.830267,14273405523.342224,23.381663889181056,-5923947042.727489,-0.4150338917394083,0.4150338917394083
2024-02-05,"Lending, Borrowing & Real World Assets",575,8679295432.731953,1386867493.2850003,365253898.5799601,8314041534.151993,1021613594.7050402,10066162926.016953,23.03244543104451,7292427939.446953,0.724449623262006,-0.724449623262006
2024-02-05,Privacy & Security,14,31574378.282879993,2157055.8175500026,777614.2853000025,30796763.99757999,1379441.5322500002,33731434.10043,17.333940752839833,29417322.46532999,0.8721041144513624,-0.8721041144513624
2024-02-05,Trading & Exchanges,1534,16306947686.16968,3029778952.3699417,722719980.2178497,15584227705.95183,2307058972.152092,19336726638.53962,23.685272059261873,13277168733.799738,0.6866295925876769,-0.6866295925876769
2024-02-05,Primary Market Tokens,5173,2370513421.722742,17709414989.852764,0.0,2370513421.722742,17709414989.852764,20079928411.57551,23.722986566652803,-15338901568.130022,-0.7638922437237167,0.7638922437237167
2024-02-05,Other / Unknown,72,1294533356.9228802,206198314.44296995,8810745.192439994,1285722611.7304401,197387569.25052994,1500731671.3658502,21.12921860770505,1088335042.4799101,0.7252029548289546,-0.7252029548289546
2024-02-12,Asset Management,953,5575514302.804634,3263508402.2083693,257796358.64816,5317717944.156474,3005712043.5602093,8839022705.013004,22.902442153866023,2312005900.596265,0.26156804635030784,-0.26156804635030784
2024-02-12,"Infrastructure, Services & Financial Products",529,4461217448.220579,6495082014.478772,1442252633.6936686,3018964814.526911,5052829380.785104,10956299462.699352,23.11718042127959,-2033864566.258193,-0.18563426211399855,0.18563426211399855
2024-02-12,"Lending, Borrowing & Real World Assets",578,5887437003.939619,2003075868.458142,750658174.9064702,5136778829.033149,1252417693.551672,7890512872.397761,22.788926972657087,3884361135.481477,0.49228246608272763,-0.49228246608272763
2024-02-12,Privacy & Security,14,50377146.979859956,5326322.55297,3982122.526259999,46395024.45359996,1344200.0267100008,55703469.532829955,17.835553010547677,45050824.426889956,0.8087615512053221,-0.8087615512053221
2024-02-12,Trading & Exchanges,1536,13780795726.26394,1869664601.8071802,526937190.8529898,13253858535.410952,1342727410.9541903,15650460328.071121,23.473766167498145,11911131124.45676,0.761072254411112,-0.761072254411112
2024-02-12,Primary Market Tokens,5217,1643151967.1214418,18274520541.074562,0.0,1643151967.1214418,18274520541.074562,19917672508.196003,23.714873240368483,-16631368573.953121,-0.8350056246335716,0.8350056246335716
2024-02-12,Other / Unknown,73,683417817.9424998,170733662.69258004,9287138.56927,674130679.3732297,161446524.12331003,854151480.6350799,20.56561911498685,512684155.2499197,0.6002262676741228,-0.6002262676741228
2024-02-19,Asset Management,959,2923447911.0308294,1994897263.2812495,406831842.75979006,2516616068.2710395,1588065420.5214596,4918345174.312078,22.31623796439218,928550647.7495799,0.18879330645585582,-0.18879330645585582
2024-02-19,"Infrastructure, Services & Financial Products",533,4310632716.774269,2644666986.6511197,1080912478.8769395,3229720237.8973293,1563754507.7741802,6955299703.425388,22.6627697533309,1665965730.1231494,0.23952465043349383,-0.23952465043349383
2024-02-19,"Lending, Borrowing & Real World Assets",583,3060897706.6706305,1782533679.6378102,335702376.99420995,2725195329.6764207,1446831302.6436002,4843431386.308441,22.300889270798393,1278364027.0328202,0.26393767663283896,-0.26393767663283896
2024-02-19,Privacy & Security,14,13379925.377040014,3137073.5629499964,1379932.0755799988,11999993.301460015,1757141.4873699977,16516998.93999001,16.619900707870002,10242851.814090017,0.6201400055363939,-0.6201400055363939
2024-02-19,Trading & Exchanges,1543,6014459741.609442,4944228689.68685,750074290.7999114,5264385450.80953,4194154398.886938,10958688431.296291,23.11739844271932,1070231051.9225922,0.09766050550959918,-0.09766050550959918
2024-02-19,Primary Market Tokens,5414,4320800585.42105,9825401721.41393,0.0,4320800585.42105,9825401721.41393,14146202306.83498,23.372712036874244,-5504601135.992881,-0.38912218393294423,0.38912218393294423
2024-02-19,Other / Unknown,73,659284219.0397902,108037391.68913999,4274530.495240003,655009688.5445502,103762861.19389999,767321610.7289301,20.45841658269537,551246827.3506502,0.7184038865098351,-0.7184038865098351
2024-02-26,Asset Management,956,8936675366.993025,3877137308.465823,698132168.6143608,8238543198.378664,3179005139.8514624,12813812675.458847,23.273789541393896,5059538058.527202,0.39485032181071944,-0.39485032181071944
2024-02-26,"Infrastructure, Services & Financial Products",534,10452527153.20945,21088642384.548794,2489380365.7798395,7963146787.42961,18599262018.768955,31541169537.758244,24.174559498921216,-10636115231.339344,-0.33721372375259406,0.33721372375259406
2024-02-26,"Lending, Borrowing & Real World Assets",594,9880523897.78789,2613730606.88349,770601677.9338104,9109922219.854078,1843128928.9496799,12494254504.67138,23.24853473604174,7266793290.9044,0.5816107946406467,-0.5816107946406467
2024-02-26,Privacy & Security,14,50938366.70960002,13000414.40555,11451855.3482,39486511.361400016,1548559.0573499985,63938781.11515002,17.973436654106937,37937952.30405001,0.5933480689243351,-0.5933480689243351
2024-02-26,Trading & Exchanges,1566,30873731427.208317,5092351918.827204,3492300473.751493,27381430953.456825,1600051445.0757108,35966083346.03552,24.305842202070803,25781379508.38111,0.7168247723927645,-0.7168247723927645
2024-02-26,Primary Market Tokens,4544,2608025180.349601,30950565298.980442,0.0,2608025180.349601,30950565298.980442,33558590479.330044,24.236558717673226,-28342540118.63084,-0.8445688485065558,0.8445688485065558
2024-02-26,Other / Unknown,75,1137103395.6989703,304096855.84555,3706872.4575999975,1133396523.2413702,300389983.38795,1441200251.5445204,21.08874211207031,833006539.8534203,0.5779950003205281,-0.5779950003205281
2024-03-04,Asset Management,963,8522069623.18435,3912563688.1076264,491300646.9327992,8030768976.251551,3421263041.174827,12434633311.291977,23.243751425410895,4609505935.076723,0.3706989840135293,-0.3706989840135293
2024-03-04,"Infrastructure, Services & Financial Products",544,6821422941.37898,12458619003.375952,2138803377.9561927,4682619563.422787,10319815625.41976,19280041944.754932,23.68233630173614,-5637196061.996972,-0.2923850517623252,0.2923850517623252
2024-03-04,"Lending, Borrowing & Real World Assets",600,11991296465.862122,3167733094.078671,1504196270.81329,10487100195.048832,1663536823.2653809,15159029559.940792,23.441862201981156,8823563371.783451,0.5820665060974994,-0.5820665060974994
2024-03-04,Privacy & Security,15,83344836.08369,16038737.430570003,9813495.92324,73531340.16045,6225241.507330002,99383573.51426001,18.41449741163671,67306098.65312,0.6772356464266462,-0.6772356464266462
2024-03-04,Trading & Exchanges,1582,26784046328.433273,5401316154.594494,3478390028.204855,23305656300.228416,1922926126.389639,32185362483.027767,24.194777604902026,21382730173.83878,0.6643619497874068,-0.6643619497874068
2024-03-04,Primary Market Tokens,4600,2229877256.2303495,32483752744.149094,0.0,2229877256.2303495,32483752744.149094,34713630000.37944,24.2703982422041,-30253875487.918743,-0.871527278696813,0.871527278696813
2024-03-04,Other / Unknown,76,1213626427.8367198,205660457.27307993,3058707.9308800045,1210567719.9058397,202601749.34219992,1419286885.1097996,21.07342038953808,1007965970.5636399,0.7101918443258645,-0.7101918443258645
2024-03-11,Asset Management,964,5978568634.560038,7369874943.419644,820568765.6626204,5157999868.897417,6549306177.757024,13348443577.979683,23.314665629151794,-1391306308.8596067,-0.10422985277135839,0.10422985277135839
2024-03-11,"Infrastructure, Services & Financial Products",548,11490147922.730581,9464229108.574564,2911819047.897011,8578328874.8335705,6552410060.677553,20954377031.305145,23.765613389048568,2025918814.1560173,0.09668236908829891,-0.09668236908829891
2024-03-11,"Lending, Borrowing & Real World Assets",606,4545904531.386073,8426785128.1670885,997126193.9960103,3548778337.390063,7429658934.171078,12972689659.553162,23.286112189299963,-3880880596.7810154,-0.299157745897599,0.299157745897599
2024-03-11,Privacy & Security,15,14911802.419929998,43426370.91109999,2764629.4352999977,12147172.98463,40661741.47579999,58338173.33102999,17.881767228308263,-28514568.491169997,-0.48878061932739914,0.48878061932739914
2024-03-11,Trading & Exchanges,1592,9144574020.73392,17253889968.671818,2182919803.8890605,6961654216.844858,15070970164.782757,26398463989.40574,23.996571663224433,-8109315947.937899,-0.3071889315678495,0.3071889315678495
2024-03-11,Primary Market Tokens,4420,19501427904.518124,9094620093.359589,0.0,19501427904.518124,9094620093.359589,28596047997.877712,24.076534363366804,10406807811.158535,0.3639246867934649,-0.3639246867934649
2024-03-11,Other / Unknown,76,1443331306.3316996,466040509.57655984,15383407.35708,1427947898.9746196,450657102.21947986,1909371815.9082594,21.370040133237154,977290796.7551398,0.511838914041086,-0.511838914041086
2024-03-18,Asset Management,962,4041253291.5690594,5912112196.952404,558202348.2182198,3483050943.3508396,5353909848.734184,9953365488.521463,23.02117657107952,-1870858905.3833447,-0.18796244421456024,0.18796244421456024
2024-03-18,"Infrastructure, Services & Financial Products",553,10575404074.319218,5980267881.350463,1740028504.9168208,8835375569.402397,4240239376.4336424,16555671955.669682,23.529994596470715,4595136192.968755,0.2775566105243525,-0.2775566105243525
2024-03-18,"Lending, Borrowing & Real World Assets",612,3003362620.4059076,7640380436.713576,1024235462.6163893,1979127157.7895184,6616144974.097187,10643743057.119484,23.088238050172546,-4637017816.307669,-0.435656685004813,0.435656685004813
2024-03-18,Privacy & Security,14,16694323.93619,48513396.44885,12428286.40884,4266037.527349999,36085110.04001,65207720.38504,17.99308844603598,-31819072.512659997,-0.4879648042405719,0.4879648042405719
2024-03-18,Trading & Exchanges,1601,12401696370.545107,16399018402.02059,1012976311.9754701,11388720058.569637,15386042090.04512,28800714772.565697,24.083666042306923,-3997322031.475483,-0.13879245925115571,0.13879245925115571
2024-03-18,Primary Market Tokens,4414,18588067206.604248,12826388608.177816,0.0,18588067206.604248,12826388608.177816,31414455814.782066,24.170534000218755,5761678598.426432,0.18340851206836042,-0.18340851206836042
2024-03-18,Other / Unknown,75,782263561.7835597,602060527.4995893,13301405.388939999,768962156.3946197,588759122.1106493,1384324089.283149,21.048477836008274,180203034.28397036,0.1301740218775545,-0.1301740218775545
2024-03-25,Asset Management,977,3463564404.5363383,2022312826.4646995,466808866.8375397,2996755537.6987987,1555503959.6271598,5485877231.001038,22.42544285079382,1441251578.0716388,0.2627203485209322,-0.2627203485209322
2024-03-25,"Infrastructure, Services & Financial Products",578,4464966283.66967,7261851152.580912,864278354.3212302,3600687929.34844,6397572798.259682,11726817436.250582,23.18514414457589,-2796884868.9112415,-0.2385033180669597,0.2385033180669597
2024-03-25,"Lending, Borrowing & Real World Assets",620,6803304805.78763,3025988880.5623484,679245913.5217501,6124058892.26588,2346742967.0405984,9829293686.34998,23.008632915761996,3777315925.2252817,0.3842916943738156,-0.3842916943738156
2024-03-25,Privacy & Security,15,14906490.071880043,12141013.362759994,5004618.097239998,9901871.974640045,7136395.265519996,27047503.434640035,17.113105301501335,2765476.709120048,0.10224517452425098,-0.10224517452425098
2024-03-25,Trading & Exchanges,1624,14859820095.138535,4973150991.477338,954425529.238802,13905394565.899733,4018725462.238536,19832971086.61587,23.71061159617313,9886669103.661198,0.4984966226433487,-0.4984966226433487
2024-03-25,Primary Market Tokens,5342,5386523877.828835,19168498709.05619,0.0,5386523877.828835,19168498709.05619,24555022586.885025,23.924182256326628,-13781974831.227356,-0.561269075703819,0.561269075703819
2024-03-25,Other / Unknown,78,1608645189.4141302,137787572.94276997,6569739.690370002,1602075449.7237601,131217833.25239997,1746432762.3569002,21.280841123535314,1470857616.4713602,0.8422068390920259,-0.8422068390920259
2024-04-01,Asset Management,981,4498953299.48093,7173804729.0159855,547614138.3853995,3951339161.095531,6626190590.630586,11672758028.496916,23.180523590326178,-2674851429.535055,-0.22915333488494252,0.22915333488494252
2024-04-01,"Infrastructure, Services & Financial Products",588,11327897644.346834,8362450695.952949,2219652069.2185936,9108245575.12824,6142798626.734355,19690348340.29978,23.703394420720784,2965446948.3938856,0.15060408770547618,-0.15060408770547618
2024-04-01,"Lending, Borrowing & Real World Assets",627,3234206521.7398105,6865572491.697666,599491080.2751899,2634715441.4646206,6266081411.422476,10099779013.437477,23.035779380795592,-3631365969.9578557,-0.35954905202642784,0.35954905202642784
2024-04-01,Privacy & Security,15,6307191.491319997,30339090.861849967,3910619.426859997,2396572.06446,26428471.43498997,36646282.35316996,17.416822571964225,-24031899.370529972,-0.6557800089768498,0.6557800089768498
2024-04-01,Trading & Exchanges,1636,6457673759.250361,17887559516.210968,1586954491.6595354,4870719267.590826,16300605024.551434,24345233275.46133,23.915601908644895,-11429885756.960606,-0.46949173284288503,0.46949173284288503
2024-04-01,Primary Market Tokens,5734,22539529304.34963,8580050994.579715,0.0,22539529304.34963,8580050994.579715,31119580298.929344,24.16110304965953,13959478309.769913,0.44857540415640446,-0.44857540415640446
2024-04-01,Other / Unknown,79,1088765697.7478502,253555900.08759984,1460275.7864500023,1087305421.9614003,252095624.30114985,1342321597.83545,21.01766648824359,835209797.6602503,0.6222128877364868,-0.6222128877364868
2024-04-08,Asset Management,982,6874900497.02448,11318310465.89309,1026435184.6661903,5848465312.35829,10291875281.226898,18193210962.91757,23.624314337477845,-4443409968.868609,-0.24423451022062126,0.24423451022062126
2024-04-08,"Infrastructure, Services & Financial Products",593,25633364259.61729,10751940138.661892,4862630462.391891,20770733797.2254,5889309676.270001,36385304398.27918,24.31743080477558,14881424120.955399,0.40899545481497207,-0.40899545481497207
2024-04-08,"Lending, Borrowing & Real World Assets",635,4178671998.8057337,12152230496.70983,1243269423.4271812,2935402575.3785524,10908961073.282648,16330902495.515564,23.516325008569183,-7973558497.904096,-0.48824971553737584,0.48824971553737584
2024-04-08,Privacy & Security,15,6948571.742219997,94245470.90271004,1949832.0790399984,4998739.663179998,92295638.82367003,101194042.64493003,18.432550455821946,-87296899.16049004,-0.8626683634608577,0.8626683634608577
2024-04-08,Trading & Exchanges,1643,7938041661.945152,39298546473.85437,3661736680.2010345,4276304981.7441177,35636809793.653336,47236588135.79952,24.5784346016368,-31360504811.909218,-0.6639028356948967,0.6639028356948967
2024-04-08,Primary Market Tokens,5781,36653343665.974106,7890089979.390332,0.0,36653343665.974106,7890089979.390332,44543433645.36444,24.51973058710116,28763253686.583775,0.6457349901577943,-0.6457349901577943
2024-04-08,Other / Unknown,80,1048153518.6978201,828061148.3945801,10976771.654159999,1037176747.04366,817084376.7404201,1876214667.0924,21.35252210960467,220092370.30323994,0.11730660364377207,-0.11730660364377207
2024-04-15,Asset Management,985,2313115606.606876,1431923825.7366,243012560.87449,2070103045.7323859,1188911264.86211,3745039432.343476,22.043697983457882,881191780.870276,0.23529572833332388,-0.23529572833332388
2024-04-15,"Infrastructure, Services & Financial Products",594,3367480136.205039,5799315520.47728,1041098395.158509,2326381741.04653,4758217125.31877,9166795656.68232,22.938853624598984,-2431835384.2722406,-0.26528739980142413,0.26528739980142413
2024-04-15,"Lending, Borrowing & Real World Assets",643,4168465948.9852967,3613531442.227483,642475345.8041699,3525990603.1811266,2971056096.423313,7781997391.21278,22.775078876403704,554934506.7578139,0.07131003505403778,-0.07131003505403778
2024-04-15,Privacy & Security,16,197923684.13055,130288992.84422004,123994903.48322001,73928780.64732999,6294089.361000031,328212676.97477007,19.609172364682145,67634691.28632995,0.2060697103772414,-0.2060697103772414
2024-04-15,Trading & Exchanges,1647,7148890560.278257,4331271753.707353,1130915463.2090483,6017975097.069209,3200356290.4983044,11480162313.985611,23.163886366673907,2817618806.5709047,0.24543370812260767,-0.24543370812260767
2024-04-15,Primary Market Tokens,6221,7116842138.089751,9370772527.210016,0.0,7116842138.089751,9370772527.210016,16487614665.299767,23.525875309707118,-2253930389.120265,-0.1367044557308791,0.1367044557308791
2024-04-15,Other / Unknown,84,670850588.90788,306464601.00070006,45777179.33728002,625073409.5705999,260687421.66342002,977315189.9085801,20.700319768940005,364385987.9071799,0.37284388053076845,-0.37284388053076845
2024-04-22,Asset Management,984,2422041034.681412,2905713502.625081,318922948.7269806,2103118085.9544315,2586790553.8981004,5327754537.306494,22.39619569898557,-483672467.94366884,-0.09078354953420863,0.09078354953420863
2024-04-22,"Infrastructure, Services & Financial Products",596,6115414645.511341,5099189778.377492,1006146781.2033798,5109267864.307961,4093042997.1741123,11214604423.888832,23.1404827323294,1016224867.1338491,0.09061620265170779,-0.09061620265170779
2024-04-22,"Lending, Borrowing & Real World Assets",648,4376511727.07556,2057755219.7854,204644593.6069498,4171867133.46861,1853110626.17845,6434266946.86096,22.58490375508921,2318756507.2901597,0.36037617438632924,-0.36037617438632924
2024-04-22,Privacy & Security,16,86249915.62704998,68768854.24375,42306721.3073,43943194.31974998,26462132.936450005,155018769.8708,18.859056769943475,17481061.383299977,0.11276738550995807,-0.11276738550995807
2024-04-22,Trading & Exchanges,1660,6035704489.90584,7990013130.120259,667945204.5127496,5367759285.39309,7322067925.60751,14025717620.0261,23.36415845432076,-1954308640.2144194,-0.13933751506760925,0.13933751506760925
2024-04-22,Primary Market Tokens,6125,9483539668.71202,11066263753.528532,0.0,9483539668.71202,11066263753.528532,20549803422.240555,23.746117212063854,-1582724084.8165112,-0.07701894039062034,0.07701894039062034
2024-04-22,Other / Unknown,85,851770962.4024205,183528205.23512965,14861921.764089981,836909040.6383306,168666283.47103968,1035299167.6375501,20.757956273720033,668242757.1672909,0.6454586056435789,-0.6454586056435789
2024-04-29,Asset Management,986,2531386222.45049,3645731213.6422496,266195085.78904015,2265191136.66145,3379536127.8532095,6177117436.092739,22.544117565474387,-1114344991.1917596,-0.18039886771144584,0.18039886771144584
2024-04-29,"Infrastructure, Services & Financial Products",605,3292893691.1161666,6450603206.079544,780904597.1471386,2511989093.969028,5669698608.932405,9743496897.195711,22.999865914622408,-3157709514.9633775,-0.32408380156329725,0.32408380156329725
2024-04-29,"Lending, Borrowing & Real World Assets",652,2161684161.616672,4612629898.912808,516781543.44677013,1644902618.1699018,4095848355.466038,6774314060.52948,22.636403953055797,-2450945737.2961364,-0.36179983912711755,0.36179983912711755
2024-04-29,Privacy & Security,16,5204731.309089988,32742240.211699985,1731758.1516599953,3472973.157429992,31010482.06003999,37946971.52078997,17.451700283150426,-27537508.902609996,-0.7256839689439524,0.7256839689439524
2024-04-29,Trading & Exchanges,1669,6278042397.342938,5510678254.901348,666028794.9495897,5612013602.393349,4844649459.951758,11788720652.244286,23.19040903443272,767364142.4415903,0.06509308050280273,-0.06509308050280273
2024-04-29,Primary Market Tokens,6048,11474417093.153667,5316400613.096285,0.0,11474417093.153667,5316400613.096285,16790817706.249952,23.544098008889858,6158016480.057383,0.3667490522373558,-0.3667490522373558
2024-04-29,Other / Unknown,85,549842234.44195,724685104.5870397,53830586.0476,496011648.39434993,670854518.5394397,1274527339.0289898,20.965841233122735,-174842870.14508975,-0.13718251840583928,0.13718251840583928
2024-05-06,Asset Management,985,2649376796.9473205,4036741060.2307596,291188330.20325005,2358188466.7440705,3745552730.0275097,6686117857.17808,22.623299252395608,-1387364263.2834392,-0.20749922345356106,0.20749922345356106
2024-05-06,"Infrastructure, Services & Financial Products",603,10348899345.487894,4092064974.554436,1324851463.7346082,9024047881.753286,2767213510.819828,14440964320.04233,23.393334749416944,6256834370.933458,0.4332698448849237,-0.4332698448849237
2024-05-06,"Lending, Borrowing & Real World Assets",653,2109201412.434689,5666171090.86998,644828810.6043099,1464372601.830379,5021342280.26567,7775372503.304668,22.774227204385536,-3556969678.435291,-0.45746614415238845,0.45746614415238845
2024-05-06,Privacy & Security,16,20658838.69061,52071097.30811997,11491685.936959997,9167152.753650002,40579411.37115997,72729935.99872997,18.10226364589537,-31412258.61750997,-0.4319027397199758,0.4319027397199758
2024-05-06,Trading & Exchanges,1684,2801790321.18423,21061329140.59178,942149841.60407,1859640479.58016,20119179298.987713,23863119461.776012,23.895599985337643,-18259538819.40755,-0.76517820097476,0.76517820097476
2024-05-06,Primary Market Tokens,6151,23706086506.5178,6286782095.931705,0.0,23706086506.5178,6286782095.931705,29992868602.449505,24.12422547713195,17419304410.586094,0.5807815398212183,-0.5807815398212183
2024-05-06,Other / Unknown,84,395833833.51940024,836687595.2951597,57749453.78988999,338084379.72951025,778938141.5052698,1232521428.81456,20.93232785100344,-440853761.77575946,-0.3576844600582506,0.3576844600582506
2024-05-13,Asset Management,989,4616477337.404516,2315817684.1262016,317977584.8048198,4298499752.599696,1997840099.3213818,6932295021.530718,22.659456767405207,2300659653.2783146,0.3318756120639405,-0.3318756120639405
2024-05-13,"Infrastructure, Services & Financial Products",609,4949548769.720478,13786800663.596754,1375697966.5637,3573850803.1567783,12411102697.033054,18736349433.31723,23.653731294050424,-8837251893.876276,-0.47166348627987026,0.47166348627987026
2024-05-13,"Lending, Borrowing & Real World Assets",661,6648290947.978163,2127980656.4817705,203677370.57064965,6444613577.407513,1924303285.911121,8776271604.459934,22.895317508102693,4520310291.496392,0.5150604374184655,-0.5150604374184655
2024-05-13,Privacy & Security,16,53115074.73676999,40820006.39388,21929332.59154001,31185742.14522998,18890673.802339993,93935081.13064998,18.358114486018067,12295068.342889987,0.13088899477064742,-0.13088899477064742
2024-05-13,Trading & Exchanges,1702,17304483136.178192,8300670263.747922,1018137786.9449384,16286345349.233253,7282532476.802983,25605153399.926113,23.96605947289653,9003812872.430271,0.35164065341847367,-0.35164065341847367
2024-05-13,Primary Market Tokens,6193,9699013594.553793,17833449410.016518,0.0,9699013594.553793,17833449410.016518,27532463004.570312,24.03863161833845,-8134435815.462725,-0.2954488966029821,0.2954488966029821
2024-05-13,Other / Unknown,87,1380751836.0612996,246142012.27017015,6413676.205270034,1374338159.8560295,239728336.06490013,1626893848.3314698,21.209938419865864,1134609823.7911294,0.6974086385259719,-0.6974086385259719
2024-05-20,Asset Management,995,11613908568.277908,6074321977.9404545,712595374.0228908,10901313194.255018,5361726603.917563,17688230546.21836,23.59616531451987,5539586590.337454,0.31317923948711673,-0.31317923948711673
2024-05-20,"Infrastructure, Services & Financial Products",611,9104938429.655739,9596533800.086739,1397568410.6061275,7707370019.049611,8198965389.480611,18701472229.742477,23.651868086624702,-491595370.43099976,-0.02628645298037956,0.02628645298037956
2024-05-20,"Lending, Borrowing & Real World Assets",668,13568089321.70718,2391082480.195561,798025298.6587898,12770064023.04839,1593057181.5367713,15959171801.90274,23.493299535572934,11177006841.51162,0.7003500545171796,-0.7003500545171796
2024-05-20,Privacy & Security,16,143214029.51129997,28207823.111000005,20826679.073760003,122387350.43753996,7381144.037240002,171421852.62229997,18.959638056713963,115006206.40029997,0.6708958317799618,-0.6708958317799618
2024-05-20,Trading & Exchanges,1721,20769581413.058605,4223559147.124091,771705824.7636622,19997875588.294945,3451853322.360429,24993140560.182697,23.941867246613512,16546022265.934513,0.6620225347867833,-0.6620225347867833
2024-05-20,Primary Market Tokens,6279,3759241711.1690383,39323571380.92687,0.0,3759241711.1690383,39323571380.92687,43082813092.09591,24.48638998638533,-35564329669.757835,-0.8254876392062376,0.8254876392062376
2024-05-20,Other / Unknown,91,3261331735.9131594,583028599.9082102,69550086.37585002,3191781649.537309,513478513.53236014,3844360335.8213696,22.069873063729126,2678303136.004949,0.696683687803348,-0.696683687803348
2024-05-27,Asset Management,996,2573681153.718047,1977677379.3733525,287844587.8179703,2285836565.900077,1689832791.5553823,4551358533.0914,22.23869160426464,596003774.3446946,0.13095074141299817,-0.13095074141299817
2024-05-27,"Infrastructure, Services & Financial Products",612,2833150585.8576837,3777587205.200352,732432912.80372,2100717673.0539637,3045154292.396632,6610737791.058036,22.611961102139176,-944436619.3426685,-0.14286402655693795,0.14286402655693795
2024-05-27,"Lending, Borrowing & Real World Assets",669,3790944086.9076214,2716158754.10274,673692301.459361,3117251785.4482603,2042466452.6433787,6507102841.010361,22.596160162161528,1074785332.8048816,0.16517109980668435,-0.16517109980668435
2024-05-27,Privacy & Security,16,18984233.853169993,15208163.491909957,4491348.850799993,14492885.00237,10716814.641109964,34192397.34507995,17.347513906715363,3776070.361260036,0.1104359639703177,-0.1104359639703177
2024-05-27,Trading & Exchanges,1732,5729041235.651795,8423943830.869897,757139945.9289286,4971901289.722867,7666803884.9409685,14152985066.521692,23.373191397622428,-2694902595.2181015,-0.19041231108148227,0.19041231108148227
2024-05-27,Primary Market Tokens,6339,8622774941.689056,7296240907.477592,0.0,8622774941.689056,7296240907.477592,15919015849.166649,23.49078019699494,1326534034.211464,0.08333015349569535,-0.08333015349569535
2024-05-27,Other / Unknown,92,925551748.7909602,287311745.95249003,44562668.80151002,880989079.9894502,242749077.15098,1212863494.7434502,20.916249926151654,638240002.8384702,0.5262257505519806,-0.5262257505519806
2024-06-03,Asset Management,997,2151134777.213801,2682981790.7142053,272526934.6221701,1878607842.591631,2410454856.0920353,4834116567.928006,22.298964233320078,-531847013.50040436,-0.11001948464150588,0.11001948464150588
2024-06-03,"Infrastructure, Services & Financial Products",617,3919836380.55979,4770556400.848553,1087065396.9743397,2832770983.58545,3683491003.874213,8690392781.408342,22.88548397455879,-850720020.2887626,-0.09789201037135367,0.09789201037135367
2024-06-03,"Lending, Borrowing & Real World Assets",676,4123042707.4020824,2908363601.803292,650398717.2766305,3472643990.125452,2257964884.5266614,7031406309.205374,22.67365256688877,1214679105.5987906,0.17275052133007268,-0.17275052133007268
2024-06-03,Privacy & Security,16,47213434.71257997,21443191.126520004,9220265.002020001,37993169.71055997,12222926.124500003,68656625.83909997,18.044628216314795,25770243.58605997,0.3753496952567076,-0.3753496952567076
2024-06-03,Trading & Exchanges,1747,7412287289.390091,6368934259.3434105,752140981.5543715,6660146307.835719,5616793277.789039,13781221548.733501,23.34657274517297,1043353030.0466805,0.07570831267439895,-0.07570831267439895
2024-06-03,Primary Market Tokens,6420,8275585566.383194,9625324295.31621,0.0,8275585566.383194,9625324295.31621,17900909861.6994,23.608117378819706,-1349738728.9330158,-0.07540056563386772,0.07540056563386772
2024-06-03,Other / Unknown,93,781235487.0626401,332732103.57199025,21169039.42273001,760066447.6399101,311563064.1492602,1113967590.6346302,20.831193886138408,448503383.4906498,0.40261798212202593,-0.40261798212202593
2024-06-10,Asset Management,1004,2469652393.0855007,4319703992.499122,341656188.02575034,2127996205.0597503,3978047804.4733715,6789356385.584622,22.63862198559789,-1850051599.413621,-0.2724929278041302,0.2724929278041302
2024-06-10,"Infrastructure, Services & Financial Products",623,10780712405.057293,4012024130.9052606,1562064869.748281,9218647535.309011,2449959261.1569796,14792736535.962553,23.417402122717686,6768688274.152033,0.45756836523767636,-0.45756836523767636
2024-06-10,"Lending, Borrowing & Real World Assets",681,2424328384.1293697,5135290014.559152,535069530.8345501,1889258853.2948196,4600220483.724602,7559618398.688521,22.746086549632206,-2710961630.429782,-0.35861090963269954,0.35861090963269954
2024-06-10,Privacy & Security,16,24954051.722449996,60922810.108179934,16242801.774059996,8711249.94839,44680008.33411994,85876861.83062993,18.26842500062237,-35968758.38572994,-0.4188410896600889,0.4188410896600889
2024-06-10,Trading & Exchanges,1762,3228585668.3535614,16644249804.22781,1272175287.9039242,1956410380.4496372,15372074516.323885,19872835472.58137,23.712619584566394,-13415664135.874249,-0.6750754895738906,0.6750754895738906
2024-06-10,Primary Market Tokens,6466,16635313010.845259,5477450835.0898,0.0,16635313010.845259,5477450835.0898,22112763845.93506,23.81942082838759,11157862175.755459,0.5045892161420873,-0.5045892161420873
2024-06-10,Other / Unknown,94,607685028.5852102,521589354.3893206,30578793.42833001,577106235.1568801,491010560.9609906,1129274382.9745307,20.844841125336067,86095674.19588959,0.07623981867817803,-0.07623981867817803
2024-06-17,Asset Management,1003,2128692593.7697897,2900974347.982547,310388862.2998696,1818303731.4699202,2590585485.6826773,5029666941.7523365,22.338619604701258,-772281754.2127571,-0.15354530690727886,0.15354530690727886
2024-06-17,"Infrastructure, Services & Financial Products",623,7371722529.297994,5617897423.502619,1321159265.54187,6050563263.756124,4296738157.960749,12989619952.800613,23.287416410372646,1753825105.7953749,0.13501743023799886,-0.13501743023799886
2024-06-17,"Lending, Borrowing & Real World Assets",689,2426454269.7891684,5148057323.656932,340041261.62859046,2086413008.1605778,4808016062.028341,7574511593.4461,22.748054710282467,-2721603053.8677635,-0.359310698820852,0.359310698820852
2024-06-17,Privacy & Security,16,2875595.839699999,34321167.166749984,1022935.8483799994,1852659.9913199996,33298231.318369985,37196763.00644998,17.43173232638568,-31445571.327049986,-0.8453846191292848,0.8453846191292848
2024-06-17,Trading & Exchanges,1774,2867855380.111708,12947454648.15543,1070097245.5250292,1797758134.586679,11877357402.630402,15815310028.267138,23.48424429700648,-10079599268.043722,-0.6373317532206563,0.6373317532206563
2024-06-17,Primary Market Tokens,6510,14635586726.905516,2939019566.890959,0.0,14635586726.905516,2939019566.890959,17574606293.796474,23.589720872958168,11696567160.014557,0.6655379337938989,-0.6655379337938989
2024-06-17,Other / Unknown,95,445939290.3916307,291401908.75027037,2397080.353999984,443542210.03763074,289004828.3962704,737341199.141901,20.418561301151684,154537381.64136034,0.20958734141155685,-0.20958734141155685
2024-06-24,Asset Management,1007,2204816097.214131,4518197570.789034,372228208.97729063,1832587888.2368402,4145969361.8117433,6723013668.003164,22.62880235360143,-2313381473.574903,-0.3440988800283091,0.3440988800283091
2024-06-24,"Infrastructure, Services & Financial Products",625,4230129062.1385717,3552162197.958072,373240078.8591306,3856888983.279441,3178922119.098942,7782291260.096643,22.775116638345857,677966864.1804996,0.08711661405642125,-0.08711661405642125
2024-06-24,"Lending, Borrowing & Real World Assets",694,3140679585.245699,4242054206.0369964,348269281.6718598,2792410303.573839,3893784924.3651366,7382733791.282696,22.72240983952422,-1101374620.7912974,-0.14918249146295462,0.14918249146295462
2024-06-24,Privacy & Security,16,9350146.160829997,23789205.493520025,4649751.166639999,4700394.994189998,19139454.326880027,33139351.65435002,17.316232036107152,-14439059.332690028,-0.4357073573222635,0.4357073573222635
2024-06-24,Trading & Exchanges,1775,2909077476.19078,8158086068.019463,382710762.91389024,2526366713.27689,7775375305.105573,11067163544.210243,23.127248321856406,-5249008591.828682,-0.47428671048912857,0.47428671048912857
2024-06-24,Primary Market Tokens,6541,12510615822.218012,4488209867.48682,0.0,12510615822.218012,4488209867.48682,16998825689.704832,23.556410101599337,8022405954.731192,0.4719388327859542,-0.4719388327859542
2024-06-24,Other / Unknown,97,786046942.02778,808216015.4118992,13650247.31418,772396694.7136,794565768.0977192,1594262957.4396791,21.18967737136227,-22169073.384119153,-0.013905531255472293,0.013905531255472293
2024-07-01,Asset Management,1011,4376606676.12221,8026282317.80562,806119952.0171008,3570486724.1051087,7220162365.788519,12402888993.92783,23.241195265882894,-3649675641.6834106,-0.29426012306247423,0.29426012306247423
2024-07-01,"Infrastructure, Services & Financial Products",629,10264844154.788853,5793840205.03101,1233121113.0996926,9031723041.68916,4560719091.931317,16058684359.819862,23.49951562186155,4471003949.757843,0.2784165781939559,-0.2784165781939559
2024-07-01,"Lending, Borrowing & Real World Assets",696,2586106794.168521,8746920855.458864,561062475.4868499,2025044318.6816711,8185858379.972014,11333027649.627384,23.150987100527246,-6160814061.290343,-0.5436159031600795,0.5436159031600795
2024-07-01,Privacy & Security,16,8265039.333559997,73039080.87677999,4642695.477779999,3622343.855779998,68396385.39899999,81304120.21034,18.21370726462737,-64774041.54321999,-0.7966883028270225,0.7966883028270225
2024-07-01,Trading & Exchanges,1779,2551837030.0079536,18818432455.74057,574471070.105211,1977365959.9027426,18243961385.63536,21370269485.748524,23.785266516714966,-16266595425.732616,-0.7611787692513909,0.7611787692513909
2024-07-01,Primary Market Tokens,6655,26524337910.18234,2929855517.6417127,0.0,26524337910.18234,2929855517.6417127,29454193427.82405,24.10610212837841,23594482392.540627,0.8010568155722092,-0.8010568155722092
2024-07-01,Other / Unknown,97,429318665.81795985,2352945837.8668394,39992070.39589998,389326595.4220599,2312953767.4709396,2782264503.684799,21.746531003097346,-1923627172.0488796,-0.691389035622332,0.691389035622332
2024-07-08,Asset Management,1011,4073733537.548499,2597634659.385209,259053970.75845006,3814679566.790049,2338580688.626759,6671368196.933708,22.621090802964744,1476098878.16329,0.22125879348732905,-0.22125879348732905
2024-07-08,"Infrastructure, Services & Financial Products",630,3533184616.4992237,6462618894.118879,876467470.2686685,2656717146.230555,5586151423.850211,9995803510.618103,23.025431193025053,-2929434277.6196556,-0.29306641277090395,0.29306641277090395
2024-07-08,"Lending, Borrowing & Real World Assets",701,6386660481.0689,1175460111.0384305,325022663.6220396,6061637817.44686,850437447.4163909,7562120592.10733,22.74641748953837,5211200370.03047,0.6891189192975127,-0.6891189192975127
2024-07-08,Privacy & Security,16,111137391.94790003,50148117.548810005,46955573.9584,64181817.98950002,3192543.5904100016,161285509.49671003,18.898686709529898,60989274.39909002,0.37814478553843117,-0.37814478553843117
2024-07-08,Trading & Exchanges,1782,13027627221.617798,2201420215.1023135,557123890.4988893,12470503331.118908,1644296324.603424,15229047436.720112,23.446470456770736,10826207006.515484,0.710891935395214,-0.710891935395214
2024-07-08,Primary Market Tokens,6618,2612825241.988355,18160177421.263344,0.0,2612825241.988355,18160177421.263344,20773002663.251698,23.75692003175446,-15547352179.274988,-0.7484402920131955,0.7484402920131955
2024-07-08,Other / Unknown,99,1296146575.9130692,393855648.12676024,11309362.122170003,1284837213.7908993,382546286.0045902,1690002224.0398295,21.24799568247214,902290927.786309,0.5338992546586401,-0.5338992546586401
2024-07-15,Asset Management,1019,6025709312.286731,3649643376.1230416,355265438.04535043,5670443874.241381,3294377938.077691,9675352688.409773,22.9928475288836,2376065936.163689,0.24557925821246893,-0.24557925821246893
2024-07-15,"Infrastructure, Services & Financial Products",634,5547700012.9787655,12546457643.407686,1159866554.60488,4387833458.373885,11386591088.802807,18094157656.38645,23.61885494175321,-6998757630.428921,-0.38679654302440897,0.38679654302440897
2024-07-15,"Lending, Borrowing & Real World Assets",706,7280584859.028847,1076812057.3709702,254274809.25155014,7026310049.777297,822537248.11942,8357396916.3998165,22.846412842039456,6203772801.657877,0.7423092218444408,-0.7423092218444408
2024-07-15,Privacy & Security,16,69058254.75172,22906956.347479988,13141112.318639994,55917142.43308,9765844.028839994,91965211.09919998,18.33692093414786,46151298.40424001,0.5018343116122254,-0.5018343116122254
2024-07-15,Trading & Exchanges,1793,20668718340.585163,2389103961.9857345,802254628.5845206,19866463712.00064,1586849333.401214,23057822302.570896,23.861270911229553,18279614378.59943,0.7927728012962132,-0.7927728012962132
2024-07-15,Primary Market Tokens,6681,2488918144.457123,23844024283.61763,0.0,2488918144.457123,23844024283.61763,26332942428.074753,23.994086556169627,-21355106139.160507,-0.8109654360688858,0.8109654360688858
2024-07-15,Other / Unknown,99,1960228051.0683503,511968696.3041599,79490946.22833,1880737104.8400204,432477750.07582986,2472196747.37251,21.628372964140258,1448259354.7641904,0.5858188092446216,-0.5858188092446216
2024-07-22,Asset Management,1019,3030318380.0373006,5584807840.52085,395395217.78468966,2634923162.252611,5189412622.73616,8615126220.558151,22.876785358189625,-2554489460.4835496,-0.29651213401700466,0.29651213401700466
2024-07-22,"Infrastructure, Services & Financial Products",639,3020773889.805101,7986725790.401719,837156303.7293105,2183617586.0757904,7149569486.672409,11007499680.20682,23.12184266663273,-4965951900.596619,-0.45114258867762363,0.45114258867762363
2024-07-22,"Lending, Borrowing & Real World Assets",706,1776895270.7717311,3861956313.9542913,306370737.66232985,1470524533.1094012,3555585576.2919617,5638851584.726023,22.45294626217098,-2085061043.1825602,-0.3697669661727527,0.3697669661727527
2024-07-22,Privacy & Security,16,10799005.674319992,60360949.29451996,8809099.046299994,1989906.6280199979,51551850.24821997,71159954.96883996,18.08044080199893,-49561943.62019997,-0.6964864387829154,0.6964864387829154
2024-07-22,Trading & Exchanges,1802,5786191945.608521,7402012443.947896,598935879.6563299,5187256065.952191,6803076564.291566,13188204389.556417,23.302588660258156,-1615820498.3393745,-0.12252012864002347,0.12252012864002347
2024-07-22,Primary Market Tokens,6766,16209138813.293678,4128786220.8830676,0.0,16209138813.293678,4128786220.8830676,20337925034.176746,23.735753208359935,12080352592.41061,0.5939815675448824,-0.5939815675448824
2024-07-22,Other / Unknown,101,338457608.92451006,1147925355.1128197,37327906.616219975,301129702.30829006,1110597448.4965997,1486382964.0373297,21.119611465407402,-809467746.1883097,-0.5445889557221677,0.5445889557221677
2024-07-29,Asset Management,1021,5045477880.680202,8606144514.846304,568224330.7265297,4477253549.953671,8037920184.119774,13651622395.526505,23.337124208402848,-3560666634.1661024,-0.2608236977996766,0.2608236977996766
2024-07-29,"Infrastructure, Services & Financial Products",638,22028502283.123314,9092826147.179718,2142876917.7346582,19885625365.388657,6949949229.44506,31121328430.303032,24.161159222726724,12935676135.943596,0.41565308386219296,-0.41565308386219296
2024-07-29,"Lending, Borrowing & Real World Assets",706,1650843699.2283008,12100165439.475262,503409025.78387016,1147434673.4444306,11596756413.691391,13751009138.703562,23.34437805034437,-10449321740.246962,-0.7598949018829696,0.7598949018829696
2024-07-29,Privacy & Security,16,20696312.27834001,120514382.60273999,16858421.70570001,3837890.572640002,103655960.89703998,141210694.88108,18.765763630020544,-99818070.32439998,-0.7068733031054153,0.7068733031054153
2024-07-29,Trading & Exchanges,1801,3230366181.57619,36565947188.69675,1629400881.9526198,1600965299.6235702,34936546306.744125,39796313370.272934,24.407040116083998,-33335581007.120556,-0.8376550032903697,0.8376550032903697
2024-07-29,Primary Market Tokens,6766,38044918393.40159,1993614883.2702515,0.0,38044918393.40159,1993614883.2702515,40038533276.67184,24.413108159295707,36051303510.13134,0.900415189063291,-0.900415189063291
2024-07-29,Other / Unknown,104,678092207.2859199,2219684401.50283,135528467.3196,542563739.9663199,2084155934.18323,2897776608.7887497,21.787209593604864,-1541592194.2169101,-0.5319913859271868,0.5319913859271868
2024-08-05,Asset Management,1022,2108239319.6421804,2695720556.18026,200913897.13859978,1907325422.5035806,2494806659.0416603,4803959875.822441,22.292706389093976,-587481236.5380797,-0.12229103733667271,0.12229103733667271
2024-08-05,"Infrastructure, Services & Financial Products",637,3000686361.859149,7434543908.261123,587783970.5111595,2412902391.3479896,6846759937.749963,10435230270.120272,23.06845344442139,-4433857546.401974,-0.42489311990533307,0.42489311990533307
2024-08-05,"Lending, Borrowing & Real World Assets",707,1897653178.1325624,4142228105.579114,286525731.80775976,1611127446.3248026,3855702373.771354,6039881283.711677,22.521650193850917,-2244574927.4465513,-0.37162566977925715,0.37162566977925715
2024-08-05,Privacy & Security,16,43830764.907340005,24035888.356409993,8540026.036559999,35290738.870780006,15495862.319849994,67866653.26375,18.03305537121834,19794876.550930012,0.29167309126031654,-0.29167309126031654
2024-08-05,Trading & Exchanges,1802,12039531555.259136,5509800665.907596,457334631.27768105,11582196923.981455,5052466034.629914,17549332221.166733,23.588281736115377,6529730889.351541,0.3720785957585242,-0.3720785957585242
2024-08-05,Primary Market Tokens,6721,10680576599.999031,9212475687.309727,0.0,10680576599.999031,9212475687.309727,19893052287.308758,23.71363637647559,1468100912.6893044,0.07379968098841795,-0.07379968098841795
2024-08-05,Other / Unknown,133,237677489.70656002,989390457.9117309,52048240.08931,185629249.61725003,937342217.8224208,1227067947.618291,20.92789337898891,-751712968.2051709,-0.6126090813994673,0.6126090813994673
2024-08-12,Asset Management,1022,1940204413.424523,1735568598.6467693,157668385.75012997,1782536027.6743932,1577900212.8966393,3675773012.0712924,22.025029291184946,204635814.77775383,0.05567150477075892,-0.05567150477075892
2024-08-12,"Infrastructure, Services & Financial Products",633,3618153398.3256483,2778658741.869641,385106628.0312004,3233046770.294448,2393552113.8384404,6396812140.19529,22.579065600279325,839494656.4560075,0.13123640933284908,-0.13123640933284908
2024-08-12,"Lending, Borrowing & Real World Assets",707,4269836194.0595613,1979618582.0567706,710017771.9186002,3559818422.140961,1269600810.1381702,6249454776.116332,22.55576006122808,2290217612.0027905,0.3664667869516172,-0.3664667869516172
2024-08-12,Privacy & Security,16,23639546.578380033,2079830.1793399907,942042.5520599931,22697504.02632004,1137787.6272799976,25719376.757720023,17.062755264106357,21559716.399040043,0.8382674511180991,-0.8382674511180991
2024-08-12,Trading & Exchanges,1802,6624785983.707662,2162318820.257206,407809884.5765806,6216976099.131081,1754508935.6806254,8787104803.964867,22.896551120663926,4462467163.450456,0.5078427153204007,-0.5078427153204007
2024-08-12,Primary Market Tokens,6540,2813281891.502277,10822385308.105885,0.0,2813281891.502277,10822385308.105885,13635667199.608162,23.33595478498468,-8009103416.603607,-0.587364248434705,0.587364248434705
2024-08-12,Other / Unknown,160,678607930.7853502,487879477.26779014,8885652.590780007,669722278.1945702,478993824.6770101,1166487408.0531404,20.87726285558537,190728453.51756006,0.1635066544232008,-0.1635066544232008
2024-08-19,Asset Management,1022,3620704134.08838,2087675984.4465115,310536171.73921984,3310167962.34916,1777139812.7072916,5708380118.534891,22.465201128515904,1533028149.6418684,0.2685574747666479,-0.2685574747666479
2024-08-19,"Infrastructure, Services & Financial Products",637,4336940924.844723,15678978476.619843,1923279894.2426717,2413661030.602051,13755698582.37717,20015919401.464565,23.719793764007413,-11342037551.77512,-0.566650840477766,0.566650840477766
2024-08-19,"Lending, Borrowing & Real World Assets",704,6863136949.997772,1437064319.7340298,512003993.7393497,6351132956.258423,925060325.99468,8300201269.731802,22.83954560094071,5426072630.263742,0.6537278379080885,-0.6537278379080885
2024-08-19,Privacy & Security,16,24607026.472959995,15525554.549739985,6379541.094739988,18227485.378220007,9146013.454999996,40132581.02269998,17.50769908163104,9081471.92322001,0.22628676481294102,-0.22628676481294102
2024-08-19,Trading & Exchanges,1799,19099999700.276634,3008184495.985582,979615982.1960585,18120383718.080574,2028568513.7895234,22108184196.262215,23.819213702584467,16091815204.291052,0.7278668868251813,-0.7278668868251813
2024-08-19,Primary Market Tokens,6661,5548273056.466307,17645743625.969242,0.0,5548273056.466307,17645743625.969242,23194016682.435547,23.867160180780292,-12097470569.502935,-0.5215772125689706,0.5215772125689706
2024-08-19,Other / Unknown,179,1218265840.04762,838755174.8894498,17634112.519169994,1200631727.52845,821121062.3702798,2057021014.93707,21.44452466435506,379510665.1581702,0.18449527856174117,-0.18449527856174117
2024-08-26,Asset Management,1019,2886210517.068412,5659585960.649934,333991785.5480802,2552218731.5203314,5325594175.101853,8545796477.718346,22.86870535908457,-2773375443.581522,-0.3245309493167323,0.3245309493167323
2024-08-26,"Infrastructure, Services & Financial Products",637,14460747035.36954,6447845435.994077,1718588970.6954298,12742158064.67411,4729256465.298647,20908592471.363617,23.76342603450884,8012901599.375463,0.38323486434344745,-0.38323486434344745
2024-08-26,"Lending, Borrowing & Real World Assets",703,1115253423.3543003,8389785280.389059,285472318.68583006,829781104.6684701,8104312961.703229,9505038703.743359,22.975087884918846,-7274531857.034759,-0.765334269935149,0.765334269935149
2024-08-26,Privacy & Security,16,13060644.432889998,82395513.66068003,10204790.7821,2855853.6507899985,72190722.87858003,95456158.09357002,18.37417763296437,-69334869.22779003,-0.7263530254362968,0.7263530254362968
2024-08-26,Trading & Exchanges,1799,2794929267.1815343,21307657249.433167,828529318.6354328,1966399948.5461016,20479127930.797733,24102586516.6147,23.905584996066523,-18512727982.251633,-0.7680805530763349,0.7680805530763349
2024-08-26,Primary Market Tokens,6598,24230574661.13351,2348394062.6187515,0.0,24230574661.13351,2348394062.6187515,26578968723.752262,24.00338609056054,21882180598.51476,0.8232893016259045,-0.8232893016259045
2024-08-26,Other / Unknown,211,749175486.7637303,2014287532.5582502,51890634.11371,697284852.6500202,1962396898.4445403,2763463019.3219805,21.739750447683242,-1265112045.79452,-0.45779952072777036,0.45779952072777036
2024-09-02,Asset Management,1020,1892937926.4369102,3109816178.8818426,212398951.22458988,1680538975.2123203,2897417227.657253,5002754105.318752,22.333254418997914,-1216878252.4449325,-0.2432416678547503,0.2432416678547503
2024-09-02,"Infrastructure, Services & Financial Products",635,8065334464.994761,5343805885.523413,2391857322.349831,5673477142.64493,2951948563.1735816,13409140350.518173,23.31920242715298,2721528579.471349,0.20296070503626132,-0.20296070503626132
2024-09-02,"Lending, Borrowing & Real World Assets",702,1823870506.9108903,5293219476.092549,1001062255.91521,822808250.9956803,4292157220.1773396,7117089983.00344,22.68576476871368,-3469348969.1816587,-0.48746734655131896,0.48746734655131896
2024-09-02,Privacy & Security,16,4561541.634049999,22353106.405279975,4147348.9238599986,414192.71019,18205757.481419977,26914648.039329976,17.10818127029827,-17791564.771229975,-0.6610365012104719,0.6610365012104719
2024-09-02,Trading & Exchanges,1795,2314518082.448879,9033979955.712206,318295856.3123404,1996222226.1365385,8715684099.399866,11348498038.161085,23.15235124076581,-6719461873.263327,-0.5921014261682994,0.5921014261682994
2024-09-02,Primary Market Tokens,6553,11705774450.930733,2264373332.4257107,0.0,11705774450.930733,2264373332.4257107,13970147783.356443,23.36018858885342,9441401118.505022,0.6758268605972217,-0.6758268605972217
2024-09-02,Other / Unknown,231,428631033.48531,1168080071.8005311,35722215.249469995,392908818.23584,1132357856.5510612,1596711105.2858412,21.191211792060674,-739449038.3152211,-0.4631075940208018,0.4631075940208018
2024-09-09,Asset Management,1018,2610754580.8678684,1817698695.6071508,355722599.46757007,2255031981.400298,1461976096.1395807,4428453276.475019,22.21131621274051,793055885.2607176,0.1790819131983657,-0.1790819131983657
2024-09-09,"Infrastructure, Services & Financial Products",636,4638500916.359732,8192636303.604819,448741712.10697997,4189759204.252752,7743894591.497839,12831137219.96455,23.275140649289252,-3554135387.2450876,-0.27699301521887293,0.27699301521887293
2024-09-09,"Lending, Borrowing & Real World Assets",701,5448424172.228785,1463398784.4097097,519195532.7146896,4929228639.514095,944203251.6950201,6911822956.6384945,22.65649925435255,3985025387.8190746,0.5765520055735278,-0.5765520055735278
2024-09-09,Privacy & Security,16,39391876.49449,29570981.16510002,20137272.408460006,19254604.08602999,9433708.756640013,68962857.65959002,18.04907863734089,9820895.329389978,0.14240847410742816,-0.14240847410742816
2024-09-09,Trading & Exchanges,1797,12389897825.732115,3414892478.5708156,345552281.81416994,12044345543.917944,3069340196.7566457,15804790304.30293,23.48357891490832,8975005347.161299,0.5678661452862054,-0.5678661452862054
2024-09-09,Primary Market Tokens,6486,3264665511.574795,14465678705.640991,0.0,3264665511.574795,14465678705.640991,17730344217.215786,23.598543371295044,-11201013194.066196,-0.631742568381174,0.631742568381174
2024-09-09,Other / Unknown,254,1372022532.4227812,379781466.6819799,10010206.064069988,1362012326.3587112,369771260.6179099,1751803999.1047611,21.28391195111614,992241065.7408013,0.566411006167285,-0.566411006167285
2024-09-16,Asset Management,1013,5095476986.507448,2771438902.758719,401074826.4125499,4694402160.094898,2370364076.346169,7866915889.266167,22.785931940774073,2324038083.748729,0.29541921083962647,-0.29541921083962647
2024-09-16,"Infrastructure, Services & Financial Products",637,3250879302.8233895,10641320121.04219,637222867.6083192,2613656435.2150702,10004097253.433872,13892199423.86558,23.35459332709992,-7390440818.2188015,-0.531984935770694,0.531984935770694
2024-09-16,"Lending, Borrowing & Real World Assets",672,8146035898.100081,2611957032.7303686,521094193.31321,7624941704.786871,2090862839.4171586,10757992930.83045,23.098914843782044,5534078865.369713,0.5144155513906362,-0.5144155513906362
2024-09-16,Privacy & Security,16,65008765.19372999,7922282.636089992,4891315.052639991,60117450.14109,3030967.5834500007,72931047.82981998,18.105025016179095,57086482.55764,0.7827459532851869,-0.7827459532851869
2024-09-16,Trading & Exchanges,1794,15792388754.261236,3553506354.248026,631731743.5712111,15160657010.690025,2921774610.676815,19345895108.509262,23.685746094874084,12238882400.01321,0.632634588958872,-0.632634588958872
2024-09-16,Primary Market Tokens,6484,4278963616.7383633,18868217412.090427,0.0,4278963616.7383633,18868217412.090427,23147181028.82879,23.8651388402943,-14589253795.352064,-0.6302820968644862,0.6302820968644862
2024-09-16,Other / Unknown,266,3044475487.3756704,1218866705.4940999,18484986.28860001,3025990501.0870705,1200381719.2055,4263342192.86977,22.173319242178803,1825608781.8815706,0.42821070870989697,-0.42821070870989697
2024-09-23,Asset Management,1012,3889320774.198997,2507791187.2315383,297530844.9603495,3591789929.2386475,2210260342.2711887,6397111961.430535,22.579112469595238,1381529586.9674587,0.21596145187030902,-0.21596145187030902
2024-09-23,"Infrastructure, Services & Financial Products",638,3797782045.851362,8351974536.229128,944819522.4987702,2852962523.352592,7407155013.730358,12149756582.08049,23.220574972217918,-4554192490.377766,-0.37483816730079034,0.37483816730079034
2024-09-23,"Lending, Borrowing & Real World Assets",668,6211178129.976647,2690601070.3504124,351440210.53018034,5859737919.446467,2339160859.820232,8901779200.32706,22.909517003966577,3520577059.626235,0.39549139339435485,-0.39549139339435485
2024-09-23,Privacy & Security,16,50966899.56159004,8753951.926150007,5778672.082880005,45188227.47871003,2975279.843270002,59720851.48774005,17.905191805277855,42212947.63544003,0.7068376719998011,-0.7068376719998011
2024-09-23,Trading & Exchanges,1794,13284646290.241446,3949199827.1305213,1450497789.2538192,11834148500.987627,2498702037.8767023,17233846117.371967,23.570141084768103,9335446463.110924,0.541692573992561,-0.541692573992561
2024-09-23,Primary Market Tokens,6517,4726497983.044125,14818390970.302534,0.0,4726497983.044125,14818390970.302534,19544888953.346657,23.69597965463754,-10091892987.25841,-0.5163443502466348,0.5163443502466348
2024-09-23,Other / Unknown,286,1474635646.5973792,1108316226.3012595,36003123.87818001,1438632522.7191992,1072313102.4230795,2582951872.8986387,21.672198719023836,366319420.2961197,0.14182200765708766,-0.14182200765708766
2024-09-30,Asset Management,1011,3376312109.778721,5248351057.036292,361789213.12197006,3014522896.6567507,4886561843.914322,8624663166.815014,22.877891746094292,-1872038947.2575712,-0.2170564706179584,0.2170564706179584
2024-09-30,"Infrastructure, Services & Financial Products",639,8309052372.648474,5729710201.558477,655728490.7844679,7653323881.864006,5073981710.77401,14038762574.206951,23.36508809599088,2579342171.0899963,0.18373002303130004,-0.18373002303130004
2024-09-30,"Lending, Borrowing & Real World Assets",668,3054728588.318411,8633124059.274824,606881511.4039099,2447847076.914501,8026242547.870914,11687852647.593235,23.181815904247685,-5578395470.956413,-0.4772814681322251,0.4772814681322251
2024-09-30,Privacy & Security,16,16630625.14182,73218638.67603995,13821873.675999999,2808751.4658200014,59396765.00003995,89849263.81785995,18.31364398883271,-56588013.53421995,-0.6298105418975238,0.6298105418975238
2024-09-30,Trading & Exchanges,1791,2657006379.7099695,25166177200.993965,862092077.9737098,1794914301.7362597,24304085123.020256,27823183580.703934,24.049135451894664,-22509170821.283997,-0.8090077383126877,0.8090077383126877
2024-09-30,Primary Market Tokens,6477,31802630493.155792,2768949379.62818,0.0,31802630493.155792,2768949379.62818,34571579872.78397,24.26629779055262,29033681113.52761,0.8398135468603215,-0.8398135468603215
2024-09-30,Other / Unknown,303,995347230.2379698,2592177261.8233805,97898638.63500997,897448591.6029598,2494278623.1883707,3587524492.0613503,22.00072824534302,-1596830031.5854106,-0.4451063777038886,0.4451063777038886
2024-10-07,Asset Management,1012,1687240140.1721776,1127071893.7502208,249594306.01874968,1437645834.1534278,877477587.7314711,2814312033.9223986,21.7579836761018,560168246.4219568,0.1990426930880269,-0.1990426930880269
2024-10-07,"Infrastructure, Services & Financial Products",639,2507910798.6612153,3253033567.4166937,326258024.3862999,2181652774.274915,2926775543.0303936,5760944366.077909,22.474367250833144,-745122768.7554784,-0.1293403861254024,0.1293403861254024
2024-10-07,"Lending, Borrowing & Real World Assets",668,2713459500.7693405,8018530209.335076,336464832.27323,2376994668.4961104,7682065377.061847,10731989710.104416,23.096494810797477,-5305070708.565736,-0.4943231266398708,0.4943231266398708
2024-10-07,Privacy & Security,16,16555131.69959001,16830897.469899993,8385892.764759995,8169238.9348300155,8445004.705139998,33386029.169490002,17.323648112053984,-275765.7703099828,-0.008259915215134144,0.008259915215134144
2024-10-07,Trading & Exchanges,1787,4497638434.385891,3069704641.389769,325632441.95114994,4172005992.434741,2744072199.438619,7567343075.77566,22.74710786217678,1427933792.996122,0.1886968489068744,-0.1886968489068744
2024-10-07,Primary Market Tokens,6470,10317172256.340113,6886704934.988117,0.0,10317172256.340113,6886704934.988117,17203877191.32823,23.568400613521582,3430467321.3519955,0.19940082594179137,-0.19940082594179137
2024-10-07,Other / Unknown,324,1548884408.0297601,916984525.7083093,77130898.31862003,1471753509.7111402,839853627.3896892,2465868933.7380695,21.625810091345887,631899882.3214508,0.2562585033112602,-0.2562585033112602
2024-10-14,Asset Management,1011,4815218100.193478,1934382079.9045906,340420680.98369,4474797419.209787,1593961398.9209006,6749600180.098068,22.632749107646625,2880836020.288887,0.4268158029246452,-0.4268158029246452
2024-10-14,"Infrastructure, Services & Financial Products",636,3797980947.2785506,12913828740.934889,1067366948.262649,2730613999.0159016,11846461792.67224,16711809688.21344,23.539381473463113,-9115847793.656338,-0.5454734085492604,0.5454734085492604
2024-10-14,"Lending, Borrowing & Real World Assets",665,4482123004.228606,1845986382.2969007,350951250.1884701,4131171754.0401363,1495035132.1084306,6328109386.525507,22.568267353533773,2636136621.9317055,0.416575703881613,-0.416575703881613
2024-10-14,Privacy & Security,16,72151058.10015,9878317.971450003,4380298.570600003,67770759.52955,5498019.40085,82029376.0716,18.222587998040552,62272740.1287,0.7591516979764023,-0.7591516979764023
2024-10-14,Trading & Exchanges,1781,16741994897.86901,4148753277.056072,646390261.0422434,16095604636.826767,3502363016.0138288,20890748174.925083,23.76257222690107,12593241620.812939,0.6028142944123206,-0.6028142944123206
2024-10-14,Primary Market Tokens,6450,5092736114.27136,15712606673.551281,0.0,5092736114.27136,15712606673.551281,20805342787.82264,23.7584756555168,-10619870559.27992,-0.5104395860036359,0.5104395860036359
2024-10-14,Other / Unknown,339,2644439806.5854387,1081208456.8114104,106341817.81449002,2538097988.770949,974866638.9969203,3725648263.396849,22.03850670434691,1563231349.7740283,0.4195864019510947,-0.4195864019510947
2024-10-21,Asset Management,1009,2827737573.52071,5021567647.369819,311327883.3426595,2516409690.1780505,4710239764.027159,7849305220.890529,22.783690858058236,-2193830073.8491087,-0.2794935363209397,0.2794935363209397
2024-10-21,"Infrastructure, Services & Financial Products",634,4156280070.405787,5360856096.649531,695062854.3448195,3461217216.0609674,4665793242.304712,9517136167.055319,22.976359817810202,-1204576026.2437444,-0.12656917008432908,0.12656917008432908
2024-10-21,"Lending, Borrowing & Real World Assets",663,3045111312.1720905,5557734265.91883,823924465.6417298,2221186846.5303607,4733809800.2771,8602845578.09092,22.875358866766373,-2512622953.7467394,-0.29206881966423975,0.29206881966423975
2024-10-21,Privacy & Security,16,7483727.911690005,34536917.22400998,2179819.569860004,5303908.341830001,32357097.65414998,42020645.13569999,17.553671630123922,-27053189.31231998,-0.6438070911323557,0.6438070911323557
2024-10-21,Trading & Exchanges,1781,3155753183.7523165,10468945572.214895,836662216.939921,2319090966.8123956,9632283355.274975,13624698755.967213,23.33515006767091,-7313192388.462579,-0.5367599327845409,0.5367599327845409
2024-10-21,Primary Market Tokens,6454,18765360628.980988,3228991901.186297,0.0,18765360628.980988,3228991901.186297,21994352530.167286,23.81405155422208,15536368727.794691,0.7063799085008357,-0.7063799085008357
2024-10-21,Other / Unknown,372,1210342344.9586096,3495436441.138809,51762991.99871003,1158579352.9598997,3443673449.140099,4705778786.097419,22.272057119580104,-2285094096.1801996,-0.48559318235085724,0.48559318235085724
2024-10-28,Asset Management,1008,1303645959.567099,1695297404.8153405,163439339.73699006,1140206619.8301091,1531858065.0783505,2998943364.3824396,21.82152585203428,-391651445.2482414,-0.13059647937996077,0.13059647937996077
2024-10-28,"Infrastructure, Services & Financial Products",635,3465221001.062089,4551855955.155935,540616260.7467903,2924604740.3152986,4011239694.409145,8017076956.218024,22.804839723214993,-1086634954.0938463,-0.13554004283956075,0.13554004283956075
2024-10-28,"Lending, Borrowing & Real World Assets",665,2485926741.7716923,2636937869.093748,461621955.2100199,2024304786.5616724,2175315913.883728,5122864610.86544,22.3569796140441,-151011127.32205582,-0.029477868105623133,0.029477868105623133
2024-10-28,Privacy & Security,16,2897577.504809997,18189463.316109955,1967428.271619998,930149.2331899991,16222035.044489957,21087040.820919953,16.86416927808022,-15291885.811299957,-0.7251793146873998,0.7251793146873998
2024-10-28,Trading & Exchanges,1784,4214516769.31815,7038485068.475648,578990055.3303015,3635526713.9878483,6459495013.145347,11253001837.793798,23.14390076011902,-2823968299.157498,-0.25095244272270995,0.25095244272270995
2024-10-28,Primary Market Tokens,6438,8356274784.876663,4235380754.877102,0.0,8356274784.876663,4235380754.877102,12591655539.753765,23.256300172843368,4120894029.9995613,0.3272718203725693,-0.3272718203725693
2024-10-28,Other / Unknown,398,1479688366.4319003,1132024684.7985198,85676939.56785995,1394011426.8640404,1046347745.23066,2611713051.23042,21.683272184833637,347663681.6333804,0.1331171054452519,-0.1331171054452519
2024-11-04,Asset Management,1011,14525257841.744967,7564410427.105138,812917967.2426307,13712339874.502337,6751492459.862507,22089668268.850105,23.81837583705654,6960847414.639829,0.31511778854803874,-0.31511778854803874
2024-11-04,"Infrastructure, Services & Financial Products",635,10208449979.654112,28829333187.59291,1965950905.2948475,8242499074.359264,26863382282.298065,39037783167.247025,24.387795813278824,-18620883207.938797,-0.47699643005245873,0.47699643005245873
2024-11-04,"Lending, Borrowing & Real World Assets",664,19084178522.512295,2814108638.7115216,1156382366.159941,17927796156.352352,1657726272.5515807,21898287161.223816,23.809674258939566,16270069883.800774,0.7429836755730761,-0.7429836755730761
2024-11-04,Privacy & Security,16,153443530.68179992,26057662.463820003,21779501.131900005,131664029.5498999,4278161.331919998,179501193.14561993,19.005692418492316,127385868.21797991,0.7096658578455154,-0.7096658578455154
2024-11-04,Trading & Exchanges,1778,48578787653.89744,4725354931.827314,3009571976.5073757,45569215677.39006,1715782955.3199387,53304142585.724754,24.699279887175393,43853432722.07012,0.8227021502417787,-0.8227021502417787
2024-11-04,Primary Market Tokens,6432,2449298617.9735103,54137765611.74033,0.0,2449298617.9735103,54137765611.74033,56587064229.713844,24.75904624887413,-51688466993.76682,-0.9134325609107183,0.9134325609107183
2024-11-04,Other / Unknown,417,6135341413.848512,3037727100.8715897,298975650.62517995,5836365763.223331,2738751450.24641,9173068514.7201,22.939537692727633,3097614312.976922,0.337685727301192,-0.337685727301192
2024-11-11,Asset Management,1012,2710411283.128331,2795944839.420725,293202858.8417701,2417208424.286561,2502741980.5789547,5506356122.549056,22.429168920752307,-85533556.29239368,-0.015533604145602856,0.015533604145602856
2024-11-11,"Infrastructure, Services & Financial Products",634,4326026814.914889,20255366305.782776,851934843.4795598,3474091971.4353294,19403431462.303215,24581393120.697666,23.925255616520435,-15929339490.867886,-0.648024276437583,0.648024276437583
2024-11-11,"Lending, Borrowing & Real World Assets",668,7473691394.985381,5247890123.453113,813033949.7053095,6660657445.280071,4434856173.747803,12721581518.438494,23.266565720418836,2225801271.5322685,0.17496262302813698,-0.17496262302813698
2024-11-11,Privacy & Security,16,25502663.951739997,48795800.81963998,20394976.238619998,5107687.713119999,28400824.581019983,74298464.77137998,18.123600860368196,-23293136.867899984,-0.3135076470230456,0.3135076470230456
2024-11-11,Trading & Exchanges,1779,31814394945.535465,5343007792.400032,1029742459.8532584,30784652485.682205,4313265332.546774,37157402737.9355,24.33842885444869,26471387153.135433,0.712412203291855,-0.712412203291855
2024-11-11,Primary Market Tokens,6488,9543930027.364157,23066929325.706768,0.0,9543930027.364157,23066929325.706768,32610859353.070923,24.20791117887116,-13522999298.342611,-0.41467779649508585,0.41467779649508585
2024-11-11,Other / Unknown,446,3868816539.1509004,3004839481.44781,461491832.14461017,3407324707.0062904,2543347649.3032,6873656020.598711,22.65096197362136,863977057.7030902,0.1256939618616289,-0.1256939618616289
2024-11-18,Asset Management,1011,7966398942.2982855,6476751149.774977,579700223.5107293,7386698718.787556,5897050926.264248,14443150092.073261,23.39348609710957,1489647792.5233088,0.10313870471656057,-0.10313870471656057
2024-11-18,"Infrastructure, Services & Financial Products",635,7384028600.552579,17522682192.330933,1443080726.970991,5940947873.581588,16079601465.359941,24906710792.88351,23.93840311390035,-10138653591.778355,-0.40706513501876085,0.40706513501876085
2024-11-18,"Lending, Borrowing & Real World Assets",668,14472540400.49286,3947369123.0151396,1304451477.4359798,13168088923.05688,2642917645.5791597,18419909523.508,23.636697955954126,10525171277.477722,0.5714018988011427,-0.5714018988011427
2024-11-18,Privacy & Security,16,69465927.71817002,3280305.7996300003,2805415.3426200002,66660512.37555002,474890.45701,72746233.51780002,18.102487703470825,66185621.918540016,0.9098151026931902,-0.9098151026931902
2024-11-18,Trading & Exchanges,1781,30950088156.76004,4977776693.606725,1443014359.2037537,29507073797.556286,3534762334.4029713,35927864850.36677,24.304779011072768,25972311463.153316,0.7229016133111005,-0.7229016133111005
2024-11-18,Primary Market Tokens,6528,6268866762.731519,35595446560.70916,0.0,6268866762.731519,35595446560.70916,41864313323.44068,24.45769959032905,-29326579797.977642,-0.7005150083653012,0.7005150083653012
2024-11-18,Other / Unknown,476,5110717530.925442,3698800296.242331,532801524.4505,4577916006.474941,3165998771.791831,8809517827.167772,22.899098545336344,1411917234.6831107,0.1602717949362544,-0.1602717949362544
2024-11-25,Asset Management,1013,8009717619.6258745,6632529103.74141,853590706.1128807,7156126913.512994,5778938397.62853,14642246723.367285,23.407176798484247,1377188515.8844643,0.09405581956808821,-0.09405581956808821
2024-11-25,"Infrastructure, Services & Financial Products",634,11633356523.973608,4273791774.91423,997980040.0724398,10635376483.901169,3275811734.84179,15907148298.887838,23.490034423751712,7359564749.059378,0.4626577065088359,-0.4626577065088359
2024-11-25,"Lending, Borrowing & Real World Assets",666,12651686631.848866,3474400411.7986507,835254770.7107992,11816431861.138065,2639145641.0878515,16126087043.647516,23.5037041109776,9177286220.050215,0.5690956643859482,-0.5690956643859482
2024-11-25,Privacy & Security,16,67070221.51914001,20797046.525719997,15204061.467059992,51866160.05208002,5592985.058660004,87867268.04486,18.29133792749502,46273174.99342002,0.5266258530969187,-0.5266258530969187
2024-11-25,Trading & Exchanges,1776,16018320284.316193,9259310424.895163,1670999883.634251,14347320400.681942,7588310541.260912,25277630709.211357,23.953185679926698,6759009859.42103,0.2673909567385996,-0.2673909567385996
2024-11-25,Primary Market Tokens,6456,4860057093.1939335,31253704185.24722,0.0,4860057093.1939335,31253704185.24722,36113761278.441154,24.3099398285239,-26393647092.053284,-0.7308473600563314,0.7308473600563314
2024-11-25,Other / Unknown,513,4437420610.191958,2763096037.547179,423982457.20133,4013438152.9906282,2339113580.345849,7200516647.739138,22.69741861716335,1674324572.6447792,0.2325283940799573,-0.2325283940799573
2024-12-02,Asset Management,1012,7022161376.478771,5504515822.4498825,936756565.0859803,6085404811.392791,4567759257.363902,12526677198.928654,23.251126383130376,1517645554.0288887,0.12115308233205575,-0.12115308233205575
2024-12-02,"Infrastructure, Services & Financial Products",633,5861151624.757973,13381720046.483622,1450346016.0502307,4410805608.707742,11931374030.433392,19242871671.241592,23.680406526360517,-7520568421.725649,-0.39082360212198025,0.39082360212198025
2024-12-02,"Lending, Borrowing & Real World Assets",666,15401804629.963726,6166754779.94623,1701920247.0958304,13699884382.867895,4464834532.850399,21568559409.909958,23.79450250841849,9235049850.017496,0.428171843770629,-0.428171843770629
2024-12-02,Privacy & Security,16,54662628.60357997,10651527.23689,2165715.238079995,52496913.36549997,8485811.998810004,65314155.84046997,17.994719367694007,44011101.366689965,0.6738371000949199,-0.6738371000949199
2024-12-02,Trading & Exchanges,1776,32056878598.20775,5870215558.276008,2335939946.531716,29720938651.676033,3534275611.744292,37927094156.48376,24.358931579047663,26186663039.93174,0.6904473865540012,-0.6904473865540012
2024-12-02,Primary Market Tokens,6495,5301207527.78122,34194777582.281975,0.0,5301207527.78122,34194777582.281975,39495985110.063194,24.39946486092962,-28893570054.500755,-0.731557143694055,0.731557143694055
2024-12-02,Other / Unknown,535,4314286038.110818,4883517107.229233,258532123.4600502,4055753914.650768,4624984983.769182,9197803145.34005,22.942230504045607,-569231069.1184149,-0.06188772037449057,0.06188772037449057
2024-12-09,Asset Management,1010,4101989328.8436613,5267192710.502724,634927825.7029912,3467061503.14067,4632264884.799732,9369182039.346386,22.960691633798895,-1165203381.6590624,-0.12436553978412714,0.12436553978412714
2024-12-09,"Infrastructure, Services & Financial Products",634,7583404432.843981,11255569191.37944,1548345827.7995598,6035058605.044421,9707223363.57988,18838973624.22342,23.659193626119297,-3672164758.5354595,-0.19492382291006224,0.19492382291006224
2024-12-09,"Lending, Borrowing & Real World Assets",667,6751616460.597751,5968884888.592458,1485114473.229891,5266501987.36786,4483770415.362567,12720501349.190208,23.266480808404793,782731572.0052929,0.06153307566412246,-0.06153307566412246
2024-12-09,Privacy & Security,16,28935089.366869986,46750227.71618005,15990180.088959992,12944909.277909994,30760047.627220057,75685317.08305004,18.14209475089244,-17815138.349310063,-0.23538433920758214,0.23538433920758214
2024-12-09,Trading & Exchanges,1775,13246376914.543713,15071412084.6693,2166335178.596407,11080041735.947306,12905076906.072893,28317788999.213013,24.066756030697775,-1825035170.1255875,-0.06444836389508755,0.06444836389508755
2024-12-09,Primary Market Tokens,6470,17169886374.968834,14162807123.341549,0.0,17169886374.968834,14162807123.341549,31332693498.310383,24.167927910105035,3007079251.627285,0.09597257419919682,-0.09597257419919682
2024-12-09,Other / Unknown,560,5553291713.49382,2662884088.4569793,230675184.90396005,5322616528.58986,2432208903.553019,8216175801.9508,22.82937070697651,2890407625.036841,0.35179476373309343,-0.35179476373309343
2024-12-16,Asset Management,1009,9336842101.077234,14015749371.315388,1343553783.9672704,7993288317.109964,12672195587.348118,23352591472.392624,23.87397379877427,-4678907270.238153,-0.20035923104164033,0.20035923104164033
2024-12-16,"Infrastructure, Services & Financial Products",635,23794767154.369415,13142881738.044197,2672504079.047333,21122263075.322083,10470377658.996864,36937648892.41361,24.332497163059966,10651885416.325218,0.28837475409846514,-0.28837475409846514
2024-12-16,"Lending, Borrowing & Real World Assets",665,6326372746.114436,21548560996.944744,1585039142.8513002,4741333603.263136,19963521854.093445,27874933743.05918,24.05099368982913,-15222188250.830307,-0.5460887688969166,0.5460887688969166
2024-12-16,Privacy & Security,16,28079688.577699997,152821324.27213997,19975281.81386,8104406.763839997,132846042.45827997,180901012.84983996,19.013460554826544,-124741635.69443998,-0.6895574199906993,0.6895574199906993
2024-12-16,Trading & Exchanges,1771,9498820649.234045,44448547037.601585,3278564829.50012,6220255819.733925,41169982208.10146,53947367686.83563,24.71127473576114,-34949726388.36754,-0.6478485955283423,0.6478485955283423
2024-12-16,Primary Market Tokens,6450,53696177466.94852,8097197529.57046,0.0,53696177466.94852,8097197529.57046,61793374996.518974,24.847061994976258,45598979937.37806,0.73792667806131,-0.73792667806131
2024-12-16,Other / Unknown,599,5566065706.44235,6841367515.015183,636177993.2082304,4929887713.23412,6205189521.806953,12407433221.457535,23.241561583380964,-1275301808.572833,-0.10278530505143592,0.10278530505143592
2024-12-23,Asset Management,1007,4246485558.2354884,3088793964.53497,567209954.0743505,3679275604.161138,2521584010.4606194,7335279522.770458,22.71596135603209,1157691593.7005186,0.1578251503718117,-0.1578251503718117
2024-12-23,"Infrastructure, Services & Financial Products",634,5639761662.113145,4631841013.915017,436358234.4966305,5203403427.616514,4195482779.4183865,10271602676.028162,23.05264890295006,1007920648.1981277,0.09812691164061575,-0.09812691164061575
2024-12-23,"Lending, Borrowing & Real World Assets",666,7518433441.416347,3772934227.7353015,691792098.6438504,6826641342.772496,3081142129.091451,11291367669.151648,23.147304347731417,3745499213.681045,0.3317135110137154,-0.3317135110137154
2024-12-23,Privacy & Security,16,30734468.284899935,3652306.3013000013,670371.7982800007,30064096.486619934,2981934.5030200006,34386774.58619994,17.353182617797504,27082161.983599935,0.7875749415145356,-0.7875749415145356
2024-12-23,Trading & Exchanges,1770,14201642322.056017,6391561095.496565,605225108.8443601,13596417213.211657,5786335986.6522045,20593203417.55258,23.74822692716447,7810081226.559452,0.3792552847752935,-0.3792552847752935
2024-12-23,Primary Market Tokens,6389,7521940794.435454,21920015770.537956,0.0,7521940794.435454,21920015770.537956,29441956564.97341,24.105686588040786,-14398074976.1025,-0.4890325459290855,0.4890325459290855
2024-12-23,Other / Unknown,617,3196475886.1963873,2546675754.2166295,481083454.68932986,2715392431.507057,2065592299.5272996,5743151640.413017,22.471273963044318,649800131.9797578,0.11314347463982817,-0.11314347463982817
2024-12-30,Asset Management,1008,7564672070.938,2808271671.8592496,360482777.35543,7204189293.58257,2447788894.5038195,10372943742.797249,23.06246669005133,4756400399.078751,0.45853911069184133,-0.45853911069184133
2024-12-30,"Infrastructure, Services & Financial Products",632,4891098222.334777,14948980834.159588,1023827706.2484199,3867270516.086357,13925153127.911167,19840079056.494366,23.71096992354794,-10057882611.82481,-0.5069477083828708,0.5069477083828708
2024-12-30,"Lending, Borrowing & Real World Assets",664,8704838773.216057,2640486428.809769,699786014.5827292,8005052758.6333275,1940700414.2270398,11345325202.025826,23.152071619644058,6064352344.406288,0.5345243293090828,-0.5345243293090828
2024-12-30,Privacy & Security,16,82001960.00257994,3849528.249499994,482454.77847999334,81519505.22409995,3367073.4710200005,85851488.25207993,18.26812949229859,78152431.75307995,0.9103212226630975,-0.9103212226630975
2024-12-30,Trading & Exchanges,1770,23558223062.483875,4531130625.580825,1278808551.1707997,22279414511.313076,3252322074.410025,28089353688.0647,24.0586564692206,19027092436.90305,0.6773773668202181,-0.6773773668202181
2024-12-30,Primary Market Tokens,6388,5448179224.768575,25762251985.556496,0.0,5448179224.768575,25762251985.556496,31210431210.32507,24.16401820958111,-20314072760.78792,-0.6508744664209445,0.6508744664209445
2024-12-30,Other / Unknown,627,4427633409.030001,3981675648.558439,414369158.09055996,4013264250.9394407,3567306490.467879,8409309057.58844,22.85260515043234,445957760.4715619,0.05303143901806487,-0.05303143901806487
2025-01-06,Asset Management,1012,5694650638.844221,8451947334.614343,804396718.2648594,4890253920.579362,7647550616.3494835,14146597973.458565,23.372740006295416,-2757296695.7701216,-0.19490881842710744,0.19490881842710744
2025-01-06,"Infrastructure, Services & Financial Products",630,15595796975.739136,7448101254.352929,1353160054.23773,14242636921.501406,6094941200.115199,23043898230.092064,23.860666852520218,8147695721.386207,0.3535728043941138,-0.3535728043941138
2025-01-06,"Lending, Borrowing & Real World Assets",662,3769376331.0515904,13146951921.127699,1213179540.7021308,2556196790.3494596,11933772380.425568,16916328252.179289,23.55154516126193,-9377575590.076109,-0.5543505334183864,0.5543505334183864
2025-01-06,Privacy & Security,16,17027365.864240002,108173013.07991004,15176729.837400004,1850636.0268399976,92996283.24251004,125200378.94415005,18.64542605132335,-91145647.21567003,-0.7279981736822754,0.7279981736822754
2025-01-06,Trading & Exchanges,1769,7969257138.648663,28394672267.34193,3270170527.2899313,4699086611.358731,25124501740.052,36363929405.99059,24.316843169915792,-20425415128.693268,-0.5616943895322926,0.5616943895322926
2025-01-06,Primary Market Tokens,6340,31367438627.1461,6110240733.83648,0.0,31367438627.1461,6110240733.83648,37477679360.98258,24.347011375697008,25257197893.30962,0.6739264096379588,-0.6739264096379588
2025-01-06,Other / Unknown,659,3600316670.79214,4353777223.7328005,307436626.2898302,3292880044.50231,4046340597.4429703,7954093894.5249405,22.796952588480558,-753460552.9406605,-0.09472613259686206,0.09472613259686206
2025-01-13,Asset Management,1010,5586243351.350101,2419288714.2868,212481751.4518599,5373761599.898242,2206806962.83494,8005532065.636902,22.80339864797414,3166954637.0633016,0.3955957719109262,-0.3955957719109262
2025-01-13,"Infrastructure, Services & Financial Products",631,4314697088.677084,27950781969.787064,1352411214.1021206,2962285874.5749636,26598370755.684944,32265479058.46415,24.197263735875133,-23636084881.109978,-0.7325502540434019,0.7325502540434019
2025-01-13,"Lending, Borrowing & Real World Assets",661,8136906996.032366,2799990475.1062117,917806031.00851,7219100965.023856,1882184444.0977015,10936897471.138577,23.115407998851115,5336916520.926154,0.48797353500019225,-0.48797353500019225
2025-01-13,Privacy & Security,16,16549246.72251003,9238236.936550003,5375810.849959999,11173435.872550031,3862426.086590003,25787483.65906003,17.065399841463165,7311009.785960028,0.28351001139234533,-0.28351001139234533
2025-01-13,Trading & Exchanges,1768,33677946708.470787,4491042618.962042,894469340.0731009,32783477368.397686,3596573278.888941,38168989327.43283,24.36528922518776,29186904089.508743,0.7646758429763169,-0.7646758429763169
2025-01-13,Primary Market Tokens,6338,4656237597.36127,20908674695.26206,0.0,4656237597.36127,20908674695.26206,25564912292.62333,23.96448663475171,-16252437097.900787,-0.635732167271717,0.635732167271717
2025-01-13,Other / Unknown,680,5830496900.829315,3640061179.10271,475349428.05521995,5355147472.774096,3164711751.0474896,9470558079.932026,22.971453673868623,2190435721.7266054,0.2312889803577792,-0.2312889803577792
2025-01-20,Asset Management,1010,3945688601.085718,1960149695.2313805,330193967.13141036,3615494633.9543076,1629955728.09997,5905838296.317099,22.49920724050238,1985538905.8543377,0.3361993346638913,-0.3361993346638913
2025-01-20,"Infrastructure, Services & Financial Products",632,3828111976.1281433,11116854857.509842,590386060.1546212,3237725915.973522,10526468797.35522,14944966833.637985,23.42764041351879,-7288742881.381699,-0.48770552404146306,0.48770552404146306
2025-01-20,"Lending, Borrowing & Real World Assets",661,6244958907.522186,2820134508.119009,843209164.067589,5401749743.454597,1976925344.05142,9065093415.641195,22.92769698630048,3424824399.4031773,0.37780354182493897,-0.37780354182493897
2025-01-20,Privacy & Security,16,22769409.055869978,7968272.854340007,4318334.489300013,18451074.566569965,3649938.365039994,30737681.910209984,17.240999916207382,14801136.201529972,0.4815306581923327,-0.4815306581923327
2025-01-20,Trading & Exchanges,1774,16910893115.322638,5763238241.565981,814452331.7517326,16096440783.570906,4948785909.814248,22674131356.88862,23.844490523851693,11147654873.756657,0.4916463920180074,-0.4916463920180074
2025-01-20,Primary Market Tokens,6404,6968958982.256379,17261333493.721004,0.0,6968958982.256379,17261333493.721004,24230292475.977383,23.910869442563627,-10292374511.464626,-0.42477302003963785,0.42477302003963785
2025-01-20,Other / Unknown,701,3638685199.282002,2630387121.651379,348907557.2354201,3289777642.0465817,2281479564.415959,6269072320.933381,22.558894225610267,1008298077.6306229,0.16083688718405162,-0.16083688718405162
2025-01-27,Asset Management,1007,1798320841.5147994,3961802996.9911585,252495469.61164984,1545825371.9031496,3709307527.3795085,5760123838.505958,22.47422481133732,-2163482155.4763594,-0.37559646565472393,0.37559646565472393
2025-01-27,"Infrastructure, Services & Financial Products",631,4969084300.131322,4574921107.337534,683067439.9899008,4286016860.1414213,3891853667.3476334,9544005407.468857,22.979179088429717,394163192.79378796,0.04129955673383499,-0.04129955673383499
2025-01-27,"Lending, Borrowing & Real World Assets",663,3171296936.0073295,4603265726.2914295,771913618.8940803,2399383317.1132493,3831352107.3973494,7774562662.298759,22.774123044336264,-1431968790.2841,-0.18418641053961224,0.18418641053961224
2025-01-27,Privacy & Security,16,9011604.257919995,11829611.920889948,1962927.2719599977,7048676.985959997,9866684.64892995,20841216.17880994,16.852443179036875,-2818007.6629699524,-0.13521320631159367,0.13521320631159367
2025-01-27,Trading & Exchanges,1771,5553221113.495118,8881604222.175924,775071101.4280624,4778150012.067056,8106533120.747862,14434825335.671043,23.392909549999953,-3328383108.680806,-0.23058007501176853,0.23058007501176853
2025-01-27,Primary Market Tokens,6359,12809441136.184586,6914159227.067687,0.0,12809441136.184586,6914159227.067687,19723600363.252274,23.705081743708394,5895281909.116899,0.29889481638963866,-0.29889481638963866
2025-01-27,Other / Unknown,743,4625826000.461368,3988619040.2678185,649825201.1986902,3976000799.262677,3338793839.069128,8614445040.729187,22.876706287176315,637206960.1935492,0.07396958912394565,-0.07396958912394565
2025-02-03,Asset Management,1004,2211752402.5074906,4250282771.1533737,397763868.0828703,1813988534.4246204,3852518903.070503,6462035173.660864,22.58921014764261,-2038530368.645883,-0.3154625924901949,0.3154625924901949
2025-02-03,"Infrastructure, Services & Financial Products",632,3674925898.1684575,7102168824.404312,404295907.09318984,3270629991.075268,6697872917.311122,10777094722.57277,23.10068885994187,-3427242926.2358546,-0.3180117661077478,0.3180117661077478
2025-02-03,"Lending, Borrowing & Real World Assets",658,4633833630.451765,4848546932.931336,570893383.078969,4062940247.372796,4277653549.8523674,9482380563.383102,22.972701236075803,-214713302.47957134,-0.022643396459819623,0.022643396459819623
2025-02-03,Privacy & Security,16,6633164.442210029,14983403.999720015,2564708.117559999,4068456.3246500297,12418695.882160015,21616568.441930044,16.888970682373717,-8350239.557509986,-0.38628885893437537,0.38628885893437537
2025-02-03,Trading & Exchanges,1761,13687101768.488321,8495032951.0399885,568638494.0413405,13118463274.446981,7926394456.998648,22182134719.52831,23.822553059527177,5192068817.448333,0.23406533605070176,-0.23406533605070176
2025-02-03,Primary Market Tokens,6382,14504254196.288366,12996897732.867958,0.0,14504254196.288366,12996897732.867958,27501151929.156326,24.037493729110963,1507356463.4204082,0.05481066637875378,-0.05481066637875378
2025-02-03,Other / Unknown,784,2275438712.3833127,3286027156.3332367,489969095.4550404,1785469616.9282722,2796058060.8781962,5561465868.716549,22.439127556092973,-1010588443.949924,-0.18171260380010984,0.18171260380010984
2025-02-10,Asset Management,1005,1850786161.2928293,2027376984.2477717,197341367.9955799,1653444793.2972493,1830035616.2521918,3878163145.540601,22.07862746264488,-176590822.95494246,-0.04553465553866646,0.04553465553866646
2025-02-10,"Infrastructure, Services & Financial Products",630,3420956908.122242,4296193074.303114,453125625.9061196,2967831282.2161226,3843067448.3969946,7717149982.425356,22.76671095969049,-875236166.180872,-0.11341442996107244,0.11341442996107244
2025-02-10,"Lending, Borrowing & Real World Assets",657,4966369014.403226,2275943923.0170393,551461801.0558301,4414907213.347396,1724482121.9612093,7242312937.420265,22.70320645895807,2690425091.3861866,0.37148699795683293,-0.37148699795683293
2025-02-10,Privacy & Security,16,27511335.048029985,14180951.192610007,5660565.243160002,21850769.804869983,8520385.949450005,41692286.24063999,17.545826711404107,13330383.855419978,0.3197326186067016,-0.3197326186067016
2025-02-10,Trading & Exchanges,1762,9533335325.971706,6364651655.909032,428016794.0994715,9105318531.872234,5936634861.809561,15897986981.880737,23.489458333307258,3168683670.0626745,0.1993135152063018,-0.1993135152063018
2025-02-10,Primary Market Tokens,6320,7423311677.551722,12697771657.690327,0.0,7423311677.551722,12697771657.690327,20121083335.24205,23.72503402447803,-5274459980.138605,-0.2621359840451729,0.2621359840451729
2025-02-10,Other / Unknown,814,4479870624.34802,4026022800.3778806,1596150410.8481693,2883720213.4998503,2429872389.5297112,8505893424.725901,22.864025104393683,453847823.970139,0.053356866975412885,-0.053356866975412885
2025-02-17,Asset Management,1004,3362081611.386132,2983123608.203562,328680824.79555076,3033400786.590581,2654442783.408011,6345205219.589693,22.570965281260275,378958003.18257,0.05972352194576852,-0.05972352194576852
2025-02-17,"Infrastructure, Services & Financial Products",629,5706205450.781638,3592232514.51355,428889343.70302016,5277316107.078618,3163343170.8105297,9298437965.295189,22.953112262385236,2113972936.2680883,0.22734710326165822,-0.22734710326165822
2025-02-17,"Lending, Borrowing & Real World Assets",658,4994914073.779551,3342234587.7994804,417101706.7288002,4577812367.050751,2925132881.07068,8337148661.579031,22.843987107879457,1652679485.98007,0.1982307804581066,-0.1982307804581066
2025-02-17,Privacy & Security,16,32150716.05502999,5418151.434960005,2698064.069260001,29452651.985769987,2720087.3657000037,37568867.489989996,17.44168629971546,26732564.620069984,0.711561630842152,-0.711561630842152
2025-02-17,Trading & Exchanges,1761,7509815818.500001,10999029880.564095,438151779.89390945,7071664038.6060915,10560878100.670185,18508845699.064095,23.641514600704753,-3489214062.0640936,-0.18851602735229062,0.18851602735229062
2025-02-17,Primary Market Tokens,6292,9896859870.526577,12249507266.44626,0.0,9896859870.526577,12249507266.44626,22146367136.97284,23.820939308156476,-2352647395.9196835,-0.10623175265581117,0.10623175265581117
2025-02-17,Other / Unknown,843,5433608762.139611,3764090294.2066317,1267666497.9249508,4165942264.2146606,2496423796.281681,9197699056.346243,22.942219187258203,1669518467.9329796,0.18151479600553386,-0.18151479600553386
2025-02-24,Asset Management,1005,6062347972.706582,11586083397.664608,467787553.31986934,5594560419.386713,11118295844.344738,17648431370.37119,23.593912742232902,-5523735424.958026,-0.3129873306605293,0.3129873306605293
2025-02-24,"Infrastructure, Services & Financial Products",628,21892297652.151253,7380601332.713036,1263486614.8691506,20628811037.2821,6117114717.843885,29272898984.86429,24.099927975651976,14511696319.438217,0.4957382706421243,-0.4957382706421243
2025-02-24,"Lending, Borrowing & Real World Assets",659,2522364785.9668093,16967392296.362001,833623346.4743599,1688741439.4924493,16133768949.887642,19489757082.32881,23.6931548867314,-14445027510.395191,-0.7411599564518107,0.7411599564518107
2025-02-24,Privacy & Security,16,12659982.832360009,132184539.69897,10662767.522100009,1997215.3102599997,121521772.17686999,144844522.53133002,18.79117147360387,-119524556.86660999,-0.8251921079083726,0.8251921079083726
2025-02-24,Trading & Exchanges,1758,4510939165.574883,32089340795.638172,1002619476.8259228,3508319688.7489605,31086721318.81225,36600279961.21306,24.323321726565272,-27578401630.06329,-0.7535024775572576,0.7535024775572576
2025-02-24,Primary Market Tokens,6254,43242820893.551,4177894896.8741693,0.0,43242820893.551,4177894896.8741693,47420715790.42517,24.58232501218559,39064925996.676834,0.8237945240920325,-0.8237945240920325
2025-02-24,Other / Unknown,859,4231052358.0534363,10140985551.885368,1339061333.0121293,2891991025.041307,8801924218.87324,14372037909.938805,23.388550344027408,-5909933193.831932,-0.41121052079503567,0.41121052079503567
2025-03-03,Asset Management,1003,4351538707.118394,7677300917.317236,381975150.09238946,3969563557.0260043,7295325767.224847,12028839624.43563,23.21057290554223,-3325762210.198842,-0.27648238018260884,0.27648238018260884
2025-03-03,"Infrastructure, Services & Financial Products",625,19977974420.039875,6694435131.446272,1180796329.588789,18797178090.451088,5513638801.857483,26672409551.486145,24.006895517984162,13283539288.593603,0.4980254694631991,-0.4980254694631991
2025-03-03,"Lending, Borrowing & Real World Assets",657,2841910916.596249,11405933649.139967,685298286.5128102,2156612630.083439,10720635362.627157,14247844565.736216,23.379871473745702,-8564022732.543718,-0.6010749691317395,0.6010749691317395
2025-03-03,Privacy & Security,16,10188575.461749997,85363633.44425997,8573837.228539996,1614738.2332100011,76789796.21571997,95552208.90600997,18.375183356651128,-75175057.98250997,-0.7867432772428735,0.7867432772428735
2025-03-03,Trading & Exchanges,1753,3256321998.8879027,34477684293.84238,955994607.0732515,2300327391.8146515,33521689686.769127,37734006292.73028,24.353827548527843,-31221362294.954475,-0.8274065057589576,0.8274065057589576
2025-03-03,Primary Market Tokens,6170,36723866906.50217,3868298307.5568523,0.0,36723866906.50217,3868298307.5568523,40592165214.05902,24.426840909933482,32855568598.945312,0.8094066533697948,-0.8094066533697948
2025-03-03,Other / Unknown,882,4884938788.447311,7837724380.306688,1676346840.9492512,3208591947.49806,6161377539.357437,12722663168.754,23.266650741635175,-2952785591.859377,-0.23208863998783041,0.23208863998783041
2025-03-10,Asset Management,1001,2165590706.459652,3011062525.0051994,171681079.53765002,1993909626.9220018,2839381445.4675493,5176653231.464851,22.367424590290298,-845471818.5455475,-0.1633240205093479,0.1633240205093479
2025-03-10,"Infrastructure, Services & Financial Products",623,4138374252.882024,8204597039.841281,595146452.7053007,3543227800.176723,7609450587.135981,12342971292.723305,23.236352611992405,-4066222786.959257,-0.3294362994554208,0.3294362994554208
2025-03-10,"Lending, Borrowing & Real World Assets",657,3357845305.48654,5014612999.394541,671664633.0675902,2686180672.4189496,4342948366.32695,8372458304.881081,22.84821338273144,-1656767693.908001,-0.19788306296397054,0.19788306296397054
2025-03-10,Privacy & Security,16,8674580.602279998,35943763.58582001,4193116.399679996,4481464.202600002,31750647.186140016,44618344.18810001,17.61365565950594,-27269182.983540013,-0.611165283690937,0.611165283690937
2025-03-10,Trading & Exchanges,1753,11222274835.860258,5218811441.172477,292608854.54552084,10929665981.314737,4926202586.626956,16441086277.032734,23.523049299697696,6003463394.687781,0.36515004504746623,-0.36515004504746623
2025-03-10,Primary Market Tokens,6123,11242685325.357044,11220411615.97481,0.0,11242685325.357044,11220411615.97481,22463096941.331856,23.83513966376505,22273709.382234573,0.0009915689470783161,-0.0009915689470783161
2025-03-10,Other / Unknown,905,4450425402.820129,3880431024.493799,1375419127.25169,3075006275.5684395,2505011897.2421093,8330856427.313929,22.843232100362997,569994378.3263302,0.06841966168778524,-0.06841966168778524
2025-03-17,Asset Management,998,2537076171.564782,1651872511.1497703,216462931.02278963,2320613240.5419927,1435409580.1269805,4188948682.7145524,22.155715628589093,885203660.4150119,0.21131881229955193,-0.21131881229955193
2025-03-17,"Infrastructure, Services & Financial Products",623,3916534055.7846255,5787034580.744216,535267945.4948802,3381266110.2897453,5251766635.249336,9703568636.528841,22.99575955557302,-1870500524.9595904,-0.19276418759157718,0.19276418759157718
2025-03-17,"Lending, Borrowing & Real World Assets",657,5902047317.029551,2101919816.47904,420001565.8393196,5482045751.190231,1681918250.6397204,8003967133.508591,22.80320314752611,3800127500.5505104,0.4747804978660251,-0.4747804978660251
2025-03-17,Privacy & Security,16,22881472.44511999,4515234.669920005,2703813.038400002,20177659.406719986,1811421.631520003,27396707.115039993,17.125933422353835,18366237.775199983,0.6703812139933216,-0.6703812139933216
2025-03-17,Trading & Exchanges,1752,15162889286.24891,6535789225.319032,513539644.32978123,14649349641.91913,6022249580.98925,21698678511.567944,23.800517197600122,8627100060.929878,0.3975864270411961,-0.3975864270411961
2025-03-17,Primary Market Tokens,6040,6912176801.14741,17746452998.8637,0.0,6912176801.14741,17746452998.8637,24658629800.011112,23.92839276951404,-10834276197.71629,-0.43937056866441976,0.43937056866441976
2025-03-17,Other / Unknown,930,3760959508.39673,4386980245.39145,1116237969.772909,2644721538.6238213,3270742275.618541,8147939753.788179,22.82103094141866,-626020736.99472,-0.07683178274651177,0.07683178274651177
2025-03-24,Asset Management,994,2143795546.442981,4946380689.931957,200423706.65688983,1943371839.786091,4745956983.275067,7090176236.374938,22.681976034357103,-2802585143.4889765,-0.3952772187961693,0.3952772187961693
2025-03-24,"Infrastructure, Services & Financial Products",622,10778325311.847956,4042822772.1426573,534225273.18693024,10244100038.661026,3508597498.955727,14821148083.990612,23.41932092243666,6735502539.705298,0.4544521451061405,-0.4544521451061405
2025-03-24,"Lending, Borrowing & Real World Assets",656,7316416140.396507,5847059784.32037,918093675.8155698,6398322464.580937,4928966108.5048,13163475924.716877,23.300711856061884,1469356356.0761375,0.11162373559077564,-0.11162373559077564
2025-03-24,Privacy & Security,16,3699742.83756,33887418.27141,1215337.2141200006,2484405.6234399993,32672081.057290003,37587161.10897,17.44217311678644,-30187675.433850005,-0.8031379477245452,0.8031379477245452
2025-03-24,Trading & Exchanges,1748,3668862231.522233,16167762958.618944,337224839.0765998,3331637392.4456334,15830538119.542345,19836625190.14118,23.710795823081313,-12498900727.09671,-0.6300920951669076,0.6300920951669076
2025-03-24,Primary Market Tokens,6024,20264436555.817986,10513650213.240278,0.0,20264436555.817986,10513650213.240278,30778086769.058266,24.15006880520751,9750786342.577707,0.3168093720620847,-0.3168093720620847
2025-03-24,Other / Unknown,945,5968244660.43555,8592216352.775156,1143807595.90738,4824437064.52817,7448408756.867776,14560461013.210705,23.40157554227761,-2623971692.3396063,-0.18021212995652247,0.18021212995652247
2025-03-31,Asset Management,997,1362976247.5286794,1335323586.083561,268145709.03749987,1094830538.4911795,1067177877.046061,2698299833.6122403,21.715887720733768,27652661.445118427,0.010248179650257599,-0.010248179650257599
2025-03-31,"Infrastructure, Services & Financial Products",624,2524834517.302199,7366812889.166103,558208176.635369,1966626340.66683,6808604712.530734,9891647406.468302,23.014956541759666,-4841978371.863905,-0.4895017152246713,0.4895017152246713
2025-03-31,"Lending, Borrowing & Real World Assets",655,4704119018.827364,3353637346.450772,721175000.1718806,3982944018.6554832,2632462346.278891,8057756365.278135,22.80990098824708,1350481672.3765922,0.16760021166636213,-0.16760021166636213
2025-03-31,Privacy & Security,16,9802598.913829997,17168769.166349992,6398017.208939999,3404581.704889998,10770751.957409993,26971368.08017999,17.110286456904262,-7366170.252519995,-0.2731107384179393,0.2731107384179393
2025-03-31,Trading & Exchanges,1749,9948803648.726656,6230066097.941969,455543343.71557015,9493260305.011086,5774522754.226398,16178869746.668625,23.50697189123374,3718737550.784687,0.22985150440131386,-0.22985150440131386
2025-03-31,Primary Market Tokens,5962,9872406255.108532,9597648218.877853,0.0,9872406255.108532,9597648218.877853,19470054473.986385,23.6921434542201,274758036.23067856,0.014111826784962424,-0.014111826784962424
2025-03-31,Other / Unknown,977,3177659701.5007014,3699945080.2213516,1061793867.7061301,2115865833.7945714,2638151212.5152216,6877604781.722054,22.651536286229938,-522285378.7206502,-0.07594001041011801,0.07594001041011801
2025-04-07,Asset Management,998,3208053419.595211,2002094563.988441,307541817.75447035,2900511601.8407407,1694552746.2339706,5210147983.5836525,22.373874096259097,1205958855.60677,0.2314634554347697,-0.2314634554347697
2025-04-07,"Infrastructure, Services & Financial Products",621,2018577891.062901,16752011346.995045,720303596.3995501,1298274294.663351,16031707750.595495,18770589238.057945,23.655557079649743,-14733433455.932144,-0.7849212014111766,0.7849212014111766
2025-04-07,"Lending, Borrowing & Real World Assets",653,6780293819.408665,5090182773.516741,715147342.4811499,6065146476.927515,4375035431.035591,11870476592.925406,23.19732019589299,1690111045.891924,0.14237937564353567,-0.14237937564353567
2025-04-07,Privacy & Security,16,40545558.05742,32363725.736170005,31012565.815240003,9532992.242179997,1351159.920930002,72909283.79359001,18.104726552292586,8181832.321249995,0.11221934842225566,-0.11221934842225566
2025-04-07,Trading & Exchanges,1747,23304521016.269787,2744024481.147113,476940834.1906097,22827580182.079178,2267083646.956503,26048545497.4169,23.983227768593363,20560496535.122673,0.7893145717929453,-0.7893145717929453
2025-04-07,Primary Market Tokens,5936,6070625739.242396,16842367826.63748,0.0,6070625739.242396,16842367826.63748,22912993565.879875,23.854969991260685,-10771742087.395084,-0.47011500511375637,0.47011500511375637
2025-04-07,Other / Unknown,1012,7479181231.484671,5438753957.10006,2150878212.06546,5328303019.41921,3287875745.0346003,12917935188.584732,23.28188250748146,2040427274.3846102,0.15795305090148515,-0.15795305090148515
2025-04-14,Asset Management,993,1646174725.5164306,1104362214.1308804,95753045.15300998,1550421680.3634207,1008609168.9778703,2750536939.647311,21.735061980710345,541812511.3855503,0.19698427008038089,-0.19698427008038089
2025-04-14,"Infrastructure, Services & Financial Products",616,3686262690.5201907,2400335440.910574,253162412.06790984,3433100278.452281,2147173028.8426642,6086598131.430765,22.529355163649658,1285927249.6096168,0.21127191607561188,-0.21127191607561188
2025-04-14,"Lending, Borrowing & Real World Assets",652,2735653005.0503335,2720827546.6084294,270633384.3873098,2465019620.663024,2450194162.22112,5456480551.658763,22.420069831442298,14825458.441904068,0.00271703679717087,-0.00271703679717087
2025-04-14,Privacy & Security,16,2735029.6063800068,5334584.462120002,1109204.5436400026,1625825.0627400042,4225379.9184799995,8069614.068500008,15.903616340037864,-2599554.8557399954,-0.322141162349689,0.322141162349689
2025-04-14,Trading & Exchanges,1738,3405042871.842419,4517428185.165972,192090021.5931506,3212952850.2492685,4325338163.572822,7922471057.00839,22.792968996383944,-1112385313.3235526,-0.14040888320311531,0.14040888320311531
2025-04-14,Primary Market Tokens,5905,5884367475.275593,6127092327.371191,0.0,5884367475.275593,6127092327.371191,12011459802.646784,23.209127014664876,-242724852.09559822,-0.020207772917169704,0.020207772917169704
2025-04-14,Other / Unknown,1010,3670402129.9398313,4155257629.102011,926306186.523941,2744095943.41589,3228951442.57807,7825659759.041842,22.780673884200713,-484855499.16217995,-0.061957140240089435,0.061957140240089435
2025-04-21,Asset Management,994,4765429875.970762,2511598385.908582,277014016.9128801,4488415859.057882,2234584368.9957023,7277028261.879345,22.707988410167957,2253831490.06218,0.30971866659758057,-0.30971866659758057
2025-04-21,"Infrastructure, Services & Financial Products",617,4078981271.1461573,12825147626.696915,762695517.6211696,3316285753.5249877,12062452109.075745,16904128897.843071,23.550823742576757,-8746166355.550758,-0.517398229060283,0.517398229060283
2025-04-21,"Lending, Borrowing & Real World Assets",651,10063242612.738476,2581416938.1863203,742212249.0463098,9321030363.692165,1839204689.1400104,12644659550.924797,23.260500793172863,7481825674.5521555,0.5916984672003253,-0.5916984672003253
2025-04-21,Privacy & Security,16,33031007.640750002,5429163.005890003,2078636.9101800025,30952370.73057,3350526.095710001,38460170.64664,17.46513376110611,27601844.634859998,0.7176734832629085,-0.7176734832629085
2025-04-21,Trading & Exchanges,1735,18681624772.75478,2673798966.7731404,652678625.8053199,18028946146.94946,2021120340.9678206,21355423739.52792,23.784571583727498,16007825805.98164,0.7495906426971,-0.7495906426971
2025-04-21,Primary Market Tokens,5981,3768036244.606491,24043253231.003765,0.0,3768036244.606491,24043253231.003765,27811289475.610256,24.04870787148917,-20275216986.397274,-0.7290282963750417,0.7290282963750417
2025-04-21,Other / Unknown,1009,7657995834.088289,4407697307.371091,2151273367.4394903,5506722466.648799,2256423939.9316006,12065693141.459381,23.21363198505361,3250298526.7171984,0.2693834899172701,-0.2693834899172701
2025-04-28,Asset Management,989,1706121676.0228312,824233196.43902,134287642.08202013,1571834033.9408112,689945554.3569999,2530354872.461851,21.65162539603991,881888479.5838112,0.348523635629732,-0.348523635629732
2025-04-28,"Infrastructure, Services & Financial Products",614,2426164263.0917306,6707222355.431747,289332240.9586398,2136832022.1330907,6417890114.473107,9133386618.523478,22.935202395909702,-4281058092.340017,-0.4687262535955257,0.4687262535955257
2025-04-28,"Lending, Borrowing & Real World Assets",651,4275448718.290755,1954898345.1747992,324695966.18542993,3950752752.1053247,1630202378.9893694,6230347063.465554,22.552697876776058,2320550373.1159554,0.372459246568068,-0.372459246568068
2025-04-28,Privacy & Security,16,7492571.310999999,3298778.378859995,1087171.7566199973,6405399.5543800015,2211606.6222399976,10791349.689859994,16.194255509183115,4193792.932140004,0.3886254317271053,-0.3886254317271053
2025-04-28,Trading & Exchanges,1736,8142212074.179163,4410325568.995553,316174073.71642065,7826038000.462742,4094151495.2791324,12552537643.174717,23.253188684807075,3731886505.18361,0.29730135939586494,-0.29730135939586494
2025-04-28,Primary Market Tokens,5906,5414052375.634191,8360805749.172094,0.0,5414052375.634191,8360805749.172094,13774858124.806286,23.346110892535346,-2946753373.537904,-0.21392259338274264,0.21392259338274264
2025-04-28,Other / Unknown,1006,3615975070.126914,3326682755.06451,1063615178.372891,2552359891.754023,2263067576.691619,6942657825.191423,22.660950510223728,289292315.06240416,0.04166881363686216,-0.04166881363686216
2025-05-05,Asset Management,991,14434218270.148054,7595189665.923563,655521639.3254604,13778696630.822594,6939668026.598103,22029407936.071617,23.815644122096366,6839028604.224491,0.3104499505420688,-0.3104499505420688
2025-05-05,"Infrastructure, Services & Financial Products",616,9012256960.079222,25358566200.6197,1370801511.9091396,7641455448.170082,23987764688.710564,34370823160.69892,24.260473877527144,-16346309240.54048,-0.475586783712284,0.475586783712284
2025-05-05,"Lending, Borrowing & Real World Assets",650,24171080149.83695,3580810608.878675,1095118091.539001,23075962058.297947,2485692517.339674,27751890758.715622,24.046569810302987,20590269540.958275,0.7419411426766227,-0.7419411426766227
2025-05-05,Privacy & Security,16,145109292.97369996,17227577.61323,15819793.21418,129289499.75951996,1407784.399050001,162336870.58692995,18.905184188364608,127881715.36046995,0.7877552086479974,-0.7877552086479974
2025-05-05,Trading & Exchanges,1736,43607385350.13609,5533835104.101218,1398640330.5596185,42208745019.57648,4135194773.5415998,49141220454.23731,24.617964040019945,38073550246.034874,0.7747782797028985,-0.7747782797028985
2025-05-05,Primary Market Tokens,5976,7611501559.219076,60475818265.95521,0.0,7611501559.219076,60475818265.95521,68087319825.174286,24.94405683344267,-52864316706.73613,-0.776419410287763,0.776419410287763
2025-05-05,Other / Unknown,1005,13803114378.133743,10223218537.43524,3209085004.882248,10594029373.251495,7014133532.552992,24026332915.568985,23.90241627066208,3579895840.6985035,0.14899884444615943,-0.14899884444615943
2025-05-12,Asset Management,992,1816098182.684461,1922948929.5226412,234468263.27931008,1581629919.4051511,1688480666.2433312,3739047112.2071023,22.042096633345313,-106850746.83818007,-0.028576999334760374,0.028576999334760374
2025-05-12,"Infrastructure, Services & Financial Products",613,6617412531.611489,3143477265.418457,612764913.7037488,6004647617.907741,2530712351.7147083,9760889797.029945,23.001649401046816,3473935266.1930323,0.3559035434710148,-0.3559035434710148
2025-05-12,"Lending, Borrowing & Real World Assets",651,3908064039.4652867,4970740206.911481,320798860.5841201,3587265178.8811665,4649941346.327361,8878804246.376768,22.906932728056503,-1062676167.4461942,-0.11968685624304054,0.11968685624304054
2025-05-12,Privacy & Security,16,14250668.466159979,6056230.057190007,2232238.87910001,12018429.58705997,3823991.178089997,20306898.523349985,16.82647126426411,8194438.408969972,0.4035297856808393,-0.4035297856808393
2025-05-12,Trading & Exchanges,1740,4843127377.230216,9862362222.976273,556315743.8063802,4286811633.4238358,9306046479.169893,14705489600.20649,23.41148670327784,-5019234845.746057,-0.3413170851295953,0.3413170851295953
2025-05-12,Primary Market Tokens,5949,11584996893.496489,7998092038.381828,0.0,11584996893.496489,7998092038.381828,19583088931.87832,23.69793222120146,3586904855.1146603,0.18316338487723044,-0.18316338487723044
2025-05-12,Other / Unknown,1001,4562943302.190083,5443216101.876314,1794058105.241911,2768885196.9481716,3649157996.634403,10006159404.066397,23.0264666808336,-880272799.6862316,-0.0879730937854636,0.0879730937854636
2025-05-19,Asset Management,990,3261741279.6507974,1092694561.2102711,172595110.19350022,3089146169.4572973,920099451.0167708,4354435840.861069,22.194460896232886,2169046718.440526,0.4981234763150414,-0.4981234763150414
2025-05-19,"Infrastructure, Services & Financial Products",613,4203631006.632913,3650600418.322597,393977879.4299504,3809653127.202963,3256622538.892647,7854231424.95551,22.784318258667035,553030588.3103161,0.070411802045093,-0.070411802045093
2025-05-19,"Lending, Borrowing & Real World Assets",665,6048253345.916549,3660614699.150981,602837351.9690003,5445415993.947548,3057777347.1819806,9708868045.06753,22.996305536353972,2387638646.765568,0.24592348311691992,-0.24592348311691992
2025-05-19,Privacy & Security,16,13790869.264309986,1864264.6306400015,819372.389200002,12971496.875109984,1044892.2414399995,15655133.894949988,16.566309529438193,11926604.633669984,0.7618334479730801,-0.7618334479730801
2025-05-19,Trading & Exchanges,1737,7476328617.8226385,7547347091.08797,287489453.17772025,7188839164.644918,7259857637.91025,15023675708.910608,23.432893174375756,-71018473.26533127,-0.0047271037155847215,0.0047271037155847215
2025-05-19,Primary Market Tokens,5930,8352353302.400547,12200082972.710127,0.0,8352353302.400547,12200082972.710127,20552436275.110672,23.746245324443763,-3847729670.30958,-0.18721525851264853,0.18721525851264853
2025-05-19,Other / Unknown,998,4678358837.347741,5881253251.922911,1585472521.2162507,3092886316.1314907,4295780730.70666,10559612089.270653,23.080302380673935,-1202894414.5751696,-0.11391464046273057,0.11391464046273057
2025-05-26,Asset Management,985,1686950022.9660997,2305440132.3877516,223932102.54764003,1463017920.4184597,2081508029.8401115,3992390155.3538513,22.107655925177497,-618490109.4216518,-0.15491725140947157,0.15491725140947157
2025-05-26,"Infrastructure, Services & Financial Products",615,11763275284.120926,3726665657.2284946,752854302.5268716,11010420981.594055,2973811354.701623,15489940941.34942,23.463456678737153,8036609626.892431,0.5188276480408784,-0.5188276480408784
2025-05-26,"Lending, Borrowing & Real World Assets",637,3901274134.1037455,4105245379.166033,651996339.5827994,3249277794.520946,3453249039.5832334,8006519513.269778,22.80352198602725,-203971245.06228733,-0.025475644532462722,0.025475644532462722
2025-05-26,Privacy & Security,16,4734645.348309996,15827163.584270047,2753916.0872399956,1980729.26107,13073247.497030051,20561808.932580043,16.838946026416945,-11092518.235960051,-0.5394719050415858,0.5394719050415858
2025-05-26,Trading & Exchanges,1735,4350624366.32348,18416900861.673344,533479364.22975063,3817145002.093729,17883421497.443592,22767525227.996822,23.848601025520132,-14066276495.349865,-0.6178219351681146,0.6178219351681146
2025-05-26,Primary Market Tokens,5868,14590590649.994368,7461203114.125377,0.0,14590590649.994368,7461203114.125377,22051793764.119743,23.816659785422594,7129387535.868991,0.3233019323565935,-0.3233019323565935
2025-05-26,Other / Unknown,986,4577738566.56804,4843905361.2597,1270883688.9504986,3306854877.6175413,3573021672.3092012,9421643927.82774,22.96627542504631,-266166794.69165993,-0.028250568237408173,0.028250568237408173
2025-06-02,Asset Management,993,1678276258.0594687,1408215334.0932808,90709258.70567,1587566999.3537989,1317506075.387611,3086491592.1527495,21.850300876046823,270060923.96618795,0.08749770278098419,-0.08749770278098419
2025-06-02,"Infrastructure, Services & Financial Products",615,5199412179.441785,2433032134.085272,142059057.54377016,5057353121.898015,2290973076.5415015,7632444313.527057,22.75567398671008,2766380045.356513,0.3624500791251933,-0.3624500791251933
2025-06-02,"Lending, Borrowing & Real World Assets",682,3869782259.846528,4718143290.575451,325056179.71997017,3544726080.126558,4393087110.855481,8587925550.421979,22.873623048017823,-848361030.7289228,-0.09878532664820755,0.09878532664820755
2025-06-02,Privacy & Security,16,8648302.670940004,11245460.856810039,5763265.753920004,2885036.9170200005,5482195.102890035,19893763.527750045,16.805916900279318,-2597158.1858700346,-0.13055137517077792,0.13055137517077792
2025-06-02,Trading & Exchanges,1739,5516447826.101664,7242453780.250121,211383417.87570015,5305064408.225964,7031070362.374421,12758901606.351784,23.269495030229336,-1726005954.1484575,-0.13527856922175788,0.13527856922175788
2025-06-02,Primary Market Tokens,5825,7920554727.396669,8865472649.417692,0.0,7920554727.396669,8865472649.417692,16786027376.814362,23.543812673596683,-944917922.0210228,-0.05629193261808849,0.05629193261808849
2025-06-02,Other / Unknown,993,4485366634.311461,3999925538.5498896,1059112683.4825386,3426253950.8289227,2940812855.067351,8485292172.861351,22.86160016920138,485441095.7615719,0.05720970897315311,-0.05720970897315311
2025-06-09,Asset Management,991,1988218870.4096284,4642905960.816673,142992032.20842016,1845226838.201208,4499913928.6082535,6631124831.226301,22.615040284706584,-2654687090.407045,-0.40033737231215877,0.40033737231215877
2025-06-09,"Infrastructure, Services & Financial Products",617,2825237519.2812157,7375872424.294807,297937513.4957804,2527300005.785435,7077934910.799027,10201109943.576023,23.045762369412067,-4550634905.013592,-0.446092134109316,0.446092134109316
2025-06-09,"Lending, Borrowing & Real World Assets",679,3929507924.719107,3023161804.3301272,570364506.46663,3359143418.252477,2452797297.8634973,6952669729.049234,22.662391556582637,906346120.3889799,0.13035943827478788,-0.13035943827478788
2025-06-09,Privacy & Security,16,26216706.643090047,6087084.219860009,3149299.081280008,23067407.56181004,2937785.138580001,32303790.862950057,17.290695176440387,20129622.423230037,0.6231349908322108,-0.6231349908322108
2025-06-09,Trading & Exchanges,1738,5143291750.777292,5510637402.682001,373704483.8985101,4769587266.878782,5136932918.783491,10653929153.459293,23.08919459575319,-367345651.90470886,-0.03447982867292045,0.03447982867292045
2025-06-09,Primary Market Tokens,5790,11190981431.994247,8461559720.347431,0.0,11190981431.994247,8461559720.347431,19652541152.34168,23.70147248768122,2729421711.6468163,0.13888390770888145,-0.13888390770888145
2025-06-09,Other / Unknown,985,7007294292.217738,3090524099.3514194,906445787.9692912,6100848504.248447,2184078311.3821282,10097818391.569157,23.03558523672638,3916770192.8663187,0.38788281200783903,-0.38788281200783903
2025-06-16,Asset Management,976,3031999234.84412,5095620198.759317,244147019.44006965,2787852215.4040504,4851473179.319248,8127619433.603437,22.818533905156286,-2063620963.9151974,-0.25390226262110754,0.25390226262110754
2025-06-16,"Infrastructure, Services & Financial Products",611,9040509353.287071,3967206197.4796696,578998157.97519,8461511195.311881,3388208039.5044794,13007715550.76674,23.288808522336172,5073303155.807402,0.3900226089667494,-0.3900226089667494
2025-06-16,"Lending, Borrowing & Real World Assets",633,3535516115.21268,8711949887.684807,634179351.7599101,2901336763.4527698,8077770535.924896,12247466002.897488,23.22858489571463,-5176433772.472127,-0.42265345102795093,0.42265345102795093
2025-06-16,Privacy & Security,16,9364864.097259996,52706297.67341997,8750819.712899998,614044.3843599986,43955477.96051997,62071161.770679966,17.943792071429773,-43341433.57615997,-0.6982539449846868,0.6982539449846868
2025-06-16,Trading & Exchanges,1721,2085608766.9888306,14714642321.370422,497127571.0020398,1588481195.9867907,14217514750.368383,16800251088.359253,23.54465966903913,-12629033554.381592,-0.751716952797934,0.751716952797934
2025-06-16,Primary Market Tokens,5690,21908109110.94966,4153081518.8567605,0.0,21908109110.94966,4153081518.8567605,26061190629.806423,23.983713095658015,17755027592.0929,0.6812822884533262,-0.6812822884533262
2025-06-16,Other / Unknown,970,3688382296.3393035,6604283319.894529,1356572263.7157497,2331810032.6235538,5247711056.17878,10292665616.233833,23.054697402538757,-2915901023.555226,-0.28329891713922956,0.28329891713922956
2025-06-23,Asset Management,974,4790556656.621995,2327423378.5651703,207073781.34142023,4583482875.280575,2120349597.22375,7117980035.187165,22.685889819336346,2463133278.0568247,0.34604385877461336,-0.34604385877461336
2025-06-23,"Infrastructure, Services & Financial Products",615,2160272689.211031,13321894449.179216,564848393.3054001,1595424295.9056308,12757046055.873816,15482167138.390247,23.462954691394096,-11161621759.968185,-0.720934069513521,0.720934069513521
2025-06-23,"Lending, Borrowing & Real World Assets",631,10016538047.23319,1496408126.1428807,545475545.0122002,9471062502.220991,950932581.1306804,11512946173.376072,23.166737993422984,8520129921.09031,0.7400477508349069,-0.7400477508349069
2025-06-23,Privacy & Security,16,55829599.98102002,6101023.897919999,5326292.040720001,50503307.94030002,774731.8571999986,61930623.878940016,17.94152536294795,49728576.08310002,0.8029723094717701,-0.8029723094717701
2025-06-23,Trading & Exchanges,1731,19367663269.011753,2825599128.2896996,371227198.4804295,18996436070.531322,2454371929.80927,22193262397.301453,23.823054584188537,16542064140.722054,0.7453642391365343,-0.7453642391365343
2025-06-23,Primary Market Tokens,5662,4326408619.770643,22331474959.58381,0.0,4326408619.770643,22331474959.58381,26657883579.354454,24.00635076296267,-18005066339.813164,-0.6754124454860109,0.6754124454860109
2025-06-23,Other / Unknown,975,5725315486.239392,4133683302.4103293,1382011634.7683394,4343303851.471053,2751671667.6419897,9858998788.649721,23.01165045777328,1591632183.829063,0.1614395353878577,-0.1614395353878577
2025-06-30,Asset Management,974,1544989962.8292897,1716970929.8102014,182565919.06820968,1362424043.76108,1534405010.7419918,3261960892.639491,21.905594352612148,-171980966.98091173,-0.05272318480855525,0.05272318480855525
2025-06-30,"Infrastructure, Services & Financial Products",612,3317895473.1140833,3040047585.6377234,247683682.5148906,3070211790.5991926,2792363903.122833,6357943058.751806,22.572970743709455,277847887.47635984,0.04370090843986059,-0.04370090843986059
2025-06-30,"Lending, Borrowing & Real World Assets",631,6598357818.642397,1515774327.2677898,289454326.00198996,6308903492.640407,1226320001.2658,8114132145.910187,22.81687308788227,5082583491.374607,0.6263865808417245,-0.6263865808417245
2025-06-30,Privacy & Security,16,8143120.157970009,3561485.3543799995,2310415.3882800043,5832704.769690005,1251069.9660999952,11704605.512350008,16.27549304128527,4581634.80359001,0.3914386348822897,-0.3914386348822897
2025-06-30,Trading & Exchanges,1735,2198111583.079093,6591149751.862009,186883226.93999997,2011228356.139093,6404266524.922009,8789261334.941101,22.896796510520936,-4393038168.782916,-0.4998188131371969,0.4998188131371969
2025-06-30,Primary Market Tokens,5677,6471805389.623771,6846400025.72164,0.0,6471805389.623771,6846400025.72164,13318205415.34541,23.312397764479357,-374594636.0978689,-0.02812650987243793,0.02812650987243793
2025-06-30,Other / Unknown,970,2695641166.0637593,3121040407.8566203,794998630.0657195,1900642535.9980397,2326041777.7909007,5816681573.92038,22.483995759947014,-425399241.792861,-0.07313435270381262,0.07313435270381262
2025-07-07,Asset Management,977,8095304202.762655,4166730764.137165,420699357.1405602,7674604845.622095,3746031406.996605,12262034966.89982,23.229773738011744,3928573438.62549,0.3203851113808022,-0.3203851113808022
2025-07-07,"Infrastructure, Services & Financial Products",611,3509897298.421194,18778372565.1379,680607382.4516013,2829289915.969593,18097765182.6863,22288269863.559097,23.827326361975846,-15268475266.716707,-0.685045333719706,0.685045333719706
2025-07-07,"Lending, Borrowing & Real World Assets",631,14225092774.527779,1923195214.7831092,450506178.10867953,13774586596.4191,1472689036.6744297,16148287989.310888,23.505079874204064,12301897559.744669,0.7618081599664138,-0.7618081599664138
2025-07-07,Privacy & Security,16,81619416.52708995,3549663.719710003,1994743.0768000036,79624673.45028995,1554920.6429099995,85169080.24679996,18.260149029772478,78069752.80737995,0.916644310131707,-0.916644310131707
2025-07-07,Trading & Exchanges,1734,40715096851.15207,3509082005.1393547,610648890.7175514,40104447960.43452,2898433114.4218035,44224178856.29143,24.512537509432466,37206014846.01271,0.8413048203091668,-0.8413048203091668
2025-07-07,Primary Market Tokens,5771,4138821821.069454,45812207997.97563,0.0,4138821821.069454,45812207997.97563,49951029819.04509,24.634308958846365,-41673386176.90617,-0.8342848251152,0.8342848251152
2025-07-07,Other / Unknown,966,7965775441.991665,4538469595.559037,1282104122.4833694,6683671319.508295,3256365473.075668,12504245037.550701,23.249334026686647,3427305846.4326277,0.27409138545672324,-0.27409138545672324
2025-07-14,Asset Management,977,13283660464.703749,6311620566.705202,587995666.8177307,12695664797.886019,5723624899.887471,19595281031.40895,23.698554610542057,6972039897.998547,0.35580198553024983,-0.35580198553024983
2025-07-14,"Infrastructure, Services & Financial Products",611,5487370791.659334,8844189591.380001,795452219.6222609,4691918572.037073,8048737371.75774,14331560383.039335,23.38572996218432,-3356818799.720667,-0.2342256327994326,0.2342256327994326
2025-07-14,"Lending, Borrowing & Real World Assets",629,18658815374.265522,4031257852.288031,480848460.7332096,18177966913.53231,3550409391.5548215,22690073226.553555,23.845193363038092,14627557521.977491,0.6446677089106646,-0.6446677089106646
2025-07-14,Privacy & Security,16,144617671.61428997,8482105.52023,4410309.081100002,140207362.53318995,4071796.439129999,153099777.13451996,18.846600411472846,136135566.09405997,0.8891950637814808,-0.8891950637814808
2025-07-14,Trading & Exchanges,1732,25795910788.093006,6115828091.448995,649820050.5774883,25146090737.51552,5466008040.871507,31911738879.542,24.186239769031143,19680082696.644012,0.6167035513461329,-0.6167035513461329
2025-07-14,Primary Market Tokens,5783,7031605615.075365,50156739674.76432,0.0,7031605615.075365,50156739674.76432,57188345289.83968,24.76961596091492,-43125134059.68896,-0.754089558652622,0.754089558652622
2025-07-14,Other / Unknown,961,9668184493.93627,4602047317.24076,1087893012.7221303,8580291481.21414,3514154304.5186296,14270231811.177029,23.381441513024797,5066137176.69551,0.355014357421125,-0.355014357421125
2025-07-21,Asset Management,978,3567648474.0350804,3234817069.2053995,327185278.98894036,3240463195.04614,2907631790.2164593,6802465543.24048,22.64055096344758,332831404.8296809,0.04892805449935885,-0.04892805449935885
2025-07-21,"Infrastructure, Services & Financial Products",608,3462844903.2330923,5154294945.819857,352820763.8076907,3110024139.4254017,4801474182.012166,8617139849.052948,22.877019062624733,-1691450042.5867643,-0.1962890323490178,0.1962890323490178
2025-07-21,"Lending, Borrowing & Real World Assets",629,7690469664.012486,4831406775.965691,990135785.1113203,6700333878.901166,3841270990.85437,12521876439.978176,23.250743066865645,2859062888.046796,0.22832543522940071,-0.22832543522940071
2025-07-21,Privacy & Security,16,16572203.074569993,12186371.562359948,6296439.685139999,10275763.389429994,5889931.877219949,28758574.63692994,17.174446563753747,4385831.512210045,0.15250517689350424,-0.15250517689350424
2025-07-21,Trading & Exchanges,1729,8101889356.970054,8198973539.589253,457732916.36506015,7644156440.604994,7741240623.224194,16300862896.559307,23.514483881858506,-97084182.61919975,-0.00595576953412029,0.00595576953412029
2025-07-21,Primary Market Tokens,5836,11009663127.10445,13750471552.2747,0.0,11009663127.10445,13750471552.2747,24760134679.37915,23.932500724181743,-2740808425.17025,-0.11069440698369314,0.11069440698369314
2025-07-21,Other / Unknown,960,7097730758.193928,5764668232.2064,1094531731.1828299,6003199027.011098,4670136501.02357,12862398990.400328,23.27757408512339,1333062525.9875278,0.10364027169289652,-0.10364027169289652
2025-07-28,Asset Management,978,5686966699.83568,9678174158.157814,580108350.99992,5106858348.83576,9098065807.157894,15365140857.993494,23.455367200010006,-3991207458.322134,-0.2597572970667409,0.2597572970667409
2025-07-28,"Infrastructure, Services & Financial Products",609,17723238253.389793,4353541604.869984,1132542044.84726,16590696208.542534,3220999560.0227237,22076779858.259777,23.817792208012225,13369696648.51981,0.605599944120369,-0.605599944120369
2025-07-28,"Lending, Borrowing & Real World Assets",627,5174774379.132139,16005995997.861485,721940362.7744797,4452834016.357659,15284055635.087006,21180770376.99362,23.776359549356854,-10831221618.729345,-0.5113705226932694,0.5113705226932694
2025-07-28,Privacy & Security,16,13048759.340340002,112762840.02586006,11576290.352200001,1472468.98814,101186549.67366005,125811599.36620006,18.650296110747163,-99714080.68552005,-0.7925666726108623,0.7925666726108623
2025-07-28,Trading & Exchanges,1731,4122265661.42583,33103945637.213417,868508735.8109825,3253756925.614847,32235436901.402435,37226211298.639244,24.340278954937084,-28981679975.787586,-0.7785288635281284,0.7785288635281284
2025-07-28,Primary Market Tokens,5789,41909188528.90727,8797953206.74568,0.0,41909188528.90727,8797953206.74568,50707141735.652954,24.649332600279212,33111235322.16159,0.652989582705676,-0.652989582705676
2025-07-28,Other / Unknown,959,6878223963.8634815,9455332801.020302,1806902519.5622003,5071321444.301281,7648430281.458101,16333556764.883783,23.51648752583927,-2577108837.1568203,-0.1577800153544914,0.1577800153544914
2025-08-04,Asset Management,977,15230165408.718382,5881288821.43543,539046847.3213304,14691118561.39705,5342241974.1140995,21111454230.153812,23.77308158469325,9348876587.282951,0.44283432516599486,-0.44283432516599486
2025-08-04,"Infrastructure, Services & Financial Products",609,4638024546.082804,14081548043.753054,972598470.9152007,3665426075.167603,13108949572.837852,18719572589.835857,23.65283547604909,-9443523497.67025,-0.5044732433045928,0.5044732433045928
2025-08-04,"Lending, Borrowing & Real World Assets",628,23801167369.829487,1884185345.0011091,699985397.121219,23101181972.708267,1184199947.87989,25685352714.830597,23.96918673313774,21916982024.828377,0.8532871737507275,-0.8532871737507275
2025-08-04,Privacy & Security,16,123088917.10199,10539315.354650004,8258465.308300003,114830451.79369,2280850.0463500004,133628232.45664,18.71057212500841,112549601.74734,0.8422591519637166,-0.8422591519637166
2025-08-04,Trading & Exchanges,1728,32437785993.54497,3264709608.0930943,746339744.1635619,31691446249.38141,2518369863.9295325,35702495601.63807,24.298486428124576,29173076385.451878,0.8171158876667822,-0.8171158876667822
2025-08-04,Primary Market Tokens,5757,4601938035.062168,57000791354.662186,0.0,4601938035.062168,57000791354.662186,61602729389.72435,24.84397201479528,-52398853319.60002,-0.8505930473973515,0.8505930473973515
2025-08-04,Other / Unknown,959,8266064963.834538,6975172745.874816,1030998151.5405899,7235066812.293948,5944174594.334226,15241237709.709354,23.447270598520657,1290892217.9597225,0.08469733512110805,-0.08469733512110805
2025-08-11,Asset Management,974,6052181085.126739,3533760527.9270716,185168927.63485003,5867012157.491888,3348591600.2922215,9585941613.05381,22.98356344691356,2518420557.199667,0.262720206199688,-0.262720206199688
2025-08-11,"Infrastructure, Services & Financial Products",611,4616949390.8384495,4535287630.637189,436193107.9334697,4180756282.9049797,4099094522.703719,9152237021.47564,22.93726416968333,81661760.20126057,0.008922601109394567,-0.008922601109394567
2025-08-11,"Lending, Borrowing & Real World Assets",628,10310628640.570332,7058316764.890054,1537518084.65677,8773110555.91356,5520798680.233284,17368945405.460384,23.57794970185372,3252311875.680278,0.18724866707553978,-0.18724866707553978
2025-08-11,Privacy & Security,16,65154833.38217001,2257716.000259996,1325652.5798999965,63829180.80227001,932063.4203599994,67412549.38243,18.02634176600253,62897117.38191001,0.9330179314996079,-0.9330179314996079
2025-08-11,Trading & Exchanges,1729,10461642956.060234,8038854728.449201,331569007.18307084,10130073948.877163,7707285721.2661295,18500497684.509434,23.641063470588268,2422788227.6110334,0.13095800280225148,-0.13095800280225148
2025-08-11,Primary Market Tokens,5783,11951948849.565613,23519548328.821133,0.0,11951948849.565613,23519548328.821133,35471497178.38675,24.291995314578568,-11567599479.25552,-0.3261097049578108,0.3261097049578108
2025-08-11,Other / Unknown,960,8441582460.914712,5212062519.733342,1209701219.51872,7231881241.395992,4002361300.2146225,13653644980.648054,23.33727235455335,3229519941.18137,0.23653170605788554,-0.23653170605788554
2025-08-18,Asset Management,962,970797802.5387197,2490424963.860489,89431562.14814001,881366240.3905797,2400993401.712349,3461222766.3992085,21.964887764567056,-1519627161.3217692,-0.4390434432807898,0.4390434432807898
2025-08-18,"Infrastructure, Services & Financial Products",604,4807683983.815827,1356463007.8290021,240388387.50041994,4567295596.315408,1116074620.3285823,6164146991.64483,22.542015601077253,3451220975.986825,0.5598862228082442,-0.5598862228082442
2025-08-18,"Lending, Borrowing & Real World Assets",620,431692019.1106903,3792039787.380619,127214461.39826997,304477557.71242034,3664825325.982349,4223731806.491309,22.16398488878996,-3360347768.269929,-0.7955873910141561,0.7955873910141561
2025-08-18,Privacy & Security,16,2095332.5756999932,24792286.48839998,2030557.201879993,64775.373820000095,22761729.286519986,26887619.06409997,17.107176517972604,-22696953.912699986,-0.8441414562810691,0.8441414562810691
2025-08-18,Trading & Exchanges,1726,931077520.9503207,7091701204.325911,143600355.45544004,787477165.4948807,6948100848.87047,8022778725.276232,22.805550673414405,-6160623683.375589,-0.7678915116985822,0.7678915116985822
2025-08-18,Primary Market Tokens,5245,9397169855.364506,763157147.023821,0.0,9397169855.364506,763157147.023821,10160327002.388327,23.041756463951675,8634012708.340685,0.8497770501196605,-0.8497770501196605
2025-08-18,Other / Unknown,955,793279532.5218607,1815217649.9693823,222685535.5539101,570593996.9679506,1592532114.4154723,2608497182.491243,21.68204010068347,-1021938117.4475216,-0.3917727511100934,0.3917727511100934
